   SW   perc perc perc  query            position in query    matching        repeat       position in repeat
score   div. del. ins.  sequence         begin end   (left)   repeat          class/family begin  end    (left)  ID

 7630   17.6  0.5  0.3  contig_10_pilon    109  1343 (1189) C ltr-1_family-12 LTR/Gypsy    (14)   7450   6214   1  
  951   18.4  0.0  0.0  contig_10_pilon   1347  1493 (1039) C ltr-1_family-12 LTR/Gypsy  (1615)   5849   5703   1 *
 1710   25.6  1.3  2.0  contig_10_pilon   1492  1886  (646) C ltr-1_family-12 LTR/Gypsy  (5785)   1679   1288   2  
 1115   21.6  0.5  0.5  contig_10_pilon   1893  2111  (421) + rnd-1_family-97 Unknown      3059   3277 (1342)   3  
 1964   17.8  0.9  3.4  contig_10_pilon   2114  2532    (0) C ltr-1_family-12 LTR/Gypsy  (6186)   1278    870   2  
 1374    9.7  1.0  0.5  contig_102_pilon     723    930 (175132) + rnd-1_family-75  Unknown          1    209   (11)   4  
13176    3.3  0.3  0.1  contig_102_pilon    1142   3260 (172802) + rnd-1_family-44  Unknown          1   1614    (0)   5  
 3951   19.3  0.5  0.0  contig_102_pilon    3258   3894 (172168) + ltr-1_family-15  LTR/Unknown    800   1439   (33)   6 *
 3233   14.1  0.0  0.0  contig_102_pilon    3914   4375 (171687) + ltr-1_family-12  LTR/Gypsy     1789   2250 (5214)   7  
25525   13.7  0.7  0.4  contig_102_pilon    4379   8099 (167963) + ltr-1_family-12  LTR/Gypsy     2984   6715  (749)   7  
 8025    5.8  1.8  0.1  contig_102_pilon    8099   9402 (166660) + rnd-1_family-57  Unknown          1   1044    (0)   8 *
 3021    6.2  4.8  0.5  contig_102_pilon    9840  10257 (165805) + rnd-1_family-94  Unknown          8    443    (0)   9  
 4834   14.0  0.9  0.8  contig_102_pilon   10259  11001 (165061) + ltr-1_family-12  LTR/Gypsy     6711   7454   (10)   7  
  627   21.8  0.0  2.0  contig_102_pilon   10995  11144 (164918) C rnd-2_family-247 Unknown      (429)    799    653  10 *
 1698   22.6  4.2  2.0  contig_102_pilon   11204  11632 (164430) C rnd-2_family-247 Unknown      (581)    647    210  10  
  571   22.8  5.2  1.1  contig_102_pilon   11640  11812 (164250) C rnd-2_family-247 Unknown      (946)    282    103  11  
 1419   12.2  1.8  0.4  contig_102_pilon   12580  12801 (163261) C rnd-1_family-17  Unknown        (4)    225      1  12  
  278   26.8  6.7  6.4  contig_102_pilon   13080  13310 (162752) C rnd-2_family-272 Unknown       (94)    685    360  13  
  342   19.8  1.9  2.9  contig_102_pilon   13311  13414 (162648) + rnd-2_family-50  Unknown        282    384  (112)  14  
  278   26.8  6.7  6.4  contig_102_pilon   13415  13451 (162611) C rnd-2_family-272 Unknown       (94)    359    305  13  
  681   24.1  2.1  3.9  contig_102_pilon   14009  14241 (161821) C rnd-2_family-190 Unknown      (210)    237      9  15  
  460   28.5  3.6  5.3  contig_102_pilon   15620  15867 (160195) + rnd-2_family-26  Unknown         27    270   (55)  16  
  411   26.8  3.2 13.4  contig_102_pilon   28830  28870 (147192) + rnd-2_family-195 Unknown         35    300  (252)  17  
  930   19.6  4.5  9.9  contig_102_pilon   28871  29273 (146789) C rnd-2_family-50  Unknown      (113)    383      1  18  
  411   26.8  3.2 13.4  contig_102_pilon   29274  29295 (146767) + rnd-2_family-195 Unknown        301    458   (94)  17  
  255   25.3  0.0  1.2  contig_102_pilon   29394  29477 (146585) C rnd-1_family-49  Unknown       (26)    117     35  19  
  385   12.3  0.0  0.0  contig_102_pilon   40190  40246 (135816) + rnd-2_family-48  Unknown          4     60  (168)  20  
 1038   19.4  1.9  2.2  contig_102_pilon   40325  40697 (135365) C rnd-2_family-247 Unknown      (567)    661    245  21  
 2867   13.3  0.0  0.0  contig_102_pilon   41479  41876 (134186) C rnd-1_family-11  Unknown        (0)    400      3  22  
 1460   10.5  0.5  0.9  contig_102_pilon   42076  42287 (133775) C rnd-1_family-17  Unknown        (6)    223     13  23  
  287   26.4  0.0  2.2  contig_102_pilon   49175  49267 (126795) C rnd-1_family-97  Unknown     (2049)   2570   2480  24  
  460   26.1  0.6 10.1  contig_102_pilon   50698  50859 (125203) C rnd-2_family-19  Unknown        (3)    241     94  25  
  578   27.7  3.2  3.2  contig_102_pilon   50949  51194 (124868) C rnd-2_family-26  Unknown       (56)    269     24  26  
  244   32.4  2.7  0.0  contig_102_pilon   51482  51592 (124470) + rnd-1_family-66  Unknown        142    255  (464)  27  
 3340    9.0  0.7  0.4  contig_102_pilon   52742  53198 (122864) C rnd-1_family-52  Unknown        (0)    458      1  28  
  372   21.5 13.5  1.6  contig_102_pilon   58383  58552 (117510) + rnd-2_family-26  Unknown         25    214  (111)  29  
  403   25.8  2.0  6.3  contig_102_pilon   66031  66179 (109883) C rnd-2_family-26  Unknown       (53)    272    130  30  
  733   19.5  8.2  8.6  contig_102_pilon   87924  88192  (87870) + rnd-3_family-310 Unknown        158    425  (127)  31  
  239   20.0  2.0  0.0  contig_102_pilon   88412  88461  (87601) + rnd-3_family-310 Unknown        453    503   (49)  31  
  561   16.6 23.4  0.5  contig_102_pilon  114035 114192  (61870) + rnd-2_family-436 Unknown         18    211    (0)  32  
  426   23.8  8.8  2.6  contig_102_pilon  115819 115999  (60063) + rnd-2_family-26  Unknown         42    233   (92)  33 *
  569   14.8  3.6  1.8  contig_102_pilon  115996 116105  (59957) + rnd-2_family-26  Unknown        153    264   (61)  34  
 7568   17.5  2.3  1.6  contig_102_pilon  130166 131478  (44584) + rnd-1_family-32  Unknown          5   2482   (57)  35  
  356   27.7  2.3  4.1  contig_102_pilon  131479 131651  (44411) C rnd-2_family-195 Unknown      (246)    306    137  36  
 7568   17.5  2.3  1.6  contig_102_pilon  131652 131679  (44383) + rnd-1_family-32  Unknown       2483   2538    (1)  35  
  403   32.8  0.0  0.6  contig_102_pilon  135536 135710  (40352) + rnd-1_family-32  Unknown        908   1081 (1458)  35  
  715   27.6  4.0  2.2  contig_102_pilon  136435 136783  (39279) + rnd-2_family-50  Unknown         31    385  (111)  37  
  618   29.4  4.6  3.3  contig_102_pilon  136922 137425  (38637) C rnd-3_family-9   Unknown       (51)    541     32  38  
 1085   24.0  0.7  1.3  contig_102_pilon  138490 138789  (37273) C rnd-1_family-13  Unknown     (2589)   3213   2916  39  
  546   24.1  2.2  2.2  contig_102_pilon  138788 138965  (37097) C rnd-1_family-51  Unknown      (352)   6962   6785  40 *
  806   27.8  2.7  3.3  contig_102_pilon  141358 141688  (34374) + rnd-1_family-5   Unknown        426    754  (283)  41  
  661   31.7  2.3  2.3  contig_102_pilon  141393 141776  (34286) C rnd-1_family-51  Unknown     (3198)   4116   3733  42 *
  852   30.3  4.2  2.5  contig_102_pilon  141864 142411  (33651) C rnd-1_family-51  Unknown     (3616)   3698   3142  42  
 2726   19.3  5.1  7.3  contig_102_pilon  142464 143107  (32955) + rnd-1_family-23  Unknown        287    917 (3492)  43 *
15170   13.3  0.7  3.1  contig_102_pilon  142548 145232  (30830) C rnd-1_family-23  Unknown        (0)   4409   1788  44  
38356    5.9  1.7  1.0  contig_102_pilon  145801 151325  (24737) + ltr-1_family-10  LTR/Gypsy        4   5564    (4)  45  
  225   21.7  0.0  0.0  contig_102_pilon  151293 151338  (24724) + ltr-1_family-26  LTR/Gypsy     1958   2003    (1)  46 *
 1403    5.6  1.5  1.0  contig_102_pilon  151327 151525  (24537) + ltr-1_family-9   LTR/Unknown     30    229  (264)  47  
  302   28.4  2.3  4.7  contig_102_pilon  152478 152651  (23411) + rnd-2_family-195 Unknown        137    306  (246)  48 *
11365   15.5  1.5  2.0  contig_102_pilon  152611 154777  (21285) C rnd-1_family-32  Unknown        (1)   2538    382  49  
  616   15.7 23.9  1.6  contig_102_pilon  154749 154949  (21113) C rnd-1_family-51  Unknown      (736)   6578   6334  50 *
15688   12.3  2.8  2.2  contig_102_pilon  154777 158976  (17086) + rnd-1_family-23  Unknown        112   4409    (0)  51  
 2709   19.0  5.3  7.5  contig_102_pilon  158417 159060  (17002) C rnd-1_family-23  Unknown     (3492)    917    287  52 *
  852   30.3  4.2  2.5  contig_102_pilon  159113 159660  (16402) + rnd-1_family-51  Unknown       3142   3698 (3616)  53  
  631   31.4  3.1  3.1  contig_102_pilon  159748 160131  (15931) + rnd-1_family-51  Unknown       3733   4116 (3198)  53 *
  744   26.7  3.3  4.0  contig_102_pilon  159836 160166  (15896) C rnd-1_family-5   Unknown      (283)    754    426  54  
  586   22.8  0.0  1.4  contig_102_pilon  161831 161977  (14085) + rnd-1_family-23  Unknown       3058   3202 (1207)  55 *
 1692   29.4  7.0  2.1  contig_102_pilon  161852 162730  (13332) C rnd-1_family-51  Unknown     (6392)    922      1  56  
  320   33.8  2.4  0.9  contig_102_pilon  163063 163274  (12788) + rnd-1_family-66  Unknown        143    357  (362)  57 *
 2346   19.8  2.6  0.2  contig_102_pilon  163159 163654  (12408) C rnd-1_family-13  Unknown     (2447)   3355   2848  58  
  423   25.8  3.2  0.0  contig_102_pilon  163655 163778  (12284) C rnd-1_family-5   Unknown      (634)    403    276  54  
  573   23.0  0.0  4.5  contig_102_pilon  163823 163986  (12076) C rnd-1_family-13  Unknown     (2955)   2847   2691  59  
 6060    9.7  5.5  0.0  contig_102_pilon  164210 165192  (10870) + rnd-1_family-5   Unknown          1   1037    (0)  60 *
14336    8.9  1.3  0.9  contig_102_pilon  165078 168165   (7897) C rnd-1_family-23  Unknown      (627)   6687   1967  61  
 2241   20.8 11.8  2.1  contig_102_pilon  168203 168988   (7074) C rnd-1_family-13  Unknown     (3703)   2099   1259  59  
  662   34.3  0.9  0.9  contig_102_pilon  169684 170107   (5955) C ltr-1_family-25  LTR/Copia   (2002)   2490   2067  62  
  585   32.8  2.3  2.3  contig_102_pilon  170691 171074   (4988) + rnd-1_family-51  Unknown       3733   4116 (3198)  63 *
  637   30.3  2.7  3.3  contig_102_pilon  170779 171109   (4953) C rnd-1_family-5   Unknown      (283)    754    426  64  
  590   22.8  0.0  1.4  contig_102_pilon  172794 172940   (3122) + rnd-1_family-23  Unknown       3058   3202 (1207)  65 *
 1740   28.4  7.3  2.4  contig_102_pilon  172815 173694   (2368) C rnd-1_family-51  Unknown     (6392)    922      1  66  
  284   32.9  4.5  2.9  contig_102_pilon  173973 174241   (1821) + rnd-1_family-66  Unknown         85    357  (362)  67 *
 2342   20.4  2.4  0.2  contig_102_pilon  174126 174622   (1440) C rnd-1_family-13  Unknown     (2447)   3355   2848  68  
  423   25.8  3.2  0.0  contig_102_pilon  174623 174746   (1316) C rnd-1_family-5   Unknown      (634)    403    276  64  
  555   25.1  0.5  5.8  contig_102_pilon  174791 174989   (1073) C rnd-1_family-13  Unknown     (2955)   2847   2659  69  
 5455    9.6  6.1  0.0  contig_102_pilon  175176 176060      (2) + rnd-1_family-5   Unknown          1    939   (98)  70  
 2357   15.7  0.3  0.0  contig_108_pilon      1   344 (37960) C ltr-1_family-12 LTR/Gypsy   (932)   6532   6188  71 *
 8369   16.3  2.0  0.8  contig_108_pilon    340  2308 (35996) C ltr-1_family-12 LTR/Gypsy  (1428)   6036   3962  71  
31329    4.9  0.0  0.1  contig_108_pilon   2311  6018 (32286) + rnd-1_family-15 DNA/MULE-F      1   3707    (0)  72  
27552   10.3  0.2  0.1  contig_108_pilon   2835  6592 (31712) C rnd-1_family-67 Unknown       (0)   4076    315  73 *
38716    9.0  1.6  0.9  contig_108_pilon   6594 12194 (26110) + rnd-1_family-47 LTR/Gypsy       1   5640    (0)  74 *
40537    8.5  1.7  1.0  contig_108_pilon   9959 18802 (19502) C rnd-1_family-41 LTR/Gypsy     (0)   6774      1  75  
  961   20.5  0.5  0.5  contig_108_pilon  19429 19639 (18665) C rnd-1_family-24 Unknown    (2798)   1750   1540  76  
  241   14.3  0.0  0.0  contig_108_pilon  22310 22344 (15960) + rnd-1_family-6  Unknown       630    664 (1149)  77  
  230    8.8  0.0  5.9  contig_108_pilon  22318 22353 (15951) + rnd-1_family-6  Unknown       299    332 (1481)  78 *
 2435   23.2  1.0  1.5  contig_108_pilon  24508 25103 (13201) + rnd-1_family-6  Unknown      1220   1812    (1)  79 *
 8237   24.6  2.8  1.8  contig_108_pilon  24707 27012 (11292) C rnd-1_family-61 Unknown     (488)   3510   1182  80 *
21828   11.1  0.9  0.5  contig_108_pilon  27010 30234  (8070) C rnd-1_family-47 LTR/Gypsy  (2402)   3238      1  81  
10031   16.5  1.7  1.1  contig_108_pilon  30229 32144  (6160) C rnd-1_family-35 Unknown     (373)   2259    334  82 *
23579    8.8  1.0  0.9  contig_108_pilon  32282 35530  (2774) C rnd-1_family-41 LTR/Gypsy  (3521)   3253      1  83  
  321   30.8  0.7  2.8  contig_108_pilon  37786 37932   (372) C ltr-1_family-29 LTR/Copia   (842)   2417   2274  84  
  381   22.5  0.0  1.1  contig_108_pilon  38190 38197   (107) + rnd-1_family-55 Unknown      3560   3646    (5)  85  
  476   13.8  0.0  0.0  contig_108_pilon  38198 38277    (27) C rnd-1_family-15 DNA/MULE-F (3621)     86      7  86  
 5489   12.0  3.1  1.8  contig_109_pilon    429  1418 (16907) C ltr-1_family-7  LTR/Unknown    (0)   1003      1  87  
65286    8.9  0.8  0.6  contig_109_pilon   1419 10974  (7351) C ltr-1_family-8  LTR/Gypsy      (0)   8600      1  88  
 1954    7.8  1.7  1.4  contig_109_pilon  15747 16034  (2291) + ltr-1_family-11 LTR/Unknown      1    289    (0)  89  
12003    6.0  5.7  0.9  contig_109_pilon  16035 17740   (585) + ltr-1_family-12 LTR/Gypsy        1   1787 (5677)  90  
 4728    5.1  0.8  0.2  contig_109_pilon  17741 18325     (0) + ltr-1_family-15 LTR/Unknown      2    590  (882)  91  
  375   32.7  3.1  0.0  contig_11_pilon    498   656 (16208) C rnd-1_family-5 Unknown     (635)    402    239  92  
21777   13.5  0.5  1.8  contig_11_pilon   9688 13005  (3859) C ltr-1_family-6 LTR/Gypsy  (2001)  11401   8128  93  
  239   26.8  0.0  0.0  contig_112_pilon   1441  1496 (4498) + rnd-2_family-247 Unknown         1167   1222    (6)  94  
13410    6.5  0.2  1.7  contig_112_pilon   3295  5029  (965) + rnd-1_family-89  DNA/TcMar-Tc1      1   1710    (0)  95  
  241   11.1  0.0  0.0  contig_112_pilon   5008  5043  (951) C rnd-1_family-89  DNA/TcMar-Tc1 (1674)     36      1  96 *
 7317    9.0  0.0  0.1  contig_112_pilon   5035  5994    (0) C rnd-1_family-30  DNA/TcMar-Tc1    (0)   1089    131  97  
  272   14.0  2.0  2.0  contig_114_pilon      3    53 (48326) + rnd-1_family-17  Unknown        173    223    (6)  98  
 1582    9.9  0.4  1.8  contig_114_pilon    103   328 (48051) C rnd-1_family-17  Unknown        (6)    223      1  99  
  276   28.5  5.7  8.1  contig_114_pilon   4450  4625 (43754) + rnd-3_family-399 Unknown         27    198  (745) 100 *
  590   30.8  3.4  4.6  contig_114_pilon   4512  4950 (43429) C rnd-3_family-399 Unknown       (43)    900    467 101  
 1976   21.4  8.1  0.4  contig_114_pilon   5871  6302 (42077) + ltr-1_family-9   LTR/Unknown     29    493    (0) 102  
  363   26.4  0.0  0.0  contig_114_pilon   6459  6568 (41811) C rnd-1_family-3   Unknown        (7)    110      1 103  
24590    6.0  1.4  0.8  contig_114_pilon   6894 10128 (38251) C rnd-1_family-41  LTR/Gypsy   (3521)   3253      1 104  
53989    4.8  1.1  0.6  contig_114_pilon  10130 16870 (31509) C rnd-1_family-41  LTR/Gypsy      (0)   6774      1 105  
  687   25.3  7.5  3.2  contig_114_pilon  18004 18269 (30110) + ltr-1_family-17  LTR/Gypsy     4121   4397  (828) 106  
 3261   27.8  3.0  3.0  contig_114_pilon  18960 20211 (28168) + rnd-1_family-93  Unknown          1   1252 (6487) 107  
 3039   26.6  3.9  3.5  contig_114_pilon  20329 21467 (26912) + rnd-1_family-93  Unknown       1453   2595 (5144) 107  
 1855   30.5  2.6  3.4  contig_114_pilon  21868 22906 (25473) + rnd-1_family-93  Unknown       3001   4031 (3708) 107  
  226    6.7  0.0  0.0  contig_114_pilon  23039 23068 (25311) + rnd-1_family-83  Unknown       4771   4800 (1035) 108  
 6679   21.3  0.7  0.4  contig_114_pilon  23113 24492 (23887) + rnd-1_family-93  Unknown       4160   5543 (2196) 107  
  235    0.0  0.0  0.0  contig_114_pilon  24603 24627 (23752) C rnd-1_family-93  Unknown      (116)   7623   7599 109  
 4208   27.2  2.9  2.9  contig_114_pilon  24731 26213 (22166) + rnd-1_family-93  Unknown       5803   7285  (454) 107  
  257    6.2  0.0  0.0  contig_114_pilon  26378 26409 (21970) C rnd-1_family-82  Unknown       (46)   5089   5058 110  
  246    6.7  0.0  0.0  contig_114_pilon  26651 26680 (21699) + rnd-1_family-82  Unknown       5054   5083   (52) 111 *
  260   16.1  1.1 23.3  contig_114_pilon  26657 26745 (21634) + rnd-1_family-93  Unknown       7551   7623  (116) 112  
  225    9.1  0.0  3.0  contig_114_pilon  26725 26758 (21621) + rnd-1_family-82  Unknown       5062   5094   (41) 111 *
  265    9.5  2.3  2.3  contig_114_pilon  26903 26945 (21434) C rnd-1_family-82  Unknown       (40)   5095   5053 113  
  243   18.6  0.0  0.0  contig_114_pilon  32070 32112 (16267) + rnd-1_family-83  Unknown       4614   4656 (1179) 114  
  225    3.9  0.0  0.0  contig_114_pilon  32411 32436 (15943) C rnd-1_family-83  Unknown      (895)   4940   4915 115  
14899   17.8  2.4  1.7  contig_114_pilon  32988 36378 (12001) + rnd-1_family-43  DNA/Sola-1       1   3068    (9) 116  
  409   25.7  4.1  4.8  contig_114_pilon  36563 36709 (11670) + rnd-1_family-90  Unknown         91    236 (2208) 117  
18237   10.2  0.6  0.1  contig_114_pilon  36712 39140  (9239) C rnd-1_family-90  Unknown        (0)   2444      4 118  
  425   19.7  0.0  0.0  contig_114_pilon  39140 39210  (9169) C ltr-1_family-17  LTR/Gypsy   (1034)   4191   4121 119 *
 3239   14.3  0.2  0.2  contig_114_pilon  41121 41589  (6790) + ltr-1_family-19  LTR/Copia      456    924 (3562) 120  
 2515    9.4  0.3  0.9  contig_114_pilon  41591 41923  (6456) C ltr-1_family-19  LTR/Copia   (4042)    444    114 121  
  286    9.8  0.0  0.0  contig_114_pilon  41919 41959  (6420) + ltr-1_family-20  LTR/Unknown    250    290    (0) 122 *
  661   12.0  0.0  0.0  contig_114_pilon  41960 42051  (6328) + ltr-1_family-19  LTR/Copia        1     92 (4394) 123  
  227   20.9  1.1  0.0  contig_114_pilon  42932 43022  (5357) + rnd-1_family-81  Unknown       2251   2342  (527) 124  
  254   28.1  5.0 10.0  contig_114_pilon  44378 44618  (3761) C rnd-1_family-57  Unknown      (708)    336    107 125  
  473   24.5  8.1  9.3  contig_114_pilon  48094 48376     (3) + rnd-2_family-323 Unknown          9    288   (91) 126  
12229   14.9  3.4  3.2  contig_115_pilon   1172  3353  (429) C ltr-1_family-17 LTR/Gypsy  (1015)   4210   2024 127  
 4672   12.2  1.9  0.5  contig_116_pilon   13843  14648 (530149) + rnd-1_family-68   DNA/Sola-1       1590   2406    (0) 128  
  301   15.4  0.0  0.0  contig_116_pilon   15673  15724 (529073) + rnd-2_family-26   Unknown           214    265   (60) 129  
  510   15.4 21.8  0.0  contig_116_pilon   16030  16185 (528612) + rnd-2_family-436  Unknown             1    190   (21) 130  
 1382   15.9  0.8  0.8  contig_116_pilon   33949  34214 (510583) + rnd-1_family-70   Unknown             1    266    (0) 131  
 3770   18.0  0.3  0.1  contig_116_pilon   35061  35812 (508985) + rnd-1_family-78   Unknown             1    753    (0) 132  
 9779   19.2  3.5  1.8  contig_116_pilon   35824  38019 (506778) C ltr-1_family-17   LTR/Gypsy       (966)   4259   2028 133  
  757    7.8  0.9  0.0  contig_116_pilon   38022  38136 (506661) C ltr-1_family-12   LTR/Gypsy         (7)   7457   7342 134 *
 2274    5.2  0.0  0.0  contig_116_pilon   38130  38418 (506379) C ltr-1_family-11   LTR/Unknown       (0)    289      1 135  
11102   22.7  1.1  0.1  contig_116_pilon   38433  40672 (504125) C rnd-1_family-26   Unknown        (2002)   2546    285 136  
  424   17.1  0.0  0.0  contig_116_pilon   41817  41892 (502905) + rnd-1_family-69   Unknown           141    216    (0) 137  
11316   10.1  1.5  0.2  contig_116_pilon   44315  45924 (498873) C ltr-1_family-6    LTR/Gypsy      (2001)  11401   9771 138  
 1497    5.5  0.9  0.0  contig_116_pilon   45925  46142 (498655) + rnd-1_family-75   Unknown             1    220    (0) 139  
11216   10.0  2.3  2.9  contig_116_pilon   54319  57777 (487020) + rnd-1_family-44   Unknown             1   1916    (0) 140  
 6944    6.0  1.4  1.1  contig_116_pilon   59933  60894 (483903) C rnd-1_family-44   Unknown         (369)   1245    282 141  
 7360   10.9  1.1  0.4  contig_116_pilon   65200  66297 (478500) C ltr-1_family-6    LTR/Gypsy      (3623)   9779   8674 142  
  260   11.4  0.0  0.0  contig_116_pilon   66306  66349 (478448) + rnd-1_family-31   Unknown            11     54 (2211) 143  
  607   16.8  0.8  0.0  contig_116_pilon   66617  66741 (478056) + rnd-1_family-70   Unknown             1    126  (140) 144  
11594   20.5  1.8  1.9  contig_116_pilon   68171  72450 (472347) + rnd-1_family-61   Unknown             1   3512  (486) 145  
  478   21.4  3.6  4.2  contig_116_pilon   75750  75915 (468882) C rnd-1_family-26   Unknown         (191)   4357   4193 146  
18006   18.5  2.2  1.4  contig_116_pilon   76115  80052 (464745) C rnd-1_family-26   Unknown         (577)   3971      2 146  
  728   26.0  3.7  4.9  contig_116_pilon   80326  80673 (464124) C rnd-1_family-31   Unknown        (1920)    345      2 147  
29403   10.9  1.3  0.9  contig_116_pilon   80678  85899 (458898) + rnd-1_family-56   LTR/Gypsy           1   6774    (0) 148 *
40644    6.4  1.6  1.8  contig_116_pilon   85539  91425 (453372) C ltr-1_family-23   LTR/Copia      (3524)   6485    612 149  
25402   12.8  1.6  1.3  contig_116_pilon   91197  95576 (449221) C rnd-1_family-47   LTR/Gypsy      (1250)   4390      1 150 *
  253   22.9 14.5  2.7  contig_116_pilon   95616  95911 (448886) C rnd-2_family-153  Unknown         (302)    447    118 151  
 2143   31.4  2.1  4.2  contig_116_pilon   96674  97934 (446863) + rnd-1_family-43   DNA/Sola-1       1206   2441  (636) 152  
  701   10.4  0.0  0.0  contig_116_pilon   98345  98450 (446347) C ltr-1_family-12   LTR/Gypsy        (15)   7449   7344 153  
 1891    5.8  1.4  2.5  contig_116_pilon   98451  98735 (446062) C ltr-1_family-11   LTR/Unknown       (6)    283      2 154  
  660   11.2  1.7  1.7  contig_116_pilon   98741  98858 (445939) C ltr-1_family-12   LTR/Gypsy         (3)   7461   7344 155 *
 2038    5.3  1.4  1.4  contig_116_pilon   98854  99141 (445656) C ltr-1_family-11   LTR/Unknown       (0)    289      2 156  
35294    8.2  1.5  1.1  contig_116_pilon   99143 104454 (440343) C ltr-1_family-12   LTR/Gypsy         (0)   7464   2129 157  
22871    6.4  1.6  0.8  contig_116_pilon  104459 107685 (437112) + rnd-1_family-41   LTR/Gypsy           1   3253 (3521) 158  
 2609    3.5  0.8  1.1  contig_116_pilon  107683 108034 (436763) C ltr-1_family-12   LTR/Gypsy      (5330)   2134   1784 157 *
10496    7.7  0.8  0.3  contig_116_pilon  108053 109502 (435295) C ltr-1_family-15   LTR/Unknown      (13)   1459      2 159  
13092    5.8  1.2  1.6  contig_116_pilon  109503 111296 (433501) C ltr-1_family-12   LTR/Gypsy      (5677)   1787      1 157  
 2614    0.7  0.0  0.0  contig_116_pilon  111297 111585 (433212) C ltr-1_family-11   LTR/Unknown       (0)    289      1 160  
 2098    5.5  0.0  0.0  contig_116_pilon  112157 112411 (432386) C rnd-1_family-36   Unknown           (0)    255      1 161  
  285   17.6  4.2  4.2  contig_116_pilon  114463 114533 (430264) C rnd-1_family-69   Unknown           (9)    207    137 162  
  245   10.3  0.0  7.7  contig_116_pilon  114574 114615 (430182) C rnd-1_family-69   Unknown         (176)     40      2 162  
  249    2.6  7.9  0.0  contig_116_pilon  125633 125670 (419127) C rnd-1_family-40   Unknown          (81)    301    261 163  
  413   33.8  2.1  2.1  contig_116_pilon  126825 127114 (417683) + rnd-1_family-66   Unknown            87    376  (343) 164  
  898   38.3  3.9  2.1  contig_116_pilon  127618 128397 (416400) C ltr-1_family-12   LTR/Gypsy       (522)   6942   6150 165  
  461   37.4  1.1  0.4  contig_116_pilon  128789 129062 (415735) C ltr-1_family-12   LTR/Gypsy      (1984)   5480   5205 165  
  839   37.6  5.8  1.2  contig_116_pilon  129241 129894 (414903) C ltr-1_family-12   LTR/Gypsy      (2805)   4659   3976 165  
  859   35.1  0.5  0.7  contig_116_pilon  131127 131554 (413243) + ltr-1_family-10   LTR/Gypsy         782   1208 (4360) 166  
 1764   30.6  1.5  1.9  contig_116_pilon  131597 132248 (412549) + ltr-1_family-10   LTR/Gypsy        3022   3671 (1897) 166  
 2011   30.7  1.7  1.6  contig_116_pilon  132363 133113 (411684) + ltr-1_family-10   LTR/Gypsy        3838   4589  (979) 166  
 2098    5.5  0.0  0.0  contig_116_pilon  134085 134339 (410458) + rnd-1_family-36   Unknown             1    255    (0) 167  
 1166    9.4  0.0  0.0  contig_116_pilon  139101 139260 (405537) + rnd-1_family-20   Unknown             1    160    (0) 168  
  287   35.1  8.8  0.7  contig_116_pilon  140660 140909 (403888) + rnd-1_family-97   Unknown          2209   2478 (2141) 169  
  429   26.0  1.4  7.7  contig_116_pilon  142876 143083 (401714) + rnd-2_family-108  Unknown            96    291   (10) 170  
  411   18.7  1.3  0.0  contig_116_pilon  146624 146698 (398099) C rnd-1_family-69   Unknown           (2)    214    139 171  
  241   13.9  0.0  0.0  contig_116_pilon  146923 146958 (397839) C rnd-1_family-69   Unknown         (176)     40      5 171  
 1072    9.6  0.6  0.0  contig_116_pilon  148063 148219 (396578) + rnd-1_family-20   Unknown             3    160    (0) 172  
  591   20.4 13.1  5.8  contig_116_pilon  148713 149193 (395604) + rnd-2_family-153  Unknown           136    505  (244) 173  
  280   29.4  5.0  2.7  contig_116_pilon  151623 151804 (392993) C ltr-1_family-2    LTR/Copia      (1196)   3302   3117 174  
 1287   13.3  1.0  0.0  contig_116_pilon  164712 164914 (379883) C ltr-1_family-12   LTR/Gypsy        (12)   7452   7248 175  
39918    5.7  0.9  0.8  contig_116_pilon  165216 170344 (374453) + rnd-1_family-82   Unknown             1   5135    (0) 176  
  261    9.4  0.0  0.0  contig_116_pilon  170406 170437 (374360) C rnd-1_family-82   Unknown          (48)   5087   5056 177  
  225   11.4  0.0  2.9  contig_116_pilon  170408 170443 (374354) C rnd-1_family-93   Unknown         (113)   7626   7592 178 *
 2887   29.4  3.0  3.0  contig_116_pilon  170845 172161 (372636) + rnd-1_family-64   Unknown          4623   5939  (536) 179  
15622   14.3  1.9  1.1  contig_116_pilon  179378 182737 (362060) + rnd-1_family-43   DNA/Sola-1          1   3070    (7) 180  
  517   20.0  1.1  0.0  contig_116_pilon  182738 182832 (361965) C ltr-1_family-12   LTR/Gypsy       (213)   7251   7156 181  
 3869    4.1  0.4  0.4  contig_116_pilon  182833 183294 (361503) + ltr-1_family-9    LTR/Unknown        32    493    (0) 182  
47049    3.1  1.1  0.4  contig_116_pilon  183295 188819 (355978) + ltr-1_family-10   LTR/Gypsy           1   5564    (4) 183  
 2715    6.3 16.5  0.4  contig_116_pilon  188821 189220 (355577) + ltr-1_family-9    LTR/Unknown        30    493    (0) 184 *
37228   12.6  0.5  0.6  contig_116_pilon  189220 194598 (350199) C ltr-1_family-12   LTR/Gypsy       (303)   7161   1786 181  
 9336   15.7  0.8  0.1  contig_116_pilon  194619 196066 (348731) C ltr-1_family-15   LTR/Unknown      (13)   1459      2 185  
 7182   16.9  3.0  3.7  contig_116_pilon  196067 197464 (347333) C ltr-1_family-12   LTR/Gypsy      (5677)   1787    399 181  
 2358    6.2  0.0  0.0  contig_116_pilon  197776 198064 (346733) C ltr-1_family-11   LTR/Unknown       (0)    289      1 186  
  451   25.6  2.6  0.0  contig_116_pilon  198575 198730 (346067) C rnd-3_family-333  Unknown           (6)    703    544 187  
 1088   22.0  0.0  0.0  contig_116_pilon  200480 200688 (344109) + rnd-1_family-97   Unknown          3059   3267 (1352) 188  
  273   35.5  2.2  4.8  contig_116_pilon  201279 201556 (343241) + rnd-1_family-89   DNA/TcMar-Tc1     813   1083  (627) 189  
  515   23.3  6.7  7.5  contig_116_pilon  201638 201892 (342905) + rnd-1_family-62   Unknown             1    253 (1383) 190  
  371   25.6  8.0  2.0  contig_116_pilon  202220 202406 (342391) + rnd-2_family-270  Unknown           325    522  (257) 191  
  343   23.8  3.7  3.1  contig_116_pilon  203074 203218 (341579) C rnd-1_family-49   Unknown           (0)    143     57 192  
  883   17.1 14.9  1.7  contig_116_pilon  205464 205671 (339126) + rnd-2_family-190  Unknown             4    238  (209) 193  
  322   22.2  0.0 11.5  contig_116_pilon  206083 206189 (338608) + rnd-2_family-190  Unknown           275    370   (77) 193  
  331   17.1  5.6  1.4  contig_116_pilon  207323 207393 (337404) C rnd-1_family-69   Unknown           (6)    210    137 194  
  427   24.3  0.5  1.0  contig_116_pilon  208003 208195 (336602) + rnd-1_family-3    Unknown             1    139    (4) 195  
  448   18.3  3.5  0.0  contig_116_pilon  208269 208383 (336414) C rnd-2_family-270  Unknown          (36)    743    625 196  
  272   10.0  0.0  0.0  contig_116_pilon  212863 212902 (331895) + rnd-1_family-52   Unknown             7     46  (412) 197 *
  355    6.4  0.0  0.0  contig_116_pilon  212899 212945 (331852) + rnd-1_family-52   Unknown           178    224  (234) 197  
  274   23.0  2.7  0.0  contig_116_pilon  213294 213367 (331430) C rnd-2_family-251  Unknown           (7)    142     67 198  
  264   20.3  3.3  1.6  contig_116_pilon  217738 217797 (327000) + rnd-2_family-48   Unknown             3     63  (165) 199  
  245   27.3  5.3  3.7  contig_116_pilon  244300 244481 (300316) + rnd-1_family-66   Unknown            34    362  (357) 200  
 1701   12.0  5.8  0.0  contig_116_pilon  245507 245765 (299032) C rnd-1_family-8    Unknown           (0)    416    143 201  
 2581    1.4  0.0  0.0  contig_116_pilon  245776 246064 (298733) + ltr-1_family-11   LTR/Unknown         1    289    (0) 202  
12941    5.9  1.4  1.6  contig_116_pilon  246065 247855 (296942) + ltr-1_family-12   LTR/Gypsy           1   1787 (5677) 203  
10468    6.4  1.4  0.6  contig_116_pilon  247857 249294 (295503) + ltr-1_family-15   LTR/Unknown         3   1452   (20) 204  
 5216   12.7  1.0  1.5  contig_116_pilon  249318 250214 (294583) + ltr-1_family-12   LTR/Gypsy        1784   2676 (4788) 203 *
 6118    3.6  0.4  0.7  contig_116_pilon  250211 250955 (293842) + ltr-1_family-12   LTR/Gypsy        6720   7462    (2) 205  
 2050    5.0  2.4  2.1  contig_116_pilon  250959 251246 (293551) + ltr-1_family-11   LTR/Unknown         1    289    (0) 206  
  848    2.8  0.0  0.0  contig_116_pilon  251242 251348 (293449) + ltr-1_family-12   LTR/Gypsy        7344   7450   (14) 207 *
  870   11.2  7.5  0.0  contig_116_pilon  251350 251483 (293314) C rnd-1_family-8    Unknown         (269)    147      4 201  
  414   25.3  7.7  0.6  contig_116_pilon  256661 256815 (287982) C rnd-1_family-5    Unknown         (635)    402    237 208  
  334   16.8  6.2  2.0  contig_116_pilon  264534 264630 (280167) C rnd-3_family-399  Unknown         (494)    449    349 209 *
 1402   15.9  9.1  0.3  contig_116_pilon  264630 264925 (279872) + rnd-3_family-399  Unknown           417    738  (205) 210  
 1219   10.3  3.1  0.0  contig_116_pilon  264930 265123 (279674) C rnd-3_family-399  Unknown         (743)    200      1 209  
  250   27.0  0.0  0.0  contig_116_pilon  279803 279899 (264898) C rnd-1_family-73   Unknown        (1984)    474    372 211  
 2720   17.6  0.6  0.0  contig_116_pilon  280394 280864 (263933) + ltr-1_family-10   LTR/Gypsy        2224   2697 (2871) 212  
  514   22.3  8.6  5.9  contig_116_pilon  280894 281241 (263556) C ltr-1_family-6    LTR/Gypsy      (1242)  12160  11804 213  
 2963   17.4  1.5  0.0  contig_116_pilon  281517 282034 (262763) + ltr-1_family-10   LTR/Gypsy        4353   4878  (690) 212  
  314   26.7  1.9  0.0  contig_116_pilon  282819 282923 (261874) C rnd-2_family-26   Unknown          (51)    274    168 214  
  530   25.9  3.0  6.2  contig_116_pilon  283413 283709 (261088) + rnd-1_family-62   Unknown             7    294 (1342) 215  
 1072   20.4  1.3  0.9  contig_116_pilon  283777 284004 (260793) + rnd-1_family-97   Unknown          3048   3276 (1343) 216  
  601   20.3  1.8 11.3  contig_116_pilon  284176 284397 (260400) C rnd-2_family-19   Unknown           (4)    240     38 217  
  548   21.0 12.9  0.4  contig_116_pilon  284496 284696 (260101) C rnd-2_family-399  Unknown           (1)    231      6 218  
  349   27.3  1.8  0.0  contig_116_pilon  284782 284891 (259906) C rnd-3_family-57   Unknown           (3)   1254   1143 219  
 1740   24.3  2.0  2.8  contig_116_pilon  286139 286679 (258118) C rnd-3_family-310  Unknown          (12)    540      4 220  
  602   14.3  0.9  0.0  contig_116_pilon  290308 290419 (254378) C ltr-1_family-12   LTR/Gypsy         (8)   7456   7344 221 *
 2250    4.2  0.3  0.0  contig_116_pilon  290415 290702 (254095) C ltr-1_family-11   LTR/Unknown       (0)    289      1 222  
11539    4.3  1.2  0.2  contig_116_pilon  290706 292186 (252611) C ltr-1_family-12   LTR/Gypsy         (2)   7462   5967 223  
  301   35.4  1.4  1.4  contig_116_pilon  293650 293858 (250939) C rnd-1_family-78   Unknown          (20)    733    525 224  
 2035    9.6  0.0  0.7  contig_116_pilon  296022 296304 (248493) C rnd-1_family-2    Unknown           (0)    281      1 225  
  288   25.8 11.8  3.3  contig_116_pilon  296460 296908 (247889) + rnd-2_family-272  Unknown           847   1332 (6739) 226  
  303   27.0 10.1  2.5  contig_116_pilon  297191 297745 (247052) + rnd-2_family-272  Unknown           780   1375 (6696) 227  
  409   26.7  8.3  3.2  contig_116_pilon  299561 299800 (244997) + rnd-2_family-26   Unknown            26    277   (48) 228  
  272   27.0  4.7  4.1  contig_116_pilon  310820 310843 (233954) + rnd-2_family-195  Unknown            48    218  (334) 229  
  625   19.9  2.0  0.0  contig_116_pilon  310844 310989 (233808) C rnd-2_family-50   Unknown         (111)    385    237 230  
  274   31.6  6.1  0.7  contig_116_pilon  311452 311731 (233066) C rnd-1_family-66   Unknown         (263)    456    162 231  
  232   22.6  4.5  3.6  contig_116_pilon  312945 313054 (231743) + rnd-1_family-44   Unknown          1120   1230  (384) 232  
  241   17.1  1.5  9.5  contig_116_pilon  325346 325481 (219316) + rnd-1_family-81   Unknown          2213   2338  (531) 233  
  919   24.4  6.7  2.3  contig_116_pilon  329095 329425 (215372) + rnd-3_family-310  Unknown           207    551    (1) 234  
  236   22.2  0.0  0.0  contig_116_pilon  333024 333068 (211729) + rnd-1_family-89   DNA/TcMar-Tc1       1     45 (1665) 235 *
12024   10.9  0.9  0.0  contig_116_pilon  333038 334731 (210066) C rnd-1_family-89   DNA/TcMar-Tc1     (0)   1710      1 236  
 1064   21.8  2.3  0.0  contig_116_pilon  362137 362356 (182441) + rnd-1_family-97   Unknown          3050   3274 (1345) 237  
  471   37.3  4.2  1.2  contig_116_pilon  364190 364591 (180206) + ltr-1_family-12   LTR/Gypsy        4483   4896 (2568) 238  
  439   36.3  0.5  0.5  contig_116_pilon  366103 366293 (178504) + ltr-1_family-12   LTR/Gypsy        5266   5456 (2008) 238  
 1543   22.3  0.6  1.1  contig_116_pilon  366300 366653 (178144) + rnd-1_family-55   Unknown          2690   3041  (612) 239  
  728   25.7  8.8  3.0  contig_116_pilon  368415 368970 (175827) C ltr-1_family-6    LTR/Gypsy     (12921)    481     18 240  
  391   14.8  4.8  2.4  contig_116_pilon  368902 368984 (175813) C ltr-1_family-5    LTR/Unknown       (1)    212    128 241 *
 2572    1.4  0.0  0.0  contig_116_pilon  368996 369284 (175513) + ltr-1_family-11   LTR/Unknown         1    289    (0) 242  
12639    5.9  3.6  1.5  contig_116_pilon  369285 371035 (173762) + ltr-1_family-12   LTR/Gypsy           1   1787 (5677) 243  
10167    7.3  1.9  0.5  contig_116_pilon  371037 372473 (172324) + ltr-1_family-15   LTR/Unknown         2   1459   (13) 244  
42156    6.0  1.1  1.0  contig_116_pilon  372492 378165 (166632) + ltr-1_family-12   LTR/Gypsy        1784   7462    (2) 243  
 2467    2.8  0.3  0.0  contig_116_pilon  378169 378456 (166341) + ltr-1_family-11   LTR/Unknown         1    289    (0) 245  
  866    2.8  0.0  0.0  contig_116_pilon  378452 378560 (166237) + ltr-1_family-12   LTR/Gypsy        7344   7452   (12) 246 *
  481   23.1  0.0  0.0  contig_116_pilon  378560 378693 (166104) C ltr-1_family-6    LTR/Gypsy      (8962)    134      1 240 *
 1111   10.1  0.6  0.0  contig_116_pilon  381114 381272 (163525) + rnd-1_family-20   Unknown             1    160    (0) 247  
  613   21.3  8.1  4.0  contig_116_pilon  381370 381748 (163049) + rnd-2_family-153  Unknown           137    483  (266) 248  
 1235   26.4  1.3  5.4  contig_116_pilon  385078 385541 (159256) + rnd-3_family-57   Unknown           104    549  (708) 249  
 1175   21.8  2.1  5.6  contig_116_pilon  385569 385899 (158898) + rnd-3_family-57   Unknown           753   1072  (185) 249  
  537   31.2  0.5  0.5  contig_116_pilon  387441 387646 (157151) C rnd-2_family-48   Unknown          (10)    218     13 250  
  370   22.1 12.2  0.0  contig_116_pilon  387772 387902 (156895) C rnd-2_family-26   Unknown          (51)    274    128 251  
  389   22.4  3.0  1.0  contig_116_pilon  394311 394409 (150388) + rnd-2_family-149  Unknown            24    124  (688) 252  
  608   28.1 10.1  1.8  contig_116_pilon  395265 395731 (149066) + rnd-1_family-34   Unknown            12    516  (448) 253  
 1522   29.9  5.6  1.7  contig_116_pilon  395739 396418 (148379) + rnd-1_family-57   Unknown           171    876  (168) 254  
  389   26.1 12.2  4.5  contig_116_pilon  399196 399424 (145373) C rnd-2_family-26   Unknown          (57)    268     23 255  
 2037   18.8  4.8  0.5  contig_116_pilon  406401 406795 (138002) + rnd-2_family-156  DNA/TcMar-Tc1       2    413 (1181) 256  
  490   22.3 12.9  1.4  contig_116_pilon  407079 407210 (137587) + rnd-2_family-251  Unknown             3    149    (0) 257  
 2374    3.8  0.7  0.3  contig_116_pilon  408999 409286 (135511) + ltr-1_family-11   LTR/Unknown         1    289    (0) 258  
12014    5.6  6.5  1.2  contig_116_pilon  409287 410984 (133813) + ltr-1_family-12   LTR/Gypsy           1   1787 (5677) 259  
11870    3.6  1.2  0.0  contig_116_pilon  410986 412429 (132368) + ltr-1_family-15   LTR/Unknown         3   1463    (9) 260  
42193    4.6  0.6  0.7  contig_116_pilon  412445 417730 (127067) + ltr-1_family-12   LTR/Gypsy        1784   7067  (397) 259  
  894    4.3  0.0  0.0  contig_116_pilon  417730 417845 (126952) + ltr-1_family-12   LTR/Gypsy        7344   7459    (5) 259 *
 2327    6.2  0.3  0.0  contig_116_pilon  419840 420127 (124670) + ltr-1_family-11   LTR/Unknown         1    289    (0) 261  
  699   10.4  0.9  0.0  contig_116_pilon  420123 420228 (124569) + ltr-1_family-12   LTR/Gypsy        7344   7450   (14) 262 *
43363    4.9  0.8  0.9  contig_116_pilon  428023 433516 (111281) C ltr-1_family-12   LTR/Gypsy       (213)   7251   1762 263  
11695    5.4  0.8  0.1  contig_116_pilon  433519 434965 (109832) C ltr-1_family-15   LTR/Unknown      (13)   1459      3 264  
12649    7.4  1.8  1.4  contig_116_pilon  434967 436746 (108051) C ltr-1_family-12   LTR/Gypsy      (5677)   1787      1 263  
 2465    3.5  0.0  0.0  contig_116_pilon  436747 437035 (107762) C ltr-1_family-11   LTR/Unknown       (0)    289      1 265  
 1748   35.4  2.5  3.8  contig_116_pilon  453968 455064  (89733) + ltr-1_family-32   LTR/Copia         236   1318 (1528) 266  
  723   15.3 14.6  0.0  contig_116_pilon  455170 455313  (89484) + rnd-1_family-74   Unknown           245    409    (1) 267  
  635   17.4  0.0  1.8  contig_116_pilon  455726 455836  (88961) + rnd-1_family-47   LTR/Gypsy           1    109 (5531) 268  
  679   24.1 16.8  0.0  contig_116_pilon  456062 456264  (88533) C rnd-1_family-41   LTR/Gypsy      (3845)   2929   2693 269  
  737   34.3  3.5  2.5  contig_116_pilon  456652 457082  (87715) + rnd-1_family-47   LTR/Gypsy        1331   1765 (3875) 270  
 1697   29.5  1.0  0.8  contig_116_pilon  457262 457824  (86973) + rnd-1_family-47   LTR/Gypsy        2030   2514 (3126) 271  
38324   11.1  0.4  0.4  contig_116_pilon  457846 463074  (81723) C ltr-1_family-12   LTR/Gypsy       (452)   7012   1786 272  
 4767   14.6  0.3  0.0  contig_116_pilon  463096 463779  (81018) C ltr-1_family-15   LTR/Unknown      (13)   1459    774 273  
 3590   18.8  1.0  0.5  contig_116_pilon  463779 464377  (80420) C ltr-1_family-15   LTR/Unknown     (869)    603      2 273 *
 4420   18.3 12.0  2.3  contig_116_pilon  464378 466007  (78790) C ltr-1_family-12   LTR/Gypsy      (5677)   1787      1 272  
 2204    7.0  1.4  0.7  contig_116_pilon  466008 466294  (78503) C ltr-1_family-11   LTR/Unknown       (0)    289      1 274  
 1515   35.1  4.6  3.5  contig_116_pilon  466550 468026  (76771) + ltr-1_family-4    LTR/Copia        3715   5207  (163) 275  
  340   25.8  4.6  0.6  contig_116_pilon  479169 479320  (65477) + rnd-3_family-9    Unknown            64    221  (371) 276  
  606   15.8  0.9  0.0  contig_116_pilon  479782 479895  (64902) C ltr-1_family-12   LTR/Gypsy         (6)   7458   7344 277 *
 1211   18.6  4.1  1.5  contig_116_pilon  479891 480157  (64640) C ltr-1_family-11   LTR/Unknown       (0)    289     16 278  
 1093   18.1  1.8  3.1  contig_116_pilon  483102 483329  (61468) C rnd-1_family-17   Unknown           (4)    225      1 279  
  802    5.4 13.8  6.8  contig_116_pilon  489976 490113  (54684) C rnd-2_family-1080 Unknown         (245)    147      1 280  
  304   16.2  4.0  2.6  contig_116_pilon  491936 492011  (52786) C rnd-3_family-310  Unknown         (223)    329    253 281  
  398   31.2  2.5  0.0  contig_116_pilon  494504 494663  (50134) C rnd-1_family-5    Unknown         (649)    388    225 282  
  607   22.8 12.7  1.4  contig_116_pilon  505721 505987  (38810) C rnd-2_family-50   Unknown         (198)    298      2 283  
  238   27.3  3.2  3.4  contig_116_pilon  505985 506221  (38576) C rnd-1_family-49   Unknown          (23)    120     11 284 *
  493   16.5  1.0  0.0  contig_116_pilon  506206 506302  (38495) C ltr-1_family-12   LTR/Gypsy        (12)   7452   7355 285  
  864   27.3  9.9  3.2  contig_116_pilon  506339 506917  (37880) C ltr-1_family-12   LTR/Gypsy      (6810)    654      1 286  
 1186   18.0  3.1  4.2  contig_116_pilon  506920 507209  (37588) C ltr-1_family-11   LTR/Unknown       (2)    287      1 287  
  625   16.9  0.0  9.2  contig_116_pilon  507632 507774  (37023) C rnd-2_family-195  Unknown         (227)    325    195 288  
  375   24.6  5.9  4.5  contig_116_pilon  507823 507975  (36822) C rnd-2_family-195  Unknown         (371)    181     27 288  
  462   20.9  1.1  1.1  contig_116_pilon  508117 508208  (36589) C rnd-3_family-331  Unknown           (4)     93      2 289  
  226   24.8  9.2  3.6  contig_116_pilon  513927 514056  (30741) + rnd-2_family-26   Unknown            25    161  (164) 290  
 2634   19.6  9.3  2.2  contig_116_pilon  514062 514779  (30018) + rnd-2_family-149  Unknown            17    784   (28) 291  
16968    0.4  0.0  0.0  contig_116_pilon  524341 526154  (18643) + rnd-2_family-430  Unknown             1   1814    (0) 292  
 2794    9.8  3.2  0.3  contig_116_pilon  530394 530773  (14024) C rnd-2_family-1080 Unknown           (0)    392      2 293  
  439   30.0  2.8  6.6  contig_116_pilon  531497 531857  (12940) C rnd-2_family-195  Unknown         (165)    387     40 294 *
  607   27.7  5.1  1.0  contig_116_pilon  531567 531861  (12936) + rnd-2_family-50   Unknown           120    426   (70) 295  
17023    0.3  0.0  0.0  contig_116_pilon  532352 534165  (10632) + rnd-2_family-430  Unknown             1   1814    (0) 296  
 2794    9.8  3.2  0.3  contig_116_pilon  538401 538780   (6017) C rnd-2_family-1080 Unknown           (0)    392      2 297  
  454   29.8  3.1  6.6  contig_116_pilon  539504 539863   (4934) C rnd-2_family-195  Unknown         (165)    387     40 298 *
  600   27.8  5.1  1.0  contig_116_pilon  539574 539867   (4930) + rnd-2_family-50   Unknown           121    426   (70) 299  
16983    0.3  0.1  0.0  contig_116_pilon  540359 542171   (2626) + rnd-2_family-430  Unknown             1   1814    (0) 300  
12360    5.5  0.1  0.0  contig_118_pilon     15  1479 (52987) + rnd-1_family-46 Unknown      5045   6511 (1006) 301  
28017    3.4  0.3  0.2  contig_118_pilon   1480  4711 (49755) + rnd-1_family-15 DNA/MULE-F      1   3237  (470) 302  
  369   18.3  1.0  6.4  contig_118_pilon   4684  4694 (49772) C rnd-1_family-55 Unknown       (0)   3653   3625 303 *
  419   11.9  0.0  0.0  contig_118_pilon   4695  4761 (49705) + rnd-1_family-15 DNA/MULE-F      7     73 (3634) 304  
  369   18.3  1.0  6.4  contig_118_pilon   4762  4782 (49684) C rnd-1_family-55 Unknown       (0)   3624   3560 303  
  372   28.0  0.7  2.8  contig_118_pilon   5079  5225 (49241) + ltr-1_family-29 LTR/Copia    2274   2417  (842) 305  
20520   18.1  1.2  0.6  contig_118_pilon   6199 10859 (43607) + rnd-1_family-61 Unknown         3   3998    (0) 306  
  241   10.8  0.0  2.6  contig_118_pilon  11083 11134 (43332) + rnd-1_family-6  Unknown       633    662 (1151) 307  
  773   20.2  4.7  4.7  contig_118_pilon  11316 11549 (42917) + rnd-1_family-24 Unknown        21    254 (4294) 308  
  345   24.5  9.2  2.7  contig_118_pilon  12822 13027 (41439) + rnd-1_family-24 Unknown        24    242 (4306) 309  
32134    8.7  0.6  0.3  contig_118_pilon  13061 18948 (35518) + rnd-1_family-67 Unknown         1   4541    (7) 308  
31559    4.2  0.1  0.1  contig_118_pilon  15764 19471 (34995) C rnd-1_family-15 DNA/MULE-F    (0)   3707      1 310 *
30969    4.8  0.8  0.2  contig_118_pilon  19473 23206 (31260) + rnd-1_family-61 Unknown        16   3771  (227) 311  
  710    6.7  0.0  0.0  contig_118_pilon  23192 23280 (31186) C rnd-1_family-15 DNA/MULE-F (3618)     89      1 312 *
 2813   31.2  0.7  0.8  contig_118_pilon  23283 24426 (30040) C rnd-1_family-67 Unknown    (1875)   2201   1059 313  
 1957   34.4  2.6  3.3  contig_118_pilon  24427 24610 (29856) + rnd-1_family-26 Unknown      2010   3328 (1220) 314  
 7809    3.2  1.5  0.0  contig_118_pilon  27844 28759 (25707) C rnd-1_family-55 Unknown       (0)   3653   2724 315 *
23463    9.6  1.0  0.9  contig_118_pilon  28759 32007 (22459) C rnd-1_family-41 LTR/Gypsy  (3521)   3253      1 316 *
38550    6.3  0.3  0.1  contig_118_pilon  32000 37891 (16575) C rnd-1_family-24 Unknown       (0)   4548      1 317  
  237   15.4  0.0  0.0  contig_118_pilon  38521 38559 (15907) C rnd-1_family-24 Unknown    (4316)    232    194 318  
33571    6.2  1.0  0.6  contig_118_pilon  39004 44078 (10388) C rnd-1_family-61 Unknown       (0)   3998      1 319  
  430   11.9  0.0  0.0  contig_118_pilon  44503 44569  (9897) C rnd-1_family-15 DNA/MULE-F (3634)     73      7 320  
  278   18.2  4.5  1.4  contig_118_pilon  44511 44577  (9889) C rnd-1_family-46 Unknown    (2400)   5117   5049 321 *
  280   34.0  1.6  1.6  contig_118_pilon  50204 50391  (4075) C rnd-1_family-86 Unknown     (554)    233     46 322  
  315   14.8  4.9  0.0  contig_118_pilon  52172 52232  (2234) C rnd-1_family-46 Unknown    (2410)   5107   5044 323  
 7728   17.7  0.4  0.3  contig_118_pilon  52323 53563   (903) C ltr-1_family-12 LTR/Gypsy    (14)   7450   6209 324  
  972   18.2  0.0  0.0  contig_118_pilon  53561 53708   (758) C ltr-1_family-12 LTR/Gypsy  (1614)   5850   5703 324 *
 1860   24.5  1.2  2.0  contig_118_pilon  53707 54118   (348) C ltr-1_family-12 LTR/Gypsy  (5785)   1679   1271 325  
 1112   22.0  0.5  0.0  contig_118_pilon  54125 54342   (124) + rnd-1_family-97 Unknown      3059   3277 (1342) 326  
  490   25.6  0.8  0.8  contig_118_pilon  54345 54466     (0) C ltr-1_family-12 LTR/Gypsy  (6186)   1278   1157 325  
 1317   22.1  1.8  3.4  contig_119_pilon       1    333 (351341) C ltr-1_family-12   LTR/Gypsy     (6595)    869    542 327  
  479   15.2  2.2  0.0  contig_119_pilon     677    768 (350906) C ltr-1_family-12   LTR/Gypsy     (7360)    104     11 327  
 1343   16.2  2.6  2.2  contig_119_pilon     822   1092 (350582) C ltr-1_family-11   LTR/Unknown      (2)    287     16 328  
  462   21.4  2.7 15.8  contig_119_pilon    2443   2592 (349082) C rnd-2_family-430  Unknown          (0)   1814   1682 329  
 1539   21.5  2.7  2.5  contig_119_pilon    9904  10385 (341289) + rnd-3_family-399  Unknown            2    484  (459) 330  
  444   17.6  1.8  0.9  contig_119_pilon   10574  10682 (340992) C ltr-1_family-11   LTR/Unknown     (82)    207     98 331 *
 2566   10.6  0.0  0.0  contig_119_pilon   10672  11021 (340653) C rnd-1_family-72   Unknown        (416)    350      1 332  
18953   15.0  0.4  0.0  contig_119_pilon   11193  14097 (337577) C rnd-1_family-26   Unknown       (1614)   2934     19 333  
 1392   23.1  0.8  0.6  contig_119_pilon   14759  15110 (336564) C rnd-1_family-31   Unknown       (1912)    353      1 334  
  370   33.3  3.1  0.0  contig_119_pilon   15602  15760 (335914) C rnd-1_family-5    Unknown        (635)    402    239 335  
  999    9.9 18.1  0.9  contig_119_pilon   27917  28109 (323565) C rnd-1_family-17   Unknown          (3)    226      1 336  
 1319   32.9  2.2  4.8  contig_119_pilon   30705  31562 (320112) C rnd-1_family-89   DNA/TcMar-Tc1   (73)   1637    801 337  
  425   27.3  2.1 12.4  contig_119_pilon   40061  40432 (311242) + rnd-1_family-62   Unknown            1    338 (1298) 338 *
  764   19.9  5.1  3.6  contig_119_pilon   40428  40703 (310971) + rnd-3_family-9    Unknown           41    320  (272) 339  
 1968   35.7  1.9  1.7  contig_119_pilon   53067  54396 (297278) C ltr-1_family-10   LTR/Gypsy      (397)   5171   3839 340  
 3349   31.8  1.6  0.7  contig_119_pilon   54519  55930 (295744) C ltr-1_family-10   LTR/Gypsy     (1903)   3665   2242 340  
  732   33.3  0.0  0.0  contig_119_pilon   56101  56397 (295277) C ltr-1_family-10   LTR/Gypsy     (3552)   2016   1720 340  
  313   28.2  8.1  3.2  contig_119_pilon   56505  56713 (294961) C ltr-1_family-10   LTR/Gypsy     (3969)   1599   1381 340  
  410   36.3  3.0  3.5  contig_119_pilon   56872  57302 (294372) C ltr-1_family-10   LTR/Gypsy     (4358)   1210    782 340  
  830   17.1  4.8  1.9  contig_119_pilon   59483  59691 (291983) + rnd-2_family-247  Unknown           67    281  (947) 341  
 1374   15.2 13.6  1.5  contig_119_pilon   59792  60152 (291522) + rnd-2_family-247  Unknown          246    649  (579) 342  
  592   10.4  1.0  0.0  contig_119_pilon   60207  60302 (291372) + rnd-2_family-247  Unknown          651    747  (481) 342  
  275   16.3  0.0  0.0  contig_119_pilon   60350  60398 (291276) + rnd-2_family-247  Unknown          867    915  (313) 342  
  278   17.0  2.7  0.0  contig_119_pilon   66520  66631 (285043) + rnd-1_family-81   Unknown         2222   2336  (533) 343  
  802   22.8  3.0  4.4  contig_119_pilon   67578  67948 (283726) C rnd-2_family-50   Unknown        (108)    388     23 344  
  339   26.3  2.9  9.2  contig_119_pilon   67822  68074 (283600) + rnd-2_family-272  Unknown          255    579 (7492) 345 *
  363   24.8  0.0  0.9  contig_119_pilon   68075  68180 (283494) C rnd-1_family-49   Unknown          (4)    139     35 346  
  339   26.3  2.9  9.2  contig_119_pilon   68181  68243 (283431) + rnd-2_family-272  Unknown          580    662 (7409) 345  
  392   19.8  0.9  2.7  contig_119_pilon   70409  70522 (281152) C rnd-2_family-270  Unknown        (351)    428    317 347  
  387   17.6  1.1  0.0  contig_119_pilon   71631  71721 (279953) C rnd-1_family-49   Unknown          (7)    136     45 348  
 2185   16.1  1.8  2.3  contig_119_pilon   73347  73740 (277934) C rnd-2_family-1080 Unknown          (0)    392      1 349  
 4940   12.2  0.2  3.1  contig_119_pilon   93610  94490 (257184) + rnd-1_family-33   Unknown            1    856    (1) 350  
  342   16.7  1.3  4.1  contig_119_pilon  111216 111290 (240384) C rnd-2_family-110  Unknown          (0)    807    735 351  
  255   24.6  0.0  9.9  contig_119_pilon  115978 116099 (235575) + rnd-3_family-399  Unknown            6    116  (827) 352  
  879   18.4  8.8  1.4  contig_119_pilon  116188 116513 (235161) + rnd-3_family-399  Unknown          551    939    (4) 352  
  708   20.4 14.5  1.2  contig_119_pilon  116322 116549 (235125) C rnd-3_family-399  Unknown        (684)    259      2 353 *
  247   26.8  3.1  8.8  contig_119_pilon  117039 117230 (234444) C rnd-1_family-44   Unknown        (383)   1231   1050 354  
 2515   21.3  1.7  3.2  contig_119_pilon  119582 120182 (231492) C rnd-2_family-156  DNA/TcMar-Tc1    (1)   1593   1002 355  
 4770   19.7  3.8  0.3  contig_119_pilon  120343 121308 (230366) C rnd-2_family-156  DNA/TcMar-Tc1  (589)   1005      6 355  
 5709   10.2  0.3  0.1  contig_119_pilon  123401 124246 (227428) + rnd-1_family-33   Unknown            1    848    (9) 356  
  300   15.2  1.6  1.6  contig_119_pilon  124220 124341 (227333) + rnd-1_family-81   Unknown         2217   2336  (533) 357 *
  450   29.1 10.9  1.2  contig_119_pilon  124433 124662 (227012) + rnd-2_family-26   Unknown           23    274   (51) 358  
  469   15.0  0.0  2.5  contig_119_pilon  125705 125786 (225888) + rnd-2_family-110  Unknown            1     80  (727) 359  
  580   22.8  5.4  0.6  contig_119_pilon  126488 126655 (225019) C rnd-2_family-399  Unknown          (1)    231     56 360  
 1327    8.6  0.5  0.0  contig_119_pilon  127519 127705 (223969) C rnd-1_family-79   Unknown          (4)    188      1 361  
 1518   11.5  0.4  0.4  contig_119_pilon  128127 128353 (223321) + rnd-1_family-17   Unknown            2    228    (1) 362  
 3114    8.9  0.0  3.1  contig_119_pilon  128761 129188 (222486) C rnd-1_family-8    Unknown          (0)    416      2 363  
  820   31.8  2.5  1.8  contig_119_pilon  134863 135186 (216488) + rnd-1_family-73   Unknown         1908   2233  (225) 364  
  560   19.3  1.8  0.0  contig_119_pilon  136131 136244 (215430) C ltr-1_family-12   LTR/Gypsy        (5)   7459   7344 365 *
 1132   18.2  4.1  2.2  contig_119_pilon  136240 136508 (215166) C ltr-1_family-11   LTR/Unknown      (0)    289     16 366  
12926   18.6  1.3  0.1  contig_119_pilon  136542 138674 (213000) C ltr-1_family-12   LTR/Gypsy       (14)   7450   5293 367  
 7605   18.3  1.2  0.3  contig_119_pilon  138685 139949 (211725) C ltr-1_family-12   LTR/Gypsy     (2626)   4838   3563 367  
  289   25.6  1.3  1.3  contig_119_pilon  140807 140885 (210789) + rnd-2_family-251  Unknown            7     85   (64) 368  
  914   25.7  6.2  2.7  contig_119_pilon  141982 142381 (209293) C rnd-3_family-333  Unknown        (101)    608    195 369  
  748   24.5  3.7  1.0  contig_119_pilon  145059 145248 (206426) + rnd-1_family-97   Unknown         3097   3291 (1328) 370  
  413   26.9  1.9  2.5  contig_119_pilon  157564 157723 (193951) C rnd-2_family-11   Unknown         (38)    193     35 371  
  313   29.1  1.5  1.5  contig_119_pilon  162385 162520 (189154) C rnd-2_family-50   Unknown        (119)    377    242 372  
  327   14.2  4.9  1.6  contig_119_pilon  163936 164057 (187617) + rnd-1_family-81   Unknown         2211   2336  (533) 373  
  228   15.3  4.6  0.0  contig_119_pilon  163953 164083 (187591) C rnd-1_family-81   Unknown        (511)   2358   2222 374 *
  561   17.5  6.7  2.1  contig_119_pilon  168977 169110 (182564) C rnd-2_family-26   Unknown         (66)    259    120 375  
  407   17.3  1.2  1.2  contig_119_pilon  169110 169191 (182483) C rnd-3_family-331  Unknown         (15)     82      1 376 *
  578   20.8  1.4  1.4  contig_119_pilon  179098 179243 (172431) C rnd-3_family-399  Unknown        (540)    403    258 377  
 2823   16.6  0.4  0.6  contig_119_pilon  179315 179846 (171828) + rnd-3_family-399  Unknown          413    943    (0) 378  
 1442   14.8  0.8  1.1  contig_119_pilon  179622 179888 (171786) C rnd-3_family-399  Unknown        (677)    266      1 377 *
  730   28.5  2.9  0.4  contig_119_pilon  180425 180667 (171007) + rnd-2_family-26   Unknown           24    272   (53) 379  
  583   11.1  1.1  0.0  contig_119_pilon  180902 180991 (170683) + rnd-1_family-52   Unknown          366    456    (2) 380  
  974   32.0  1.8  4.7  contig_119_pilon  187265 187658 (164016) C rnd-1_family-97   Unknown       (2041)   2578   2196 381  
  313   24.4  0.0  1.3  contig_119_pilon  188506 188584 (163090) + rnd-2_family-251  Unknown           69    146    (3) 382  
 2438   16.6  1.8  0.0  contig_119_pilon  189148 189532 (162142) + rnd-2_family-1080 Unknown            1    392    (0) 383  
 1097   22.0  5.3  1.9  contig_119_pilon  189512 189868 (161806) + rnd-2_family-270  Unknown          295    663  (116) 384 *
  517   19.7  0.7  1.4  contig_119_pilon  189966 190104 (161570) C rnd-1_family-4    Unknown          (3)    493    356 385  
  414   10.9  1.6  0.0  contig_119_pilon  190102 190165 (161509) + rnd-2_family-153  Unknown            1     65  (684) 386 *
 1281   20.6  2.0 10.5  contig_119_pilon  197889 198478 (153196) + rnd-2_family-153  Unknown           56    600  (149) 386  
  284   17.2  3.4  1.7  contig_119_pilon  200794 200852 (150822) + rnd-3_family-57   Unknown         1198   1257    (0) 387  
 1921   24.1  3.5  2.4  contig_119_pilon  202712 203254 (148420) + rnd-3_family-310  Unknown            4    552    (0) 388  
  377   14.8  5.5  0.9  contig_119_pilon  203359 203467 (148207) C rnd-1_family-81   Unknown        (530)   2339   2226 389  
  339   26.9  2.9  0.9  contig_119_pilon  203576 203680 (147994) C rnd-2_family-194  Unknown        (107)    109      3 390  
 1387   25.8  5.8  6.2  contig_119_pilon  203773 204310 (147364) + rnd-3_family-310  Unknown           15    550    (2) 391  
  737   21.3  0.0  3.2  contig_119_pilon  205288 205447 (146227) + rnd-2_family-190  Unknown          164    318  (129) 392  
 1304   14.6  0.9  1.8  contig_119_pilon  205852 206074 (145600) C rnd-1_family-17   Unknown          (4)    225      5 393  
 1433   32.3  2.1  2.6  contig_119_pilon  206983 207902 (143772) C rnd-1_family-34   Unknown         (49)    915      1 394  
  650   17.8  0.0  3.7  contig_119_pilon  207902 208041 (143633) + rnd-2_family-190  Unknown          313    447    (0) 392 *
  297   28.0  2.8  3.2  contig_119_pilon  208559 208564 (143110) + rnd-1_family-81   Unknown         2183   2187  (682) 395  
  268   25.4  5.2  0.8  contig_119_pilon  208565 208679 (142995) C rnd-2_family-50   Unknown        (303)    193     74 396  
  297   28.0  2.8  3.2  contig_119_pilon  208680 208827 (142847) + rnd-1_family-81   Unknown         2188   2333  (536) 395  
  255   29.9  2.3  0.0  contig_119_pilon  208973 209059 (142615) + rnd-3_family-57   Unknown          789    877  (380) 397  
  320   19.8  2.5  4.4  contig_119_pilon  209569 209701 (141973) + rnd-2_family-50   Unknown           13    186  (310) 398 *
  346   24.3  2.9 13.1  contig_119_pilon  209637 209981 (141693) C rnd-2_family-272  Unknown       (7404)    667    354 399 *
  614   24.7  9.1  7.4  contig_119_pilon  209855 210304 (141370) + rnd-2_family-50   Unknown            1    457   (39) 400  
  649   14.1  3.2 14.9  contig_119_pilon  210387 210494 (141180) C rnd-1_family-2    Unknown          (0)    281     36 401  
  498   15.7  7.1  9.7  contig_119_pilon  210495 210621 (141053) + rnd-1_family-37   Unknown           59    182   (16) 402  
  649   14.1  3.2 14.9  contig_119_pilon  210622 210634 (141040) C rnd-1_family-2    Unknown          (0)     35      2 401  
 4323    3.6  0.8  0.0  contig_119_pilon  212018 212518 (139156) C rnd-1_family-58   Unknown          (1)    505      1 403  
  276   13.5  4.4  9.3  contig_119_pilon  219469 219558 (132116) C rnd-2_family-26   Unknown         (56)    269    184 404  
  894   11.7 17.1  4.3  contig_119_pilon  225714 225900 (125774) C rnd-2_family-436  Unknown          (1)    210      1 405  
  233   16.1  0.0  0.9  contig_119_pilon  227745 227857 (123817) + rnd-1_family-81   Unknown         2218   2329  (540) 406 *
  274   16.6  0.9  1.0  contig_119_pilon  227769 227877 (123797) C rnd-1_family-81   Unknown        (533)   2336   2233 407  
  891   24.0  0.4  6.8  contig_119_pilon  233080 233312 (118362) C rnd-2_family-19   Unknown         (18)    226      8 408  
  259   14.9  0.0  0.0  contig_119_pilon  234358 234404 (117270) + rnd-1_family-31   Unknown            8     54 (2211) 409  
 5193   12.8  0.1  0.5  contig_119_pilon  235836 236613 (115061) + rnd-1_family-86   Unknown           13    787    (0) 410  
 5737    9.2  0.0  0.0  contig_119_pilon  237011 237774 (113900) + rnd-1_family-72   Unknown            3    766    (0) 411  
  270   34.9  1.4  1.4  contig_119_pilon  237904 238051 (113623) + rnd-1_family-61   Unknown         2037   2184 (1814) 412  
  299   34.5  4.9  1.9  contig_119_pilon  238355 238558 (113116) + rnd-1_family-61   Unknown         2621   2830 (1168) 412  
18679   15.5  2.2  0.8  contig_119_pilon  242157 245331 (106343) C rnd-1_family-26   Unknown         (91)   4457   1237 413  
12470    7.2  0.0  0.1  contig_119_pilon  245329 246881 (104793) C rnd-1_family-31   Unknown        (713)   1552      2 414 *
 2289   18.7  2.5  2.1  contig_119_pilon  247077 247601 (104073) C rnd-3_family-9    Unknown         (34)    558     32 415  
  451   28.3  2.0  8.3  contig_119_pilon  247629 247921 (103753) C rnd-3_family-57   Unknown        (229)   1028    753 416  
  481   24.8 14.9  5.7  contig_119_pilon  247971 248536 (103138) C rnd-3_family-57   Unknown        (505)    752     94 416  
  997   24.6  5.8  1.7  contig_119_pilon  250431 250827 (100847) + rnd-2_family-50   Unknown           11    423   (73) 417  
  260   27.1  1.5  0.8  contig_119_pilon  250817 250946 (100728) + rnd-2_family-270  Unknown          306    436  (343) 418 *
  987   15.9  5.5  1.8  contig_119_pilon  251600 251817  (99857) + rnd-2_family-247  Unknown           62    287  (941) 419  
 4326   19.9  0.4  7.5  contig_119_pilon  251845 252922  (98752) + rnd-2_family-247  Unknown          217   1222    (6) 420  
  309   30.7  3.0  4.2  contig_119_pilon  253430 253691  (97983) + rnd-3_family-57   Unknown           92    350  (907) 421  
  560   11.1  3.3  0.0  contig_119_pilon  254228 254317  (97357) + rnd-1_family-82   Unknown            1     93 (5042) 422 *
22292   11.2  1.4  0.5  contig_119_pilon  254311 257536  (94138) + rnd-1_family-41   LTR/Gypsy          1   3253 (3521) 423  
57016    3.9  0.6  0.3  contig_119_pilon  257537 264616  (87058) + rnd-1_family-64   Unknown            1   6475    (0) 422  
  449   23.6  5.4  2.2  contig_119_pilon  264602 264731  (86943) C rnd-1_family-64   Unknown         (33)   6442   6309 424 *
  317   20.8  9.4  5.0  contig_119_pilon  264652 264747  (86927) + rnd-1_family-64   Unknown         6309   6408   (67) 425 *
  294   24.0  0.0  2.8  contig_119_pilon  264774 264846  (86828) + rnd-1_family-64   Unknown         6319   6389   (86) 426 *
  336   25.1  8.6  7.0  contig_119_pilon  264826 265035  (86639) + rnd-1_family-64   Unknown         6249   6461   (14) 427  
 2034   21.2  0.9  0.4  contig_119_pilon  273511 273974  (77700) + rnd-1_family-43   DNA/Sola-1       483    948 (2129) 428  
22286   11.4  1.3  0.6  contig_119_pilon  273975 277205  (74469) C rnd-1_family-41   LTR/Gypsy     (3521)   3253      1 429  
 7857   22.2  1.4  1.6  contig_119_pilon  277198 279090  (72584) + rnd-1_family-43   DNA/Sola-1       936   2824  (253) 430 *
  277   12.5  0.0  0.0  contig_119_pilon  279552 279591  (72083) + rnd-1_family-68   DNA/Sola-1      2363   2402    (4) 431  
 2256   18.7  2.5  2.1  contig_119_pilon  280297 280821  (70853) + rnd-3_family-9    Unknown           32    558   (34) 432  
  307   23.6  7.7  5.9  contig_119_pilon  281158 281274  (70400) C rnd-1_family-44   Unknown        (384)   1230   1112 433 *
 4277   16.8  1.1  0.5  contig_119_pilon  281181 281994  (69680) + rnd-1_family-66   Unknown            1    719    (0) 434  
 1615   23.6  3.8  3.4  contig_119_pilon  281876 282397  (69277) C rnd-1_family-66   Unknown        (195)    524      1 435 *
  232   26.8  9.2  7.4  contig_119_pilon  282199 282436  (69238) + rnd-1_family-44   Unknown         1008   1249  (365) 436 *
 3620   10.0  0.2  0.3  contig_119_pilon  282857 283645  (68029) C rnd-1_family-33   Unknown          (0)    857      1 437  
19678   16.2  0.7  1.7  contig_119_pilon  283658 286951  (64723) C ltr-1_family-6    LTR/Gypsy     (2001)  11401   8140 438  
 4381    4.9  0.0  0.0  contig_119_pilon  287056 287564  (64110) C ltr-1_family-21   LTR/Gypsy     (1068)   4694   4186 439  
 3930    5.7  0.4  0.0  contig_119_pilon  287554 288027  (63647) C ltr-1_family-26   LTR/Gypsy        (0)   2004   1529 440 *
 4088   30.4  1.8  1.0  contig_119_pilon  288026 289475  (62199) C ltr-1_family-10   LTR/Gypsy      (294)   5274   3813 441  
 1983    3.9  0.0  0.4  contig_119_pilon  289478 289710  (61964) C ltr-1_family-26   LTR/Gypsy      (489)   1515   1284 442 *
 5717   28.8  1.4  1.3  contig_119_pilon  289706 291515  (60159) C ltr-1_family-10   LTR/Gypsy     (1893)   3675   1864 441  
  464   30.4  1.6  1.6  contig_119_pilon  291508 291701  (59973) C ltr-1_family-10   LTR/Gypsy     (3658)   1910   1717 441 *
 5664    5.3  0.0  0.0  contig_119_pilon  291837 292511  (59163) C ltr-1_family-26   LTR/Gypsy      (704)   1300    626 443  
24202    9.1  0.8  0.2  contig_119_pilon  293005 296205  (55469) C ltr-1_family-6    LTR/Gypsy     (2001)  11401   8182 444  
  366    8.8 14.7  0.0  contig_119_pilon  296234 296301  (55373) C rnd-1_family-47   LTR/Gypsy     (5562)     78      1 445  
 3323   11.1  0.4  0.4  contig_119_pilon  297208 297676  (53998) + ltr-1_family-6    LTR/Gypsy       8141   8609 (4793) 446  
45907    5.9  0.2  0.2  contig_119_pilon  297678 305405  (46269) + rnd-1_family-93   Unknown            1   7739    (0) 447  
  324   25.7  6.5  6.5  contig_119_pilon  305528 305681  (45993) + rnd-1_family-93   Unknown         7542   7695   (44) 448  
  239    3.6  0.0  0.0  contig_119_pilon  305658 305685  (45989) + rnd-1_family-93   Unknown         7551   7578  (161) 449 *
  259   11.9  0.0  2.4  contig_119_pilon  306078 306120  (45554) C rnd-1_family-93   Unknown        (104)   7635   7594 450  
16424   11.7  1.7  1.2  contig_119_pilon  306796 309322  (42352) + rnd-1_family-83   Unknown            1   2538 (3297) 451  
 2547    9.8  0.5  0.5  contig_119_pilon  310048 310415  (41259) + rnd-1_family-83   Unknown         2538   2905 (2930) 451  
12417   12.3  0.6  0.2  contig_119_pilon  310997 313830  (37844) + rnd-1_family-83   Unknown         2921   5835    (0) 451  
10542    8.2  0.3  0.2  contig_119_pilon  313691 315089  (36585) + rnd-1_family-43   DNA/Sola-1         1   1400 (1677) 452 *
43070    7.3  1.7  0.7  contig_119_pilon  315086 323906  (27768) + rnd-1_family-41   LTR/Gypsy          1   6774    (0) 453 *
43127    5.7  1.3  0.5  contig_119_pilon  321688 327280  (24394) C rnd-1_family-47   LTR/Gypsy        (0)   5640      1 454  
 2481    9.4  1.7  0.0  contig_119_pilon  327281 327630  (24044) + rnd-1_family-68   DNA/Sola-1      2051   2406    (0) 455  
19277   11.8  0.4  1.8  contig_119_pilon  327633 330465  (21209) + ltr-1_family-6    LTR/Gypsy       8607  11401 (2001) 456  
  364   26.3  2.2  2.7  contig_119_pilon  331835 332018  (19656) C rnd-2_family-270  Unknown        (283)    496    314 457  
  420   27.0 11.3  2.2  contig_119_pilon  332776 332987  (18687) + rnd-2_family-11   Unknown            1    231    (0) 458  
  234   25.7  5.0  9.1  contig_119_pilon  333301 333518  (18156) + rnd-1_family-74   Unknown            1    210  (200) 459  
  241   14.7  0.0  0.0  contig_119_pilon  333594 333627  (18047) C ltr-1_family-17   LTR/Gypsy     (5188)     37      4 460 *
 2604    0.0  0.0  0.0  contig_119_pilon  333627 333905  (17769) C ltr-1_family-16   LTR/Unknown      (0)    279      1 461  
29434    0.0  0.0  0.0  contig_119_pilon  333906 337109  (14565) C ltr-1_family-17   LTR/Gypsy        (0)   5225   2022 462  
 1515   34.6  2.5  2.6  contig_119_pilon  337109 338144  (13530) C ltr-1_family-14   LTR/Gypsy      (756)   4546   3512 463 *
 1982   32.9  2.6  2.3  contig_119_pilon  338140 339130  (12544) C ltr-1_family-14   LTR/Gypsy     (1952)   3350   2357 463  
11783    0.0  0.0  0.0  contig_119_pilon  339131 340389  (11285) C ltr-1_family-17   LTR/Gypsy     (3203)   2022    764 464  
 1049   34.0  1.3  1.1  contig_119_pilon  340390 340912  (10762) C ltr-1_family-14   LTR/Gypsy     (4248)   1054    531 463 *
 7129    1.3  0.4  0.0  contig_119_pilon  340887 341675   (9999) C ltr-1_family-17   LTR/Gypsy     (4433)    792      1 465  
 2112    9.4  0.0  0.4  contig_119_pilon  341676 341951   (9723) C ltr-1_family-16   LTR/Unknown      (4)    275      1 466  
  246   22.8  3.7  3.7  contig_119_pilon  341994 342075   (9599) + rnd-1_family-74   Unknown          326    407    (3) 459  
  472   25.4  3.8  3.3  contig_119_pilon  342760 342942   (8732) + rnd-2_family-270  Unknown          309    492  (287) 467  
  620   29.9  2.0  1.7  contig_119_pilon  343186 343519   (8155) + ltr-1_family-12   LTR/Gypsy        517    892 (6572) 468  
 1858   24.9  2.5  0.4  contig_119_pilon  343619 344131   (7543) + rnd-1_family-66   Unknown            1    524  (195) 469 *
 4883   13.8  1.1  0.1  contig_119_pilon  344018 344826   (6848) C rnd-1_family-66   Unknown          (0)    719      1 470  
  326   30.9  4.3  4.3  contig_119_pilon  344627 344856   (6818) + rnd-1_family-44   Unknown         1007   1236  (378) 471 *
  605   19.4  3.1  2.5  contig_119_pilon  345072 345230   (6444) C rnd-1_family-40   Unknown          (2)    380    221 472  
  953   24.2  8.5  1.3  contig_119_pilon  346339 346793   (4881) + rnd-3_family-310  Unknown            4    552    (0) 473  
 4252   13.8  0.8  5.3  contig_120_pilon     4373    5158 (1079772) + ltr-1_family-12   LTR/Gypsy        586   1337 (6127)  474  
 6297    7.8  0.5  0.1  contig_120_pilon     5187    6013 (1078917) + rnd-1_family-77   Unknown          844   1673 (1077)  475  
 2426   19.4  1.4  1.6  contig_120_pilon     6024    6469 (1078461) + ltr-1_family-12   LTR/Gypsy       1340   1784 (5680)  474  
 1804   20.4  1.2  0.3  contig_120_pilon     6466    6789 (1078141) + ltr-1_family-15   LTR/Unknown        4    330 (1142)  476 *
 1580   19.8 19.2  0.9  contig_120_pilon     6791    7279 (1077651) C ltr-1_family-12   LTR/Gypsy     (6886)    578      1  477  
 2121   10.4  0.7  0.0  contig_120_pilon     7280    7566 (1077364) C ltr-1_family-11   LTR/Unknown      (0)    289      1  478  
  814   22.1  5.9  0.8  contig_120_pilon     7586    7905 (1077025) + rnd-2_family-247  Unknown          801   1222    (6)  479  
 2709    7.8  0.2 16.1  contig_120_pilon     8887    9346 (1075584) + rnd-1_family-8    Unknown            4    400   (16)  480  
  456   16.7  0.0  1.3  contig_120_pilon     9984   10062 (1074868) + rnd-3_family-331  Unknown            5     82   (15)  481  
  764   20.8  0.6  1.9  contig_120_pilon    10102   10258 (1074672) + rnd-3_family-310  Unknown          398    552    (0)  482  
  526   24.1 18.7  1.0  contig_120_pilon    10554   10804 (1074126) + rnd-2_family-270  Unknown          314    608  (171)  483  
  230   22.2  2.3  6.4  contig_120_pilon    10822   10951 (1073979) C rnd-1_family-81   Unknown        (562)   2307   2183  484 *
  367   24.7 10.2  1.5  contig_120_pilon    10920   11111 (1073819) + rnd-2_family-195  Unknown          371    550    (2)  483 *
  754   22.5  4.4  6.6  contig_120_pilon    11012   11306 (1073624) C rnd-1_family-66   Unknown        (211)    508    220  485  
 1577   11.2  0.4  1.3  contig_120_pilon    11588   11814 (1073116) C rnd-1_family-17   Unknown          (4)    225      1  486  
 1252    8.4  3.6 15.5  contig_120_pilon    12183   12434 (1072496) + rnd-1_family-17   Unknown            1    226    (3)  487  
  543   24.8  2.6  2.0  contig_120_pilon    14256   14407 (1070523) C rnd-1_family-97   Unknown       (1415)   3204   3052  488  
  667   21.1  2.9  7.4  contig_120_pilon    15685   15925 (1069005) + rnd-3_family-9    Unknown            8    238  (354)  489  
  323   18.5  1.2  2.4  contig_120_pilon    15921   16003 (1068927) + rnd-2_family-399  Unknown          147    228    (4)  490 *
  572   26.7  0.0 15.3  contig_120_pilon    16024   16204 (1068726) C rnd-1_family-37   Unknown          (1)    197     41  491  
  439   28.5  6.0  8.8  contig_120_pilon    16025   16305 (1068625) + rnd-1_family-2    Unknown            2    275    (6)  492 *
 1058   17.0  1.0  6.8  contig_120_pilon    17049   17250 (1067680) C rnd-1_family-37   Unknown          (5)    193      3  493  
  491   24.8  0.6 13.4  contig_120_pilon    17101   17268 (1067662) + rnd-1_family-2    Unknown          130    278    (3)  494 *
  609   20.8  9.8  5.2  contig_120_pilon    23359   23561 (1061369) C rnd-2_family-108  Unknown          (8)    293     82  495  
  786   14.9 26.0  0.0  contig_120_pilon    25278   25427 (1059503) + rnd-2_family-436  Unknown            3    191   (20)  496  
  707   14.5  7.7 12.2  contig_120_pilon    25456   25651 (1059279) + rnd-2_family-194  Unknown           29    216    (0)  497  
  673   19.9  1.6  3.8  contig_120_pilon    28173   28389 (1056541) C rnd-2_family-149  Unknown        (440)    372    124  498  
 2086   21.8  0.9  0.2  contig_120_pilon    29694   30126 (1054804) + rnd-2_family-247  Unknown          787   1222    (6)  499  
  902   25.0  3.8  0.0  contig_120_pilon    30131   30370 (1054560) + rnd-2_family-156  DNA/TcMar-Tc1   1245   1493  (101)  500  
  450   19.7 38.8  3.9  contig_120_pilon    40656   40815 (1044115) C rnd-1_family-69   Unknown          (0)    216      1  501  
  842   24.0 25.5  2.1  contig_120_pilon    41852   42157 (1042773) + rnd-3_family-189  Unknown            1    376   (20)  502  
  430   21.3  2.2  1.1  contig_120_pilon    42821   42910 (1042020) + rnd-3_family-310  Unknown           26    116  (436)  503  
 1148   27.7  7.9  1.9  contig_120_pilon    43444   43748 (1041182) + rnd-3_family-189  Unknown           11    333   (63)  504  
  422   27.9  8.3  2.5  contig_120_pilon    44100   44521 (1040409) + rnd-1_family-49   Unknown            8    462  (257)  505  
  646   25.0  3.8  3.8  contig_120_pilon    45128   45393 (1039537) C rnd-2_family-270  Unknown        (167)    612    347  506  
  343   22.2 10.8  3.0  contig_120_pilon    45412   45504 (1039426) C rnd-2_family-323  Unknown        (279)    100      1  507  
  327   27.4  7.8  7.0  contig_120_pilon    45535   45789 (1039141) + rnd-1_family-96   Unknown          761   1017 (1700)  508  
  609   24.0  0.4 20.4  contig_120_pilon    49678   49954 (1034976) + rnd-2_family-247  Unknown           67    297  (931)  509 *
 2505   15.7  0.8  3.3  contig_120_pilon    49952   50353 (1034577) + rnd-2_family-1080 Unknown            1    392    (0)  510  
 1544   21.8  3.8  0.0  contig_120_pilon    50350   50689 (1034241) + rnd-2_family-247  Unknown          295    647  (581)  509 *
 1863   23.9  0.5  0.0  contig_120_pilon    50746   51142 (1033788) + rnd-2_family-247  Unknown          651   1049  (179)  509  
  991   23.9  1.4  0.4  contig_120_pilon    53364   53586 (1031344) C rnd-1_family-97   Unknown       (1333)   3286   3062  511  
 1547   10.8  0.0  1.4  contig_120_pilon    53861   54085 (1030845) C rnd-1_family-17   Unknown          (6)    223      2  512  
 2433   18.8  3.9  4.8  contig_120_pilon    59656   60433 (1024497) C rnd-2_family-110  Unknown         (34)    773      3  513  
 1808   19.9  1.8  2.0  contig_120_pilon    60460   60967 (1023963) C rnd-3_family-9    Unknown          (0)    592     86  514 *
 2604   13.8  0.2  2.4  contig_120_pilon    60965   61430 (1023500) + rnd-1_family-52   Unknown            3    458    (0)  515  
  509   22.5  4.1  1.1  contig_120_pilon    65321   65560 (1019370) + rnd-1_family-3    Unknown            8    465  (254)  516  
  404   26.2 18.2  3.7  contig_120_pilon    65505   65954 (1018976) C rnd-2_family-195  Unknown          (0)    552     39  517 *
 1137   16.5  3.0  5.8  contig_120_pilon    70854   71084 (1013846) C rnd-1_family-17   Unknown          (4)    225      1  518  
  375   14.7  2.7  0.0  contig_120_pilon    73271   73345 (1011585) + rnd-2_family-26   Unknown           24    100  (225)  519  
  427   16.5  3.0  8.7  contig_120_pilon    85292   85424  (999506) C rnd-2_family-108  Unknown        (132)    169     44  520  
  826   21.3 11.9  1.0  contig_120_pilon    87078   87482  (997448) + rnd-3_family-310  Unknown            4    452  (100)  521  
  281   27.1  5.8  4.5  contig_120_pilon    87863   88036  (996894) C rnd-1_family-66   Unknown        (398)    321    146  522  
 2682   12.7  1.4  0.9  contig_120_pilon    91961   92405  (992525) C rnd-1_family-52   Unknown         (11)    447      1  523  
  513   21.9  3.2 15.4  contig_120_pilon    93095   93283  (991647) C rnd-2_family-19   Unknown          (3)    241     73  524  
  494   22.5 22.4  2.3  contig_120_pilon    93368   93630  (991300) C rnd-3_family-310  Unknown          (2)    550    235  525  
  263   16.7 18.2  0.0  contig_120_pilon   108996  109061  (975869) + rnd-3_family-331  Unknown            2     79   (18)  526  
  384   21.1  6.9  2.2  contig_120_pilon   109105  109235  (975695) + rnd-2_family-26   Unknown          138    274   (51)  527  
  291   25.0  0.0  1.2  contig_120_pilon   109738  109822  (975108) C rnd-2_family-26   Unknown         (73)    252    169  528  
  377   22.1  1.0  1.0  contig_120_pilon   109848  109943  (974987) C rnd-3_family-331  Unknown          (1)     96      1  529  
  252   28.9  0.0  4.8  contig_120_pilon   109966  110096  (974834) + rnd-2_family-108  Unknown           45    169  (132)  530  
  258   20.0  1.1  1.1  contig_120_pilon   110610  110700  (974230) + rnd-1_family-81   Unknown         2244   2334  (535)  531  
  332   32.1  5.9  4.7  contig_120_pilon   111329  111599  (973331) + rnd-1_family-66   Unknown           79    352  (367)  532  
  598   22.6  4.1  3.7  contig_120_pilon   111764  112030  (972900) + rnd-2_family-50   Unknown            1    268  (228)  533  
  328   21.5  0.0  7.9  contig_120_pilon   112088  112183  (972747) + rnd-2_family-50   Unknown          289    377  (119)  533  
  556   23.1  5.6  6.5  contig_120_pilon   119483  119732  (965198) C rnd-2_family-108  Unknown         (12)    289     42  534  
  789   23.8  0.0  1.6  contig_120_pilon   122682  122877  (962053) + rnd-2_family-194  Unknown            1    193   (23)  535  
  303   28.6  7.1  0.0  contig_120_pilon   123291  123430  (961500) + rnd-1_family-5    Unknown          240    389  (648)  536  
  643   17.3 19.4  1.0  contig_120_pilon   124544  124718  (960212) C rnd-1_family-69   Unknown          (6)    210      4  537  
  234   10.8  0.0  0.0  contig_120_pilon   124800  124836  (960094) C rnd-2_family-108  Unknown        (220)     81     45  538  
  407   26.7  2.1  2.6  contig_120_pilon   125668  125859  (959071) C rnd-1_family-78   Unknown          (0)    753    563  539  
 1278   24.1  1.8  2.3  contig_120_pilon   126369  126857  (958073) + rnd-3_family-9    Unknown           67    553   (39)  540  
 1918    5.3  0.0  0.0  contig_120_pilon   127779  128024  (956906) C rnd-1_family-16   Unknown          (0)    246      1  541  
 2955   20.6  2.1  3.7  contig_120_pilon   128314  129133  (955797) + rnd-2_family-110  Unknown            1    807    (0)  542  
  602   24.6 11.2  0.5  contig_120_pilon   129640  129827  (955103) + rnd-2_family-436  Unknown            1    208    (3)  543  
  232   15.9  0.0  0.0  contig_120_pilon   130031  130074  (954856) + rnd-2_family-270  Unknown          344    387  (392)  544  
  494   23.9  1.9 11.6  contig_120_pilon   130091  130298  (954632) + rnd-2_family-19   Unknown           55    244    (0)  545  
  691   19.5  9.7  2.5  contig_120_pilon   132645  132870  (952060) C rnd-2_family-19   Unknown          (2)    242      1  546  
  271   27.7  0.9  4.7  contig_120_pilon   137978  138087  (946843) C rnd-2_family-251  Unknown          (4)    145     40  547  
  843   19.8  6.5  1.8  contig_120_pilon   141891  142106  (942824) C ltr-1_family-3    LTR/Unknown      (0)    254     29  548  
25745   14.6  1.6  0.1  contig_120_pilon   142115  146158  (938772) C ltr-1_family-4    LTR/Copia        (0)   5370   1266  549  
20662    9.9  1.3  0.6  contig_120_pilon   146159  149373  (935557) C rnd-1_family-47   LTR/Gypsy     (2402)   3238      1  550  
 1212   15.2  0.0  0.0  contig_120_pilon   149376  149566  (935364) C ltr-1_family-4    LTR/Copia     (4102)   1268   1078  549  
  859   11.7  2.5  0.0  contig_120_pilon   149889  150051  (934879) C ltr-1_family-4    LTR/Copia     (5203)    167      1  549  
  878   17.9  7.7  1.7  contig_120_pilon   150052  150273  (934657) C ltr-1_family-3    LTR/Unknown      (0)    254     20  551  
  500   26.4  4.2  4.2  contig_120_pilon   151081  151341  (933589) + rnd-3_family-310  Unknown          215    475   (77)  552  
 2738   12.0  2.9  1.5  contig_120_pilon   151495  151944  (932986) + rnd-1_family-52   Unknown            3    458    (0)  553  
  832   18.0  8.6  2.4  contig_120_pilon   152559  152791  (932139) C rnd-2_family-26   Unknown         (55)    270     24  554  
  840   19.2 23.4  0.0  contig_120_pilon   155092  155305  (929625) + rnd-1_family-2    Unknown           18    281    (0)  555  
  607   24.6  0.5  5.8  contig_120_pilon   157815  158016  (926914) + rnd-1_family-4    Unknown           35    210  (286)  556  
  764   26.7  4.5  2.3  contig_120_pilon   162765  163143  (921787) C rnd-2_family-50   Unknown        (105)    391      5  557  
  431   27.3  1.8 10.6  contig_120_pilon   162978  163366  (921564) + rnd-2_family-272  Unknown          309    666 (7405)  558 *
  296   26.2  0.0  0.2  contig_120_pilon   163274  163383  (921547) C rnd-1_family-49   Unknown         (32)    111     15  559 *
  412   31.3  2.5  0.0  contig_120_pilon   163404  163566  (921364) + rnd-1_family-5    Unknown          236    402  (635)  560  
 1475   22.5  2.9  2.4  contig_120_pilon   165937  166355  (918575) + rnd-2_family-156  DNA/TcMar-Tc1     49    469 (1125)  561  
 1532   19.1 14.2  0.2  contig_120_pilon   166777  167148  (917782) + rnd-2_family-156  DNA/TcMar-Tc1    468    891  (703)  562  
  264   30.8  7.5  0.0  contig_120_pilon   167145  167290  (917640) + rnd-1_family-5    Unknown          233    389  (648)  563 *
  826   23.2  0.5  1.5  contig_120_pilon   167307  167512  (917418) + rnd-2_family-156  DNA/TcMar-Tc1    890   1093  (501)  564  
  712   18.8  5.4  1.6  contig_120_pilon   167490  167673  (917257) + rnd-2_family-156  DNA/TcMar-Tc1   1403   1593    (1)  565 *
16456   17.2  1.2  2.5  contig_120_pilon   167699  170984  (913946) + rnd-1_family-47   LTR/Gypsy          1   3246 (2394)  566  
  654   17.2  2.2  1.5  contig_120_pilon   170981  171116  (913814) C rnd-1_family-37   Unknown         (15)    183     47  567 *
  538   17.2  8.1  1.9  contig_120_pilon   171103  171250  (913680) C rnd-1_family-37   Unknown         (41)    157      1  568 *
  465   12.8  4.9 10.3  contig_120_pilon   176528  176649  (908281) + rnd-2_family-26   Unknown          115    230   (95)  569  
  635   26.0  0.0 14.1  contig_120_pilon   177214  177432  (907498) C rnd-1_family-97   Unknown       (1342)   3277   3086  570  
 4275    4.0  0.2  0.4  contig_120_pilon   177435  177941  (906989) C rnd-1_family-58   Unknown          (0)    506      1  571  
  374   26.1  0.0  2.1  contig_120_pilon   179042  179139  (905791) + rnd-3_family-331  Unknown            1     96    (1)  572  
  441   23.0  3.5  0.0  contig_120_pilon   179153  179265  (905665) + rnd-2_family-26   Unknown          136    252   (73)  573  
  257    6.5  0.0  0.0  contig_120_pilon   185813  185843  (899087) + rnd-2_family-108  Unknown           40     70  (231)  574 *
  515   27.2  1.6  2.2  contig_120_pilon   185817  186000  (898930) C rnd-2_family-108  Unknown          (8)    293    111  575  
  697   29.7  3.6  0.4  contig_120_pilon   186529  186748  (898182) + rnd-1_family-97   Unknown         3050   3276 (1343)  576  
 2081   15.1  3.0  2.0  contig_120_pilon   186872  187311  (897619) C rnd-3_family-9    Unknown          (0)    592    149  577  
  258   14.3  0.0  0.0  contig_120_pilon   187587  187628  (897302) + rnd-3_family-9    Unknown          144    185  (407)  578  
  651    6.0  1.2  0.0  contig_120_pilon   188723  188805  (896125) C rnd-1_family-8    Unknown          (0)    416    333  579  
  239    5.8  0.0  0.0  contig_120_pilon   188804  188860  (896070) C rnd-1_family-8    Unknown         (52)    364    333  579 *
 2806   10.4  0.0  0.0  contig_120_pilon   188881  189245  (895685) C rnd-1_family-8    Unknown         (51)    365      1  580  
 2290   22.3  2.6  1.1  contig_120_pilon   190020  190562  (894368) C rnd-3_family-310  Unknown          (1)    551      1  581  
  308   28.9  0.0  0.0  contig_120_pilon   190811  190893  (894037) C rnd-2_family-108  Unknown          (9)    292    210  582  
  474   29.7  0.0  0.0  contig_120_pilon   190945  191055  (893875) + rnd-3_family-310  Unknown            3    113  (439)  583  
 2063    4.9  0.0  0.0  contig_120_pilon   192964  193209  (891721) + rnd-1_family-16   Unknown            1    246    (0)  584  
 1618   10.7  0.0  0.9  contig_120_pilon   193223  193449  (891481) + rnd-1_family-17   Unknown            2    226    (3)  585  
  902   19.0  2.9  9.0  contig_120_pilon   194294  194599  (890331) C rnd-2_family-50   Unknown        (198)    298     10  586  
  649   30.3  1.3 12.3  contig_120_pilon   194359  194817  (890113) + rnd-2_family-272  Unknown          253    666 (7405)  587 *
  285   16.7  0.0  0.0  contig_120_pilon   194786  194839  (890091) C rnd-2_family-50   Unknown        (321)    175    122  588 *
  555   22.1  3.6  5.8  contig_120_pilon   196101  196292  (888638) C rnd-2_family-50   Unknown         (79)    417    230  589  
  722   18.0 19.7  0.8  contig_120_pilon   211825  212037  (872893) + rnd-2_family-26   Unknown           24    276   (49)  590  
  472   24.2 11.8  5.8  contig_120_pilon   218244  218454  (866476) C rnd-3_family-310  Unknown          (0)    552    330  591  
  692   23.4  0.0  0.0  contig_120_pilon   221455  221595  (863335) C rnd-3_family-310  Unknown        (411)    141      1  591  
  655   18.8  0.5 17.0  contig_120_pilon   221620  221831  (863099) C rnd-2_family-19   Unknown          (3)    241     60  592  
  484   23.4  1.3 10.7  contig_120_pilon   226334  226486  (858444) C rnd-2_family-19   Unknown         (23)    221     82  593  
  229   22.9  6.7  6.7  contig_120_pilon   236639  236727  (848203) + ltr-1_family-17   LTR/Gypsy        570    658 (4567)  594  
  865   25.4  1.6  1.6  contig_120_pilon   236872  237127  (847803) + rnd-1_family-70   Unknown           11    266    (0)  595  
 1944   26.7  2.9  0.9  contig_120_pilon   237877  238508  (846422) + rnd-1_family-78   Unknown          100    743   (10)  596  
  752   36.4  0.6  1.1  contig_120_pilon   238542  238894  (846036) + ltr-1_family-14   LTR/Gypsy        573    923 (4379)  597  
 1783   32.8  3.8  0.1  contig_120_pilon   241419  242111  (842819) + ltr-1_family-14   LTR/Gypsy       2349   3066 (2236)  597  
 2725   33.0  3.8  2.4  contig_120_pilon   243920  245327  (839603) + ltr-1_family-14   LTR/Gypsy       3512   4938  (364)  597  
  692   17.3 23.8  0.0  contig_120_pilon   245553  245724  (839206) + rnd-1_family-69   Unknown            5    210    (6)  598  
  286   23.7  0.0 21.2  contig_120_pilon   248477  248642  (836288) C rnd-1_family-62   Unknown       (1495)    141      5  599  
  826   21.2  3.2  3.2  contig_120_pilon   260922  261169  (823761) + rnd-2_family-26   Unknown            9    256   (69)  600  
  459   26.3 12.6  0.8  contig_120_pilon   261172  261393  (823537) + rnd-2_family-26   Unknown           23    270   (55)  601  
  876   29.4  7.4  2.7  contig_120_pilon   262385  262884  (822046) + rnd-1_family-66   Unknown            2    524  (195)  602 *
 1476   23.2  6.0  1.3  contig_120_pilon   262774  263269  (821661) C rnd-2_family-270  Unknown          (4)    775     37  603  
 2406    2.9  0.3  0.7  contig_120_pilon   264294  264575  (820355) C rnd-1_family-2    Unknown          (0)    281      1  604  
 1434   12.9  0.4  1.8  contig_120_pilon   264646  264874  (820056) + rnd-1_family-17   Unknown            1    226    (3)  605  
 1520   11.0  0.9  0.9  contig_120_pilon   265152  265372  (819558) C rnd-1_family-17   Unknown          (4)    225      5  606  
  296   14.8  0.0  1.9  contig_120_pilon   268357  268411  (816519) + rnd-2_family-11   Unknown          108    161   (70)  607  
  822   27.2  1.6  0.8  contig_120_pilon   268941  269196  (815734) C rnd-3_family-310  Unknown          (5)    547    290  608  
  254   27.8  9.2  0.9  contig_120_pilon   269202  269299  (815631) + rnd-2_family-149  Unknown           17    122  (690)  609 *
  273   30.6  2.0  5.2  contig_120_pilon   269264  269363  (815567) C rnd-2_family-149  Unknown        (699)    113     17  610  
 1362   22.9  1.6  3.9  contig_120_pilon   269791  270158  (814772) + rnd-2_family-323  Unknown            1    360   (19)  611  
  329   14.8  1.6  0.0  contig_120_pilon   271121  271181  (813749) C rnd-2_family-399  Unknown          (1)    231    170  612  
  247   25.5 13.1  0.9  contig_120_pilon   271234  271332  (813598) + rnd-1_family-49   Unknown           31    141    (2)  613  
  423   17.6  0.0  0.0  contig_120_pilon   272045  272118  (812812) + rnd-2_family-399  Unknown          158    231    (1)  614  
 1086   19.9  2.4  0.0  contig_120_pilon   272210  272420  (812510) C rnd-1_family-97   Unknown       (1342)   3277   3062  615  
 1125   11.6  1.5 18.6  contig_120_pilon   273639  273902  (811028) C rnd-1_family-17   Unknown          (3)    226      1  616  
  258   10.2  7.7  9.4  contig_120_pilon   293794  293858  (791072) + rnd-2_family-108  Unknown           46    109  (192)  617  
  668   21.4  4.8  6.9  contig_120_pilon   304714  304964  (779966) C rnd-2_family-26   Unknown         (50)    275     30  618  
 1068   11.3  0.6  0.0  contig_120_pilon   311221  311379  (773551) + rnd-1_family-20   Unknown            1    160    (0)  619  
  451   24.8  1.8  0.0  contig_120_pilon   311606  311718  (773212) C rnd-2_family-26   Unknown         (48)    277    163  620  
  391   17.9  2.4  0.0  contig_120_pilon   311720  311803  (773127) C rnd-2_family-26   Unknown         (77)    248    163  621  
  451   20.4  4.4  0.0  contig_120_pilon   311805  311917  (773013) C rnd-2_family-26   Unknown         (77)    248    131  622  
  286   16.5  1.7 26.9  contig_120_pilon   311926  312041  (772889) C rnd-3_family-331  Unknown          (0)     97      5  623  
 5101   17.2  1.7  0.6  contig_120_pilon   339689  340563  (744367) C ltr-1_family-17   LTR/Gypsy      (740)   4485   3601  624 *
 5949   14.3  5.7  5.0  contig_120_pilon   340554  342178  (742752) C ltr-1_family-17   LTR/Gypsy     (1559)   3666   2024  625  
 3449    4.8  0.0  7.1  contig_120_pilon   345250  345746  (739184) C ltr-1_family-9    LTR/Unknown      (0)    493     30  626 *
40413    4.6  0.4  0.4  contig_120_pilon   345745  351264  (733666) C ltr-1_family-10   LTR/Gypsy        (0)   5568      1  627  
 1808    4.3  0.0  0.4  contig_120_pilon   351265  351496  (733434) C ltr-1_family-9    LTR/Unknown      (0)    493    263  628 *
26502    6.7  0.8  0.4  contig_120_pilon   351496  355188  (729742) + rnd-1_family-15   DNA/MULE-F         1   3707    (0)  629  
24033   14.1  1.4  0.9  contig_120_pilon   352019  357112  (727818) C rnd-1_family-67   Unknown         (18)   4530      3  630 *
15582   18.3  2.1  1.5  contig_120_pilon   359964  364459  (720471) C rnd-1_family-61   Unknown        (239)   3759      1  631  
  295   13.5  0.0  0.0  contig_120_pilon   365503  365554  (719376) C rnd-1_family-15   DNA/MULE-F    (3649)     58      7  632  
  248   15.1  3.8  0.0  contig_120_pilon   365511  365563  (719367) C rnd-1_family-46   Unknown       (2415)   5102   5048  633 *
 1771   12.7  0.7  0.3  contig_120_pilon   365563  365847  (719083) C ltr-1_family-9    LTR/Unknown    (189)    304     19  634  
  452   24.5  1.3  1.3  contig_120_pilon   375193  375341  (709589) + rnd-2_family-11   Unknown           83    231    (0)  635  
 4703   18.0  1.1  4.0  contig_120_pilon   379331  380485  (704445) C rnd-1_family-34   Unknown          (2)    962      1  636  
  413   31.5  0.8  1.6  contig_120_pilon   382793  382921  (702009) C rnd-3_family-189  Unknown          (2)    394    267  637  
  281   22.4  4.7 15.7  contig_120_pilon   383795  383921  (701009) + ltr-1_family-22   LTR/Unknown        5    119    (1)  638  
  292   30.8  0.8  0.0  contig_120_pilon   384187  384303  (700627) + ltr-1_family-21   LTR/Gypsy        318    435 (5327)  639  
 2659    6.6 15.2  0.2  contig_120_pilon   384308  384714  (700216) C ltr-1_family-9    LTR/Unknown      (0)    493     26  640  
  686   32.8  3.4  1.6  contig_120_pilon   384894  385191  (699739) + ltr-1_family-21   LTR/Gypsy        547    849 (4913)  639 *
 1828   22.0  2.6  0.5  contig_120_pilon   385182  385606  (699324) + ltr-1_family-21   LTR/Gypsy       1233   1666 (4096)  641  
  252   17.1  2.6  1.3  contig_120_pilon   388502  388578  (696352) + rnd-3_family-57   Unknown           20     97 (1160)  642  
  570   24.5 18.5  0.6  contig_120_pilon   388724  389065  (695865) + rnd-3_family-57   Unknown          113    515  (742)  642  
  852   26.8  0.3  0.7  contig_120_pilon   389155  389443  (695487) C rnd-1_family-78   Unknown          (0)    753    466  643  
  674   22.6 13.6  0.4  contig_120_pilon   390180  390414  (694516) C rnd-1_family-70   Unknown          (0)    266      1  644  
  909   20.3  1.0  0.5  contig_120_pilon   390418  390615  (694315) + rnd-3_family-57   Unknown          569    767  (490)  642  
 1149   22.7  8.7  5.9  contig_120_pilon   390662  391143  (693787) + rnd-3_family-57   Unknown          763   1257    (0)  642  
  580   18.8 18.7  0.8  contig_120_pilon   391388  391601  (693329) C rnd-2_family-108  Unknown          (9)    292     41  645  
 1183   12.4  2.1  0.0  contig_120_pilon   395397  395590  (689340) C rnd-1_family-37   Unknown          (0)    198      1  646  
 1190   11.8  2.2  4.0  contig_120_pilon   395598  395826  (689104) C rnd-1_family-17   Unknown          (4)    225      1  647  
  409   21.1  2.1  0.0  contig_120_pilon   399956  400050  (684880) C rnd-1_family-2    Unknown         (55)    226    130  648 *
  860   15.9  1.4  0.0  contig_120_pilon   399969  400106  (684824) + rnd-1_family-37   Unknown           59    198    (0)  649  
  240   27.2  3.8  1.9  contig_120_pilon   400392  400496  (684434) C rnd-1_family-5    Unknown        (631)    406    300  650  
 2969    9.3  4.2  0.2  contig_120_pilon   401534  401933  (682997) C rnd-1_family-8    Unknown          (0)    416      1  651  
  293   25.6  3.1  2.3  contig_120_pilon   401968  402095  (682835) + rnd-2_family-270  Unknown          320    448  (331)  652  
  570   27.1  6.4  7.8  contig_120_pilon   402531  402922  (682008) + rnd-2_family-50   Unknown            3    389  (107)  653  
 1514   16.3  1.2  0.4  contig_120_pilon   404124  404375  (680555) + rnd-1_family-36   Unknown            1    254    (1)  654  
  316   22.4  2.6 14.6  contig_120_pilon   404630  404744  (680186) C rnd-2_family-80   Unknown         (37)    103      1  655  
  610   21.5  2.7  4.0  contig_120_pilon   408732  408881  (676049) + rnd-2_family-251  Unknown            1    148    (1)  656  
  382   20.4 24.5  6.4  contig_120_pilon   409840  410027  (674903) + rnd-1_family-97   Unknown         3056   3275 (1344)  657  
  483   26.3  0.0  6.0  contig_120_pilon   410087  410244  (674686) + rnd-1_family-97   Unknown         3064   3212 (1407)  658  
  542   31.1  1.1  0.6  contig_120_pilon   415630  415810  (669120) C ltr-1_family-17   LTR/Gypsy      (951)   4274   4093  659  
 3793    8.2  0.9  6.1  contig_120_pilon   418137  418670  (666260) C ltr-1_family-21   LTR/Gypsy     (1069)   4693   4186  660  
  333   33.8  0.7  0.7  contig_120_pilon   419810  419949  (664981) C rnd-1_family-71   DNA/TcMar-Tc1 (1385)    233     94  661  
  793   17.5  1.0 30.6  contig_120_pilon   425702  425997  (658933) + rnd-1_family-97   Unknown         3049   3277 (1342)  662  
  318   21.6  0.0  1.4  contig_120_pilon   453239  453313  (631617) C rnd-2_family-194  Unknown        (140)     76      3  663  
  382   16.8  0.0  0.8  contig_120_pilon   457061  457180  (627750) + rnd-1_family-81   Unknown         2215   2333  (536)  664  
  328   20.8  5.1  2.0  contig_120_pilon   465943  466040  (618890) C rnd-2_family-26   Unknown         (51)    274    174  665  
 1084   18.8  3.6  1.0  contig_120_pilon   476314  476506  (608424) C rnd-1_family-37   Unknown          (0)    198      1  666  
  260   14.3  0.0  2.4  contig_120_pilon   476480  476522  (608408) + rnd-1_family-37   Unknown          154    195    (3)  667 *
  677   19.1  9.2  5.5  contig_120_pilon   478337  478563  (606367) C rnd-2_family-108  Unknown         (24)    277     43  668  
  313   25.8 24.3  1.4  contig_120_pilon   484602  484770  (600160) C rnd-1_family-69   Unknown          (8)    208      2  669  
  413   19.4  0.0  0.0  contig_120_pilon   484778  484849  (600081) C rnd-1_family-69   Unknown          (4)    212    141  670  
  508   29.9  2.5  3.8  contig_120_pilon   485564  485806  (599124) + rnd-3_family-399  Unknown          669    908   (35)  671  
  411   28.8  3.0  3.5  contig_120_pilon   485686  485883  (599047) C rnd-3_family-399  Unknown        (745)    198      2  672 *
 2095   18.4  6.0  0.0  contig_120_pilon   491417  491785  (593145) C rnd-2_family-1080 Unknown          (0)    392      2  673  
 1086   14.4 14.4  0.4  contig_120_pilon   492304  492505  (592425) + rnd-1_family-97   Unknown         3047   3276 (1343)  674  
 1422   16.4  0.4  0.9  contig_120_pilon   492779  493005  (591925) + rnd-1_family-17   Unknown            1    226    (3)  675  
  919   21.0 10.4  0.8  contig_120_pilon   493090  493319  (591611) + rnd-2_family-110  Unknown            2    253  (554)  676  
  376   22.7  0.0  5.2  contig_120_pilon   493339  493440  (591490) + rnd-2_family-110  Unknown          705    801    (6)  676  
  266   21.1  1.2  2.0  contig_120_pilon   500767  500877  (584053) + rnd-1_family-81   Unknown         2219   2324  (545)  677  
 1244   18.2  1.3  1.3  contig_120_pilon   510054  510287  (574643) C ltr-1_family-3    LTR/Unknown      (0)    254     21  678  
26284   14.8  0.3  0.4  contig_120_pilon   510288  514115  (570815) C ltr-1_family-4    LTR/Copia        (0)   5370   1544  679  
  555    0.0  0.0  0.0  contig_120_pilon   514116  514176  (570754) C ltr-1_family-18   LTR/Unknown      (1)   1091   1031  680  
 1782   14.2  0.0  2.3  contig_120_pilon   514177  514442  (570488) C ltr-1_family-4    LTR/Copia     (4292)   1078    819  679 *
 9661    0.0  0.0  0.0  contig_120_pilon   514442  515467  (569463) C ltr-1_family-18   LTR/Unknown     (61)   1031      6  681  
 1356   13.4  6.5  0.0  contig_120_pilon   515466  515711  (569219) C ltr-1_family-4    LTR/Copia     (5105)    265      4  679 *
 1125   20.2  1.3  1.3  contig_120_pilon   515715  515950  (568980) C ltr-1_family-3    LTR/Unknown      (0)    254     19  682  
 1930    1.9  0.0  0.0  contig_120_pilon   518795  519010  (565920) + rnd-1_family-69   Unknown            1    216    (0)  683  
  306   25.6  5.0  1.6  contig_120_pilon   525751  525869  (559061) + rnd-3_family-57   Unknown          772    894  (363)  684  
  468   15.3  9.2  0.0  contig_120_pilon   537768  537865  (547065) + rnd-2_family-26   Unknown          168    274   (51)  685  
  770   21.1  5.9  2.4  contig_120_pilon   538932  539135  (545795) + rnd-2_family-436  Unknown            1    211    (0)  686  
 1178    7.2  0.0  0.7  contig_120_pilon   552637  552791  (532139) C rnd-1_family-17   Unknown          (3)    226     73  687  
  389   26.1  4.5  2.9  contig_120_pilon   557200  557333  (527597) + rnd-2_family-80   Unknown            1    136    (4)  688 *
  886   13.1  1.5  0.0  contig_120_pilon   557225  557354  (527576) C rnd-2_family-80   Unknown          (8)    132      1  689  
  473   16.2  4.1  4.9  contig_120_pilon   569889  570011  (514919) + rnd-2_family-26   Unknown          151    272   (53)  690  
  273   21.4  7.3  7.3  contig_120_pilon   571971  572066  (512864) + rnd-3_family-331  Unknown            1     96    (1)  691  
  883    9.7  2.7  0.7  contig_120_pilon   572076  572221  (512709) + rnd-2_family-26   Unknown          131    279   (46)  692  
  848   18.7  0.5  1.6  contig_120_pilon   575303  575487  (509443) + rnd-3_family-9    Unknown          265    447  (145)  693  
  384   15.1  0.0  6.2  contig_120_pilon   579931  580015  (504915) + rnd-3_family-331  Unknown            3     82   (15)  694  
  292   24.2  4.8  4.0  contig_120_pilon   580033  580157  (504773) + rnd-2_family-26   Unknown          127    252   (73)  695  
  618   27.4  3.5  0.4  contig_120_pilon   581025  581251  (503679) C rnd-2_family-26   Unknown         (70)    255     22  696  
  475   25.4  0.6  3.4  contig_120_pilon   592852  593034  (491896) C rnd-2_family-399  Unknown          (3)    229     52  697  
 6502   17.0  1.3  0.2  contig_120_pilon   593113  594322  (490608) + rnd-2_family-247  Unknown            1   1224    (4)  698  
 1545   20.3 12.2  1.3  contig_120_pilon   594871  595224  (489706) C rnd-2_family-1080 Unknown          (0)    392      1  699  
  723   20.2  0.0  0.6  contig_120_pilon   595580  595743  (489187) C rnd-2_family-247  Unknown        (992)    236     74  700  
 1416   15.0  1.1  8.3  contig_120_pilon   606372  606719  (478211) + rnd-2_family-26   Unknown            1    325    (0)  701  
 2815   11.3  0.2  0.2  contig_120_pilon   610416  610815  (474115) C rnd-1_family-11   Unknown          (0)    400      1  702  
  661   22.0  3.7  2.6  contig_120_pilon   610815  611005  (473925) C rnd-3_family-310  Unknown         (11)    541    349  703 *
 2880   20.4  3.9  2.1  contig_120_pilon   620327  621113  (463817) C rnd-2_family-110  Unknown          (6)    801      1  704  
  275   25.3  2.4  0.0  contig_120_pilon   622980  623062  (461868) + rnd-2_family-26   Unknown          187    271   (54)  705  
 1267   14.4  0.4  3.6  contig_120_pilon   628849  629078  (455852) + rnd-2_family-11   Unknown            9    231    (0)  706  
  346   21.2  0.6 31.4  contig_120_pilon   633488  633666  (451264) C rnd-1_family-37   Unknown          (3)    195     59  707 *
 1032   12.8 27.0  0.0  contig_120_pilon   633531  633734  (451196) + rnd-1_family-2    Unknown           23    281    (0)  708  
 1462   15.1  0.0  0.4  contig_120_pilon   633909  634134  (450796) C rnd-1_family-17   Unknown          (2)    227      3  709  
  385   23.2  2.0  3.0  contig_120_pilon   634450  634551  (450379) C rnd-1_family-97   Unknown       (1370)   3249   3149  710  
  310   26.8  0.0  0.0  contig_120_pilon   634794  634864  (450066) C rnd-1_family-97   Unknown       (1487)   3132   3062  710  
  814   24.4  3.5  3.1  contig_120_pilon   634978  635205  (449725) + rnd-1_family-97   Unknown         3049   3277 (1342)  711  
 1351   14.0 36.3  1.0  contig_120_pilon   635678  635969  (448961) + rnd-1_family-11   Unknown            2    396    (4)  712  
  347   19.1  1.2  6.2  contig_120_pilon   636049  636132  (448798) C rnd-3_family-331  Unknown         (17)     80      1  713  
  623   22.9  5.8  6.7  contig_120_pilon   637421  637677  (447253) C rnd-2_family-50   Unknown         (56)    440    186  714  
  386   29.7  4.5  5.3  contig_120_pilon   643762  644028  (440902) + rnd-1_family-62   Unknown            1    265 (1371)  715  
  277   25.9  0.0  1.2  contig_120_pilon   650520  650605  (434325) C rnd-2_family-108  Unknown          (3)    298    214  716  
  411   27.8  1.7  0.0  contig_120_pilon   650712  650826  (434104) C rnd-2_family-108  Unknown        (132)    169     53  716  
  534   19.9 14.9  1.1  contig_120_pilon   652110  652277  (432653) + rnd-2_family-108  Unknown           41    231   (70)  717  
  632    7.3  1.2  0.0  contig_120_pilon   659565  659646  (425284) C rnd-1_family-8    Unknown          (0)    416    334  718  
  269    3.2  0.0  0.0  contig_120_pilon   659644  659745  (425185) C rnd-1_family-8    Unknown         (52)    364    333  718 *
  248    9.1  0.0  0.0  contig_120_pilon   659740  659772  (425158) C rnd-1_family-8    Unknown         (51)    365    333  719 *
  248    9.1  0.0  0.0  contig_120_pilon   659767  659799  (425131) C rnd-1_family-8    Unknown         (51)    365    333  720  
  248    9.1  0.0  0.0  contig_120_pilon   659794  659826  (425104) C rnd-1_family-8    Unknown         (51)    365    333  721  
  248    9.1  0.0  0.0  contig_120_pilon   659821  659853  (425077) C rnd-1_family-8    Unknown         (51)    365    333  722  
  248    9.1  0.0  0.0  contig_120_pilon   659848  659880  (425050) C rnd-1_family-8    Unknown         (51)    365    333  723  
 2749    9.9  0.3  0.3  contig_120_pilon   659916  660278  (424652) C rnd-1_family-8    Unknown         (52)    364      2  723  
  653   28.4  2.8  3.3  contig_120_pilon   660316  660530  (424400) + rnd-1_family-97   Unknown         3063   3276 (1343)  724  
  249   25.3  0.0 11.2  contig_120_pilon   660567  660655  (424275) + rnd-3_family-331  Unknown            1     80   (17)  725  
  588   16.5 11.8  0.0  contig_120_pilon   660679  660805  (424125) + rnd-2_family-26   Unknown          130    271   (54)  726  
 1032   22.8  0.0  0.0  contig_120_pilon   661421  661626  (423304) C rnd-1_family-97   Unknown       (1352)   3267   3062  727  
  359   26.3  7.8  5.7  contig_120_pilon   665699  665904  (419026) C rnd-2_family-26   Unknown         (75)    250     41  728  
  302    9.3  4.7  0.0  contig_120_pilon   671111  671153  (413777) C rnd-1_family-37   Unknown          (3)    195    151  729  
  233   17.2  7.6 11.8  contig_120_pilon   671330  671408  (413522) + rnd-1_family-2    Unknown           23     98  (183)  730 *
  803   13.4 13.4  0.0  contig_120_pilon   671359  671500  (413430) C rnd-1_family-37   Unknown         (37)    161      1  729  
  566   20.1  9.2  1.3  contig_120_pilon   671378  671518  (413412) + rnd-1_family-2    Unknown          130    281    (0)  731 *
  521   23.9  4.9  0.0  contig_120_pilon   672484  672625  (412305) C rnd-2_family-26   Unknown         (47)    278    130  732  
  489   24.6  0.0  0.9  contig_120_pilon   672791  672905  (412025) + rnd-2_family-436  Unknown           16    129   (82)  733  
  290   11.4  4.5  0.0  contig_120_pilon   673242  673285  (411645) C rnd-1_family-37   Unknown          (2)    196    151  734  
  839   12.1 13.5  0.0  contig_120_pilon   673486  673626  (411304) C rnd-1_family-37   Unknown         (38)    160      1  734  
  553   21.6  9.2  1.3  contig_120_pilon   673504  673644  (411286) + rnd-1_family-2    Unknown          130    281    (0)  735 *
  373   29.4  8.4  0.0  contig_120_pilon   674610  674752  (410178) C rnd-2_family-26   Unknown         (47)    278    124  736  
  439   27.3  0.0  0.0  contig_120_pilon   674912  675021  (409909) + rnd-2_family-436  Unknown           16    125   (86)  737  
  609   17.5  7.5 11.7  contig_120_pilon   683737  683976  (400954) C rnd-2_family-26   Unknown         (77)    248     18  738  
  294   19.6 25.8  0.0  contig_120_pilon   684103  684199  (400731) C rnd-1_family-97   Unknown       (1303)   3316   3195  739  
  369   17.1  0.8 20.9  contig_120_pilon   687017  687142  (397788) C rnd-2_family-19   Unknown         (48)    196     92  740  
  264   18.8  6.7  4.4  contig_120_pilon   688415  688503  (396427) C rnd-2_family-108  Unknown          (4)    297    207  741  
  281   21.7  2.9  1.4  contig_120_pilon   688540  688609  (396321) C rnd-2_family-108  Unknown        (184)    117     47  741  
  329   18.3  1.4  0.0  contig_120_pilon   688711  688781  (396149) C rnd-1_family-69   Unknown          (6)    210    139  742  
  304   11.9  0.0  0.0  contig_120_pilon   688952  688993  (395937) C rnd-1_family-69   Unknown        (170)     46      5  742  
  639   27.6  3.0  5.0  contig_120_pilon   690969  691231  (393699) C rnd-2_family-108  Unknown          (4)    297     40  743  
  973   10.1  0.7  1.3  contig_120_pilon   692207  692356  (392574) + rnd-2_family-251  Unknown            1    149    (0)  744  
 2978   12.8  0.7  1.1  contig_120_pilon   695450  695909  (389021) + rnd-1_family-52   Unknown            1    458    (0)  745  
 1054   25.9  4.6  1.9  contig_120_pilon   697139  697504  (387426) + rnd-1_family-66   Unknown          143    518  (201)  746  
  967   27.9  5.8  2.7  contig_120_pilon   697400  697881  (387049) C rnd-2_family-270  Unknown          (1)    778     67  747 *
  704   26.1  0.0  2.1  contig_120_pilon   703027  703218  (381712) C rnd-2_family-48   Unknown         (27)    201     14  748  
  277   31.4  4.3  2.4  contig_120_pilon   703994  704156  (380774) + rnd-1_family-96   Unknown          784    949 (1768)  749  
 2821    8.0  2.0  0.7  contig_120_pilon   704157  704561  (380369) + rnd-1_family-74   Unknown            1    410    (0)  750  
 2730    7.2  1.3  0.3  contig_120_pilon   705404  705781  (379149) C rnd-1_family-40   Unknown          (0)    382      1  751  
 1731    9.9  0.0  0.9  contig_120_pilon   706077  706310  (378620) C rnd-1_family-48   Unknown          (0)    232      1  752  
  333   20.4  0.0  0.0  contig_120_pilon   711351  711404  (373526) + rnd-1_family-37   Unknown          145    198    (0)  753  
  489   13.2  1.1  3.3  contig_120_pilon   711469  711562  (373368) C rnd-2_family-399  Unknown        (112)    120     29  754  
  563   11.4 13.6  1.4  contig_120_pilon   712497  712621  (372309) C rnd-2_family-436  Unknown          (0)    211     72  755  
  297   29.9  1.0  0.0  contig_120_pilon   721367  721463  (363467) C rnd-3_family-57   Unknown          (0)   1257   1160  756  
 1409   23.1  9.8  0.6  contig_120_pilon   722860  723194  (361736) + ltr-1_family-9    LTR/Unknown       68    433   (60)  757  
  313   27.0  9.3  1.3  contig_120_pilon   736402  736540  (348390) + rnd-1_family-97   Unknown         3111   3260 (1359)  758  
  705   23.2 13.4  0.5  contig_120_pilon   737171  737356  (347574) C rnd-1_family-97   Unknown       (1343)   3276   3067  759  
  698   22.9 13.7  0.5  contig_120_pilon   744243  744439  (340491) + rnd-1_family-97   Unknown         3051   3273 (1346)  760  
 1783    0.0  0.0  0.0  contig_120_pilon   746740  746942  (337988) C ltr-1_family-1    LTR/Unknown      (0)    203      1  761  
40846    0.0  0.0  0.0  contig_120_pilon   746943  751440  (333490) C ltr-1_family-2    LTR/Copia        (0)   4498      1  762  
 1783    0.0  0.0  0.0  contig_120_pilon   751441  751643  (333287) C ltr-1_family-1    LTR/Unknown      (0)    203      1  763  
  481   28.5  1.1  2.8  contig_120_pilon   757117  757300  (327630) C rnd-2_family-11   Unknown         (47)    184      4  764  
  405   15.9  0.9  7.8  contig_120_pilon   757451  757559  (327371) C rnd-1_family-62   Unknown       (1385)    251    150  765  
 1386   11.8  3.1  1.8  contig_120_pilon   758305  758528  (326402) + rnd-1_family-17   Unknown            1    227    (2)  766  
 1586   12.7  0.0  0.4  contig_120_pilon   758824  759053  (325877) C rnd-1_family-48   Unknown          (0)    232      4  767  
  295   19.3  1.5  0.9  contig_120_pilon   759901  760030  (324900) + rnd-1_family-81   Unknown         2218   2336  (533)  768  
  249   16.5  2.9  0.0  contig_120_pilon   763614  763716  (321214) C rnd-1_family-81   Unknown        (541)   2328   2223  769 *
  263   15.5  3.1  0.0  contig_120_pilon   763629  763725  (321205) + rnd-1_family-81   Unknown         2233   2332  (537)  770  
  229   19.1  0.0  4.4  contig_120_pilon   764139  764209  (320721) + rnd-1_family-81   Unknown         2281   2348  (521)  771  
  648   21.0  3.6  0.0  contig_120_pilon   764425  764562  (320368) C rnd-2_family-26   Unknown         (53)    272    130  772  
  678   24.4  0.0 11.5  contig_120_pilon   766216  766419  (318511) + rnd-2_family-19   Unknown           61    243    (1)  773  
 1525    8.8  7.4  0.0  contig_120_pilon   766563  766777  (318153) C rnd-1_family-48   Unknown          (0)    232      2  774  
  492   22.1  1.1  0.0  contig_120_pilon   773571  773665  (311265) + rnd-3_family-331  Unknown            1     96    (1)  775  
  518   23.7  2.9  0.7  contig_120_pilon   773677  773812  (311118) + rnd-2_family-26   Unknown          132    270   (55)  776  
  629   27.8  5.0  5.9  contig_120_pilon   774406  774595  (310335) C rnd-2_family-272  Unknown       (7409)    662    133  777  
 1057   24.5  3.9  1.3  contig_120_pilon   774596  774979  (309951) + rnd-2_family-50   Unknown            1    394  (102)  778  
  629   27.8  5.0  5.9  contig_120_pilon   774980  775016  (309914) C rnd-2_family-272  Unknown       (7409)    132     24  777  
  942   23.4  1.0  2.7  contig_120_pilon   784108  784406  (300524) C rnd-2_family-272  Unknown       (7525)    546    253  779 *
 1248   19.9  4.8  1.4  contig_120_pilon   784176  784531  (300399) + rnd-2_family-50   Unknown            1    368  (128)  780  
  811   30.1  4.3  4.1  contig_120_pilon   788401  788409  (296521) + rnd-2_family-195  Unknown           46     81  (471)  781  
 1113   24.9  4.1  2.0  contig_120_pilon   788410  788803  (296127) C rnd-2_family-50   Unknown         (94)    402      1  782  
  513   31.9  7.5  5.0  contig_120_pilon   788789  789293  (295637) C rnd-1_family-66   Unknown        (194)    525      9  783 *
  811   30.1  4.3  4.1  contig_120_pilon   788804  788906  (296024) + rnd-2_family-195  Unknown           82    552    (0)  781  
  259   29.9  1.9  0.9  contig_120_pilon   789201  789308  (295622) + rnd-1_family-44   Unknown         1104   1212  (402)  784  
12207   18.8  0.8  3.2  contig_120_pilon   789618  792099  (292831) C rnd-1_family-47   LTR/Gypsy     (2402)   3238    815  785  
  304   20.8  0.0  0.0  contig_120_pilon   792642  792694  (292236) + rnd-2_family-11   Unknown            8     60  (171)  786  
  724   22.6  3.2  0.9  contig_120_pilon   797226  797444  (287486) + rnd-3_family-333  Unknown          481    704    (5)  787  
  550   26.8  3.4  5.4  contig_120_pilon   797480  797743  (287187) + rnd-2_family-26   Unknown           24    282   (43)  788  
  785   17.3  0.6  4.6  contig_120_pilon   798051  798208  (286722) + rnd-3_family-310  Unknown            4    155  (397)  789  
  627   32.2  0.0  0.5  contig_120_pilon   799269  799468  (285462) + rnd-1_family-97   Unknown         3079   3277 (1342)  790  
  352   26.3  4.4  0.0  contig_120_pilon   807159  807295  (277635) + rnd-2_family-270  Unknown          344    486  (293)  791  
  478   28.7  4.8  1.7  contig_120_pilon   807538  807979  (276951) C rnd-1_family-49   Unknown        (259)    460      1  792  
 1563    6.3 17.9  0.7  contig_120_pilon   808908  809147  (275783) + rnd-1_family-2    Unknown            1    281    (0)  793  
  894   18.8  1.2  0.0  contig_120_pilon   809902  810066  (274864) C rnd-1_family-2    Unknown          (1)    280    114  794  
  593   22.7  5.1  5.6  contig_120_pilon   809918  810113  (274817) + rnd-1_family-37   Unknown            1    195    (3)  795 *
  811   30.6  1.6  0.9  contig_120_pilon   811160  811472  (273458) + rnd-1_family-66   Unknown            3    317  (402)  796  
  647   17.9  1.5  0.0  contig_120_pilon   813944  814077  (270853) C rnd-2_family-399  Unknown         (10)    222     87  797  
  489   34.3  5.2  3.5  contig_120_pilon   814812  815174  (269756) + ltr-1_family-17   LTR/Gypsy       4119   4487  (738)  798  
  252   22.9  3.4  5.8  contig_120_pilon   815297  815384  (269546) + rnd-2_family-399  Unknown          147    232    (0)  799  
  888   30.9  1.3  1.8  contig_120_pilon   816702  817093  (267837) C rnd-1_family-66   Unknown        (263)    456     67  800  
 1495   11.0  0.5  1.4  contig_120_pilon   817671  817892  (267038) + rnd-1_family-17   Unknown            5    224    (5)  801  
  892   16.5  1.3  1.4  contig_120_pilon   817894  817905  (267025) C rnd-1_family-2    Unknown          (6)    275    163  802  
  592   24.6  4.8  6.5  contig_120_pilon   817906  818092  (266838) + rnd-1_family-37   Unknown            1    184   (14)  803  
  892   16.5  1.3  1.4  contig_120_pilon   818093  818106  (266824) C rnd-1_family-2    Unknown          (6)    162      1  802  
  558   20.2 14.9  6.6  contig_120_pilon   818122  818275  (266655) C rnd-1_family-37   Unknown         (19)    179     14  804  
 2927    9.9  0.5  0.7  contig_120_pilon   818277  818692  (266238) C rnd-1_family-8    Unknown          (1)    415      1  805  
  233   32.9  0.0  0.0  contig_120_pilon   821182  821254  (263676) + rnd-2_family-48   Unknown           32    104  (124)  806  
 1111   26.5  4.3  9.1  contig_120_pilon   821932  822470  (262460) + rnd-1_family-66   Unknown            1    515  (204)  807  
 1478   10.6  4.2  1.2  contig_120_pilon   825779  826017  (258913) C rnd-1_family-16   Unknown          (0)    246      1  808  
  610   27.8  0.0  1.2  contig_120_pilon   826135  826305  (258625) + rnd-1_family-97   Unknown         3108   3276 (1343)  809  
  696   27.4  0.9  1.8  contig_120_pilon   826608  826834  (258096) + rnd-2_family-11   Unknown            1    225    (6)  810  
  410   24.8  3.0  1.5  contig_120_pilon   827795  827929  (257001) C rnd-2_family-190  Unknown         (76)    371    235  811  
  270   26.0  0.0  0.0  contig_120_pilon   828319  828391  (256539) C rnd-2_family-190  Unknown        (215)    232    160  811  
  410   24.6  2.2  2.9  contig_120_pilon   828765  828902  (256028) C rnd-2_family-190  Unknown        (310)    137      1  811  
 1695    8.8  0.0  0.9  contig_120_pilon   829308  829537  (255393) + rnd-1_family-17   Unknown            1    228    (1)  812  
  525   18.5  0.0  5.4  contig_120_pilon   829988  830124  (254806) + rnd-2_family-195  Unknown           71    200  (352)  813  
  373   22.5  1.1  1.1  contig_120_pilon   830133  830222  (254708) + rnd-2_family-195  Unknown          343    432  (120)  813  
  317   22.7  0.0  0.0  contig_120_pilon   830295  830369  (254561) + rnd-2_family-195  Unknown          478    552    (0)  813 *
  690   27.9  8.9  3.0  contig_120_pilon   830314  830752  (254178) C rnd-1_family-66   Unknown        (254)    465      2  814  
  308   28.6  1.8 12.8  contig_120_pilon   832593  832869  (252061) + rnd-2_family-270  Unknown          503    752   (27)  815  
  406   15.3  5.6  0.0  contig_120_pilon   847055  847126  (237804) + rnd-2_family-251  Unknown            6     81   (68)  816  
 2735   12.9  0.2  1.0  contig_120_pilon   849431  849828  (235102) + rnd-1_family-11   Unknown            2    396    (4)  817  
  918   24.0  0.9  3.3  contig_120_pilon   854656  854875  (230055) + rnd-2_family-194  Unknown            2    216    (0)  818  
  303   19.7  1.3  1.3  contig_120_pilon   854883  854959  (229971) C rnd-2_family-194  Unknown         (18)    198    122  819  
  313   18.4  1.3  1.3  contig_120_pilon   854978  855054  (229876) + rnd-2_family-194  Unknown          122    198   (18)  820  
  244   22.3  0.0  6.3  contig_120_pilon   855549  855615  (229315) C rnd-2_family-194  Unknown        (152)     64      2  819  
  384   24.8  0.5  2.1  contig_120_pilon   858587  858764  (226166) C rnd-1_family-97   Unknown       (1351)   3268   3050  821  
  662    5.3  2.0  4.1  contig_120_pilon   861396  861494  (223436) C rnd-1_family-17   Unknown        (132)     97      1  822  
  852   22.2  0.9  1.4  contig_120_pilon   864392  864601  (220329) + rnd-2_family-399  Unknown           22    230    (2)  823  
  257   16.3  0.0  0.0  contig_120_pilon   864838  864880  (220050) C rnd-2_family-251  Unknown          (2)    147    105  824  
 1625   26.8  0.8  2.9  contig_120_pilon   867718  868247  (216683) C rnd-1_family-78   Unknown          (0)    753    235  825 *
 3237    7.1  0.0  0.0  contig_120_pilon   868212  868621  (216309) + rnd-1_family-74   Unknown            1    410    (0)  826  
 2343    7.6  5.6  0.3  contig_120_pilon   869235  869592  (215338) C rnd-1_family-40   Unknown          (5)    377      1  827  
  371   33.5  3.9  3.1  contig_120_pilon   869583  869838  (215092) C rnd-1_family-78   Unknown        (478)    275     18  828 *
  758   26.1  3.0  1.9  contig_120_pilon   870285  870546  (214384) C rnd-1_family-70   Unknown          (0)    266      2  829  
 3698   19.7  0.1  0.3  contig_120_pilon   871520  872253  (212677) C rnd-1_family-78   Unknown          (0)    753     21  830  
 1167   20.4  0.8  1.1  contig_120_pilon   872832  873098  (211832) C rnd-1_family-70   Unknown          (0)    266      1  831  
 3985   12.6  3.5  3.9  contig_120_pilon   875338  876088  (208842) + rnd-3_family-57   Unknown           10    757  (500)  832  
 2189   21.1  2.4  2.2  contig_120_pilon   876133  876636  (208294) + rnd-3_family-57   Unknown          753   1257    (0)  832  
 1906   23.6  4.0  2.5  contig_120_pilon   882022  882565  (202365) + rnd-3_family-310  Unknown            1    552    (0)  833  
  522   32.0  2.3  4.7  contig_120_pilon   883085  883392  (201538) + rnd-3_family-57   Unknown          798   1098  (159)  834  
  693   26.6  4.4  4.9  contig_120_pilon   883436  883919  (201011) + rnd-2_family-270  Unknown           72    737   (42)  835  
  307   31.8  2.5  5.6  contig_120_pilon   886862  887064  (197866) + rnd-3_family-399  Unknown            2    198  (745)  836 *
  657   31.3  3.4  3.9  contig_120_pilon   886952  887387  (197543) C rnd-3_family-399  Unknown         (43)    900    467  837  
 1567   13.0  0.0  0.5  contig_120_pilon   888787  889010  (195920) + rnd-1_family-17   Unknown            1    223    (6)  838  
  525   18.5 11.1  1.3  contig_120_pilon   891530  891691  (193239) C rnd-1_family-66   Unknown        (366)    353    218  839  
 1173   23.0  1.5  7.2  contig_120_pilon   895136  895472  (189458) + rnd-2_family-323  Unknown            8    326   (53)  840  
 1560   10.4  0.5  0.5  contig_120_pilon   900493  900715  (184215) C rnd-1_family-17   Unknown          (6)    223      1  841  
18573   10.1  0.5  0.1  contig_120_pilon   900925  903359  (181571) C rnd-1_family-90   Unknown          (0)   2444      1  842  
  413   32.2  7.8  0.8  contig_120_pilon   907756  908087  (176843) + rnd-1_family-66   Unknown          170    524  (195)  843 *
  934   26.2  5.8  7.9  contig_120_pilon   907868  908073  (176857) C rnd-2_family-272  Unknown       (7404)    667     99  844  
  742   24.9  6.5  7.8  contig_120_pilon   908074  908474  (176456) + rnd-2_family-50   Unknown            1    396  (100)  845  
  934   26.2  5.8  7.9  contig_120_pilon   908475  908492  (176438) C rnd-2_family-272  Unknown       (7404)     98     44  844  
  414   29.1  4.5  0.0  contig_120_pilon   917013  917146  (167784) + rnd-1_family-5    Unknown          228    367  (670)  846  
 1539   24.2  2.9  2.1  contig_120_pilon   917280  917806  (167124) + rnd-3_family-9    Unknown           32    562   (30)  847  
  794   20.9  3.2  1.0  contig_120_pilon   919824  920012  (164918) + rnd-2_family-194  Unknown            6    198   (18)  848  
 1481   14.6  0.0  0.4  contig_120_pilon   920346  920572  (164358) + rnd-1_family-17   Unknown            1    226    (3)  849  
  948   18.5  9.1  2.2  contig_120_pilon   923589  923798  (161132) + rnd-1_family-17   Unknown            6    229    (0)  850  
 1590   11.2  0.5  0.5  contig_120_pilon   924160  924383  (160547) C rnd-1_family-17   Unknown          (4)    225      2  851  
  514   21.6  9.0  0.0  contig_120_pilon   924459  924592  (160338) C rnd-2_family-251  Unknown          (3)    146      1  852  
  547   19.7  1.6  4.0  contig_120_pilon   929036  929162  (155768) + rnd-2_family-19   Unknown            6    129  (115)  853  
  355   23.2  7.6  1.4  contig_120_pilon   935722  935852  (149078) C rnd-2_family-26   Unknown         (51)    274    136  854  
  511   17.7  1.0  1.0  contig_120_pilon   935865  935961  (148969) C rnd-3_family-331  Unknown          (0)     97      1  855  
 1935   10.1  4.6  2.9  contig_120_pilon   942249  942555  (142375) + rnd-1_family-8    Unknown           53    364   (52)  856  
  678    6.0  0.0  0.0  contig_120_pilon   942593  942675  (142255) + rnd-1_family-8    Unknown          334    416    (0)  856  
  512   29.8  5.7  8.1  contig_120_pilon   948261  948790  (136140) + rnd-1_family-34   Unknown          343    860  (104)  857  
  329   25.9  2.8  2.8  contig_120_pilon   953106  953248  (131682) + rnd-3_family-57   Unknown         1114   1256    (1)  858  
  270   23.3  0.0  0.0  contig_120_pilon   955442  955501  (129429) C rnd-1_family-61   Unknown        (899)   3099   3040  859  
  249   34.1  1.6  2.3  contig_120_pilon   962562  962690  (122240) C rnd-1_family-66   Unknown        (526)    193     66  860  
  570   19.9  2.3  0.8  contig_120_pilon   972981  973112  (111818) + rnd-2_family-399  Unknown           98    231    (1)  861  
 3146    8.7  0.2  1.0  contig_120_pilon   973424  973842  (111088) C rnd-1_family-8    Unknown          (0)    416      1  862  
  406   25.6  5.6  3.0  contig_120_pilon   973896  974056  (110874) C rnd-2_family-26   Unknown         (41)    284    120  863  
  327   26.1  5.1  2.2  contig_120_pilon   975853  976028  (108902) + rnd-2_family-323  Unknown          139    319   (60)  864  
10757   10.2  1.6  0.7  contig_120_pilon   976172  977706  (107224) C rnd-1_family-89   DNA/TcMar-Tc1  (162)   1548      1  865  
 1707   23.4  0.0  0.6  contig_120_pilon   977709  978057  (106873) C rnd-1_family-71   DNA/TcMar-Tc1    (0)   1618   1272  866  
 5184   19.2  2.2  1.5  contig_120_pilon   978460  979398  (105532) C rnd-1_family-71   DNA/TcMar-Tc1  (672)    946      1  866 *
 6568   15.1  1.9  1.4  contig_120_pilon   978608  979690  (105240) + rnd-1_family-30   DNA/TcMar-Tc1      1   1089    (0)  867  
  771   20.9  7.4  4.0  contig_120_pilon   988371  988614   (96316) C rnd-2_family-108  Unknown          (8)    293     42  868  
  685   14.2  9.7  4.9  contig_120_pilon  1000113 1000267   (84663) C rnd-1_family-37   Unknown         (13)    185     24  869  
  645   10.0 15.7  0.7  contig_120_pilon  1006065 1006185   (78745) C rnd-1_family-17   Unknown          (8)    221     83  870  
 1219   20.2  7.0  5.8  contig_120_pilon  1008653 1009082   (75848) + rnd-3_family-9    Unknown          158    592    (0)  871  
 1419   13.5  0.9  2.7  contig_120_pilon  1014210 1014438   (70492) C rnd-1_family-17   Unknown          (4)    225      1  872  
  523   24.1  9.4  3.7  contig_120_pilon  1016306 1016508   (68422) C rnd-2_family-26   Unknown         (88)    237     24  873  
 3669    6.7  0.8  0.0  contig_120_pilon  1028645 1029121   (55809) + rnd-1_family-77   Unknown          844   1324 (1426)  874  
  976   18.2  3.9 11.5  contig_120_pilon  1034191 1034469   (50461) C rnd-2_family-108  Unknown          (0)    301     42  875  
  236   17.9  3.5  1.7  contig_120_pilon  1035743 1035799   (49131) + rnd-2_family-26   Unknown           22     79  (246)  876  
  518   13.2  0.9  7.0  contig_120_pilon  1035811 1035916   (49014) + rnd-2_family-26   Unknown          172    271   (54)  876  
  272   13.5  3.6  5.6  contig_120_pilon  1036586 1036640   (48290) + rnd-2_family-26   Unknown          129    182  (143)  877  
  513   15.9 18.4  0.8  contig_120_pilon  1036645 1036758   (48172) + rnd-2_family-436  Unknown           73    206    (5)  878  
  990   13.7  2.2  9.9  contig_120_pilon  1039159 1039385   (45545) + rnd-2_family-436  Unknown            1    211    (0)  879  
 1312   13.8 17.6  0.0  contig_120_pilon  1044718 1044956   (39974) + rnd-1_family-2    Unknown            1    281    (0)  880  
  322   26.1 15.8  2.0  contig_120_pilon  1045199 1045331   (39599) + rnd-2_family-436  Unknown           61    211    (0)  881  
  541   27.5  1.5  2.0  contig_120_pilon  1047160 1047356   (37574) C rnd-2_family-11   Unknown         (34)    197      2  882  
  789   20.3  4.5  2.2  contig_120_pilon  1048534 1048755   (36175) + rnd-2_family-399  Unknown            5    231    (1)  883  
  297    8.6  0.0  8.5  contig_120_pilon  1057248 1057298   (27632) + rnd-2_family-26   Unknown          211    257   (68)  884 *
  550   25.4  1.4  0.7  contig_120_pilon  1057298 1057436   (27494) C rnd-2_family-26   Unknown         (54)    271    132  885  
  237   25.1  1.8 16.7  contig_120_pilon  1057447 1057556   (27374) C rnd-3_family-331  Unknown          (1)     96      1  886  
  239   18.4  0.0  0.0  contig_120_pilon  1067060 1067108   (17822) C rnd-2_family-272  Unknown       (4699)   3372   3324  887  
  634   27.1  5.1  2.7  contig_120_pilon  1074736 1074989    (9941) + rnd-2_family-108  Unknown           38    297    (4)  888  
17504   11.8  1.5  0.9  contig_120_pilon  1076519 1079890    (5040) C rnd-1_family-43   DNA/Sola-1       (8)   3069      1  889  
  237    3.6  0.0  0.0  contig_120_pilon  1080607 1080634    (4296) + rnd-1_family-82   Unknown         5055   5082   (53)  890  
  254   22.4  0.0  0.0  contig_122_pilon   8345  8393 (8636) C rnd-1_family-69  Unknown     (161)     55      7  891  
  297   21.1  6.5  2.1  contig_122_pilon   8445  8536 (8493) + rnd-3_family-331 Unknown         2     97    (0)  892  
14686    2.4  0.0  0.0  contig_123_pilon      5  1622 (7342) + rnd-1_family-71  DNA/TcMar-Tc1      1   1618    (0)  893  
  863   17.4  4.7  7.8  contig_123_pilon   5302  5513 (3451) + rnd-2_family-436 Unknown            6    211    (0)  894  
 3529   20.9  0.5  0.0  contig_125_pilon       1    613 (387742) C ltr-1_family-15  LTR/Unknown  (578)    894    279  895 *
18510   10.1  0.3  0.5  contig_125_pilon     611   3053 (385302) C rnd-1_family-90  Unknown        (2)   2442      3  896  
 1240   26.9  2.6  0.4  contig_125_pilon    3053   3324 (385031) C ltr-1_family-15  LTR/Unknown (1188)    284      7  895 *
 5988   19.6  3.7  3.7  contig_125_pilon    3289   4626 (383729) C ltr-1_family-12  LTR/Gypsy   (5640)   1824    487  897  
 1292   19.6  2.8  2.8  contig_125_pilon    4915   5203 (383152) C ltr-1_family-11  LTR/Unknown    (0)    289      1  898  
  338   23.6  0.0 16.4  contig_125_pilon    5255   5396 (382959) C rnd-1_family-2   Unknown       (17)    264    143  899 *
  417   23.2  7.9  9.3  contig_125_pilon    5302   5453 (382902) + rnd-1_family-37  Unknown         25    174   (24)  900  
 1065   21.3  0.0  0.9  contig_125_pilon    5454   5666 (382689) C rnd-1_family-97  Unknown     (1343)   3276   3066  901  
  642    9.9  2.3  8.0  contig_125_pilon    6421   6552 (381803) + rnd-2_family-80  Unknown          1    125   (15)  902  
  258   11.5  9.6  0.0  contig_125_pilon    6528   6579 (381776) C rnd-2_family-80  Unknown       (83)     57      1  903 *
  420   25.1  1.7  2.3  contig_125_pilon   14325  14499 (373856) + rnd-2_family-270 Unknown        432    605  (174)  904  
  349   24.8  0.0  2.0  contig_125_pilon   14684  14786 (373569) C rnd-1_family-49  Unknown        (9)    134     34  905  
  296   26.0  6.3  0.0  contig_125_pilon   14736  14862 (373493) + rnd-2_family-270 Unknown        532    666  (113)  906 *
  738   19.8  0.5  4.8  contig_125_pilon   15010  15205 (373150) C rnd-2_family-50  Unknown      (308)    188      1  907  
  597   21.7  0.0  6.0  contig_125_pilon   15829  15970 (372385) C rnd-1_family-97  Unknown     (1357)   3262   3129  908 *
 1938    8.1  0.0  0.0  contig_125_pilon   15970  16215 (372140) + rnd-1_family-16  Unknown          1    246    (0)  909  
  457   16.0  0.0  0.0  contig_125_pilon   16217  16291 (372064) C rnd-1_family-97  Unknown     (1486)   3133   3059  908  
  658   19.4  6.2  8.6  contig_125_pilon   18934  19159 (369196) + rnd-2_family-26  Unknown         26    246   (79)  910  
  376   23.0  0.0  0.0  contig_125_pilon   21953  22026 (366329) + rnd-1_family-97  Unknown       3062   3135 (1484)  911  
  353   23.0  4.8  3.8  contig_125_pilon   22274  22377 (365978) + rnd-1_family-97  Unknown       3171   3275 (1344)  911  
  525   30.4  5.7  3.0  contig_125_pilon   22912  23138 (365217) C rnd-1_family-96  Unknown     (1698)   1019    787  912  
 1802    9.8  0.0  0.4  contig_125_pilon   23294  23540 (364815) C rnd-1_family-16  Unknown        (0)    246      1  913  
  257   23.0  2.3  4.7  contig_125_pilon   24579  24710 (363645) C rnd-1_family-81  Unknown      (524)   2345   2217  914 *
  331   24.3  1.4  2.4  contig_125_pilon   24626  24773 (363582) + rnd-1_family-81  Unknown       2218   2336  (533)  915  
  467   19.7  0.0 14.9  contig_125_pilon   25938  26068 (362287) C rnd-1_family-97  Unknown     (1343)   3276   3163  916  
  258   32.0  0.0  0.0  contig_125_pilon   26382  26456 (361899) + rnd-2_family-80  Unknown          1     75   (65)  917  
 1532   13.8  0.0  0.5  contig_125_pilon   27216  27440 (360915) C rnd-1_family-17  Unknown        (1)    228      5  918  
  558   21.4  2.8  7.7  contig_125_pilon   28401  28577 (359778) C rnd-1_family-97  Unknown     (1342)   3277   3109  919 *
  609   23.8  1.7  1.7  contig_125_pilon   28570  28744 (359611) C rnd-1_family-97  Unknown     (1397)   3222   3048  920  
  856   26.9  2.1  2.7  contig_125_pilon   29158  29490 (358865) + rnd-2_family-50  Unknown         40    370  (126)  921  
 1074   14.8  0.4  8.5  contig_125_pilon   43596  43824 (344531) C rnd-2_family-194 Unknown        (4)    212      1  922  
  987   20.2  4.8  4.8  contig_125_pilon   44895  45123 (343232) C rnd-1_family-97  Unknown     (1342)   3277   3049  923  
  570   32.4  5.8  5.1  contig_125_pilon   45195  45523 (342832) C rnd-1_family-97  Unknown     (2050)   2569   2239  924  
 2668   12.0  0.0  4.7  contig_125_pilon   45609  46029 (342326) + rnd-1_family-8   Unknown          1    402   (14)  925  
 1146    7.0  1.2  1.9  contig_125_pilon   46031  46191 (342164) + rnd-1_family-20  Unknown          1    160    (0)  926  
  255   27.9  1.9  2.8  contig_125_pilon   46931  47037 (341318) C rnd-1_family-17  Unknown       (76)    153     48  927  
 1578    9.9  0.0  1.8  contig_125_pilon   48450  48676 (339679) + rnd-1_family-17  Unknown          1    223    (6)  928  
  424   28.5  3.4  3.0  contig_125_pilon   48689  48923 (339432) C rnd-1_family-96  Unknown     (1720)    997    762  929  
 1556   11.7  0.4  1.4  contig_125_pilon   51628  51852 (336503) + rnd-1_family-17  Unknown          7    229    (0)  930  
  329   18.3  1.4  0.0  contig_125_pilon   56605  56675 (331680) C rnd-1_family-69  Unknown        (6)    210    139  931  
  282   22.4  1.7  0.0  contig_125_pilon   56861  56918 (331437) C rnd-1_family-69  Unknown      (157)     59      1  931  
  631   17.6  0.7  7.9  contig_125_pilon   60816  60951 (327404) C rnd-3_family-310 Unknown      (398)    154     28  932  
  260   23.9  0.0  8.8  contig_125_pilon   61213  61299 (327056) C rnd-2_family-194 Unknown      (123)     93     14  933  
  309   26.1  9.9  3.2  contig_125_pilon   66413  66705 (321650) + rnd-1_family-66  Unknown        151    462  (257)  934  
  323   23.7  1.6  3.3  contig_125_pilon   66726  66847 (321508) + rnd-2_family-50  Unknown         19    138  (358)  935  
 1978   20.2  4.8 12.8  contig_125_pilon   70467  71170 (317185) + rnd-2_family-149 Unknown        132    785   (27)  936  
  352    9.7 12.7  1.4  contig_125_pilon   72488  72550 (315805) + rnd-1_family-49  Unknown         70    139    (4)  937  
  693   24.9  1.1  4.9  contig_125_pilon   72611  72884 (315471) C rnd-2_family-195 Unknown      (251)    301     38  938  
  750   12.0  0.0  0.0  contig_125_pilon   73035  73134 (315221) + rnd-1_family-8   Unknown          4    103  (313)  939  
 1832    8.7 13.8  1.2  contig_125_pilon   76991  77280 (311075) + rnd-1_family-8   Unknown         91    416    (0)  939  
  286   21.0  1.2  4.9  contig_125_pilon   80907  80991 (307364) C rnd-2_family-272 Unknown     (4696)   3375   3294  940  
  467   37.2  3.4  5.2  contig_125_pilon   86066  86419 (301936) + rnd-1_family-97  Unknown       2223   2570 (2049)  941  
  606   17.3  7.4  3.2  contig_125_pilon   88765  88913 (299442) + rnd-2_family-26  Unknown        122    276   (49)  942  
 1605    8.5  1.3  1.3  contig_125_pilon   89817  90042 (298313) C rnd-1_family-17  Unknown        (3)    226      1  943  
  303   22.8  7.4  5.8  contig_125_pilon   90602  90736 (297619) C rnd-2_family-399 Unknown       (47)    185     49  944  
  237   19.6  0.0  0.0  contig_125_pilon   92066  92111 (296244) C rnd-2_family-26  Unknown       (53)    272    227  945  
  719   23.9  7.1  2.9  contig_125_pilon   96460  96722 (291633) + rnd-3_family-189 Unknown         74    393    (3)  946  
  818   25.4  5.3  2.1  contig_125_pilon   97229  97550 (290805) C rnd-2_family-50  Unknown      (160)    336      5  947  
  644   29.3  4.2  2.5  contig_125_pilon   97551  97653 (290702) + rnd-2_family-195 Unknown        121    552    (0)  948  
  673   23.6  0.0 12.8  contig_125_pilon  109798 109991 (278364) + rnd-2_family-194 Unknown         45    216    (0)  949  
 1892   19.9  2.1  4.0  contig_125_pilon  110053 110566 (277789) C rnd-3_family-9   Unknown       (56)    536     32  950  
  317   17.3  0.0  3.5  contig_125_pilon  111126 111185 (277170) + rnd-1_family-69  Unknown          2     59  (157)  951  
  262   24.3  2.6  2.6  contig_125_pilon  111223 111298 (277057) + rnd-1_family-69  Unknown        137    212    (4)  951  
  610   14.8  4.0  2.4  contig_125_pilon  111303 111427 (276928) C rnd-2_family-26  Unknown       (75)    250    124  952  
  305   19.4  3.0  0.0  contig_125_pilon  114137 114203 (274152) + rnd-1_family-16  Unknown          1     69  (177)  953  
 1894    5.7  0.0  0.0  contig_125_pilon  116584 116829 (271526) + rnd-1_family-16  Unknown          1    246    (0)  954  
  272   35.7  0.6  1.2  contig_125_pilon  125087 125256 (263099) C ltr-1_family-12  LTR/Gypsy   (2570)   4894   4726  955  
  675   20.9  0.0  0.0  contig_125_pilon  126224 126362 (261993) + rnd-2_family-48  Unknown          3    141   (87)  956  
  667   20.0  2.0  0.7  contig_125_pilon  126371 126521 (261834) C rnd-3_family-57  Unknown        (2)   1255   1103  957  
  369   16.7  0.9 11.2  contig_125_pilon  126525 126632 (261723) + rnd-2_family-48  Unknown        129    226    (2)  956  
  327   20.4  3.1  3.1  contig_125_pilon  131529 131669 (256686) C rnd-1_family-49  Unknown       (17)    126     29  958  
  416   25.1  0.0  7.3  contig_125_pilon  132095 132197 (256158) + rnd-2_family-80  Unknown         41    136    (4)  959  
  258   20.7  0.0  0.0  contig_125_pilon  132161 132218 (256137) C rnd-2_family-80  Unknown       (82)     58      1  960 *
  329   29.7  2.1  2.1  contig_125_pilon  132321 132461 (255894) C rnd-2_family-26  Unknown       (55)    270    130  961  
 1458    9.6  1.3  1.8  contig_125_pilon  133895 134118 (254237) + rnd-1_family-17  Unknown          1    223    (6)  962  
 1502   11.3  0.9  0.4  contig_125_pilon  137090 137320 (251035) + rnd-1_family-52  Unknown          4    235  (223)  963  
  387   18.8  1.2  0.0  contig_125_pilon  137778 137862 (250493) + rnd-1_family-66  Unknown        215    300  (419)  964  
  535   26.9  2.9  2.4  contig_125_pilon  138030 138235 (250120) + rnd-2_family-26  Unknown         32    238   (87)  965  
 1433   10.9  1.4  0.5  contig_125_pilon  138707 138928 (249427) C rnd-1_family-17  Unknown        (5)    224      1  966  
 2630   11.6  2.2  2.4  contig_125_pilon  139233 139691 (248664) C rnd-1_family-52  Unknown        (0)    458      1  967  
  456   15.1  2.1  2.1  contig_125_pilon  139826 139920 (248435) + rnd-3_family-331 Unknown          1     95    (2)  968  
  326   22.1  3.7 11.2  contig_125_pilon  139919 140081 (248274) + rnd-2_family-26  Unknown        120    271   (54)  969 *
  497   21.7  3.9  0.0  contig_125_pilon  141031 141159 (247196) + rnd-2_family-26  Unknown        131    264   (61)  970  
  256   27.1  3.3  3.3  contig_125_pilon  141175 141296 (247059) + rnd-2_family-50  Unknown        268    389  (107)  971  
  926   20.4  0.9  1.9  contig_125_pilon  141336 141545 (246810) C rnd-2_family-48  Unknown       (15)    213      6  972  
  358   23.4  0.8  3.2  contig_125_pilon  147916 148043 (240312) + rnd-2_family-270 Unknown        347    471  (308)  973  
  443   28.9  4.0  4.3  contig_125_pilon  148097 148460 (239895) + rnd-2_family-270 Unknown        258    747   (32)  973  
  270   20.2  6.3  6.3  contig_125_pilon  148480 148590 (239765) C rnd-1_family-49  Unknown       (15)    128     18  974  
 4840    8.6  0.4  0.9  contig_125_pilon  167551 168235 (220120) + rnd-1_family-33  Unknown          1    682  (175)  975  
 1558   18.2  6.1 11.1  contig_125_pilon  175803 176389 (211966) C rnd-3_family-9   Unknown        (0)    592     32  976  
  496   18.1  0.0  1.1  contig_125_pilon  181540 181634 (206721) + rnd-2_family-399 Unknown        136    229    (3)  977  
  837   24.5  0.5  1.8  contig_125_pilon  181661 181880 (206475) C rnd-1_family-97  Unknown     (1341)   3278   3062  978  
 1407   15.2  0.9  0.9  contig_125_pilon  193984 194208 (194147) C rnd-1_family-17  Unknown        (4)    225      1  979  
 1293   29.6  4.7  4.4  contig_125_pilon  196940 197852 (190503) + rnd-1_family-34  Unknown          1    916   (48)  980  
 3821   23.1  2.7  0.2  contig_125_pilon  198755 199564 (188791) C rnd-1_family-31  Unknown     (1077)   1188    359  981  
 1238   27.9  0.0  0.6  contig_125_pilon  200120 200483 (187872) C rnd-1_family-31  Unknown     (1888)    377     16  981  
  275   16.4  2.5  1.2  contig_125_pilon  203546 203625 (184730) + rnd-1_family-81  Unknown       2239   2319  (550)  982 *
  611   25.2  3.8  7.3  contig_125_pilon  203618 203857 (184498) + rnd-2_family-26  Unknown         43    274   (51)  983  
 2476   15.9  5.0  7.7  contig_125_pilon  207216 207733 (180622) C rnd-1_family-58  Unknown        (1)    505      1  984  
 1033    9.5  6.5  0.0  contig_125_pilon  212531 212689 (175666) + rnd-1_family-2   Unknown         50    281    (0)  985  
  405   22.2  2.9 12.6  contig_125_pilon  213499 213637 (174718) + rnd-2_family-251 Unknown         22    148    (1)  986  
 1053   16.5  5.3  0.5  contig_125_pilon  221315 221503 (166852) C rnd-2_family-194 Unknown       (18)    198      1  987  
  316   24.7  1.2  0.0  contig_125_pilon  222539 222623 (165732) + rnd-3_family-57  Unknown       1172   1257    (0)  988  
  319   26.7  0.0  0.0  contig_125_pilon  223250 223335 (165020) + rnd-2_family-323 Unknown          1     86  (293)  989  
  404   26.6  6.2  1.2  contig_125_pilon  223375 223534 (164821) + rnd-2_family-323 Unknown        171    338   (41)  989  
  300   19.2  1.1  6.7  contig_125_pilon  226133 226227 (162128) + rnd-2_family-399 Unknown        142    231    (1)  990  
  229   17.5  0.0  0.0  contig_125_pilon  235053 235092 (153263) + rnd-1_family-16  Unknown          1     40  (206)  991  
 1608    9.7  0.4  0.0  contig_125_pilon  235098 235334 (153021) C rnd-1_family-16  Unknown        (8)    238      1  992  
  579   30.1  4.5  2.7  contig_125_pilon  239345 239787 (148568) + rnd-1_family-66  Unknown         74    524  (195)  993 *
  903   27.6  4.2  1.5  contig_125_pilon  239716 240116 (148239) C rnd-2_family-195 Unknown       (43)    509     98  994  
 1195   12.2 18.1  0.0  contig_125_pilon  241842 242078 (146277) C rnd-1_family-2   Unknown        (0)    281      2  995  
  395   13.0  0.0  2.6  contig_125_pilon  253257 253335 (135020) + rnd-2_family-251 Unknown         73    149    (0)  996  
  757   23.5  4.7  0.8  contig_125_pilon  254031 254266 (134089) + rnd-2_family-26  Unknown         37    281   (44)  997  
  456   23.3  0.0  1.7  contig_125_pilon  256701 256822 (131533) C rnd-2_family-436 Unknown       (88)    123      4  998  
  364   23.0  0.7 12.3  contig_125_pilon  257154 257307 (131048) + rnd-2_family-19  Unknown         30    167   (77)  999  
  298   17.0  0.0  0.0  contig_125_pilon  258973 259025 (129330) + rnd-1_family-69  Unknown          7     59  (157) 1000  
  245   24.4  6.4  0.0  contig_125_pilon  258978 259055 (129300) C rnd-1_family-51  Unknown     (4498)   2816   2734 1001 *
 1539   11.1  0.0  0.0  contig_125_pilon  259053 259277 (129078) + rnd-1_family-17  Unknown          1    225    (4) 1002  
  964   18.9  3.3  1.9  contig_125_pilon  260054 260263 (128092) C rnd-1_family-97  Unknown     (1343)   3276   3064 1003  
  574   30.2  1.9  0.5  contig_125_pilon  266870 267082 (121273) C rnd-1_family-97  Unknown     (1365)   3254   3039 1004  
  446   20.2  4.8  0.0  contig_125_pilon  267103 267206 (121149) C rnd-2_family-26  Unknown       (79)    246    138 1005  
  287   22.2  3.3  1.1  contig_125_pilon  267247 267337 (121018) C rnd-3_family-331 Unknown        (4)     93      1 1006  
 1006   14.6  0.0  2.7  contig_125_pilon  287118 287307 (101048) C rnd-1_family-17  Unknown        (2)    227     43 1007  
  234   21.2  3.5  2.3  contig_125_pilon  288505 288591  (99764) C rnd-2_family-50  Unknown       (87)    409    322 1008  
  277   27.1 10.5  1.4  contig_125_pilon  288599 288789  (99566) + rnd-2_family-270 Unknown        454    661  (118) 1009 *
  304   30.9  0.5  2.6  contig_125_pilon  288672 288864  (99491) C rnd-2_family-50  Unknown      (307)    189      1 1010  
  329   27.3  5.5  1.3  contig_125_pilon  292821 292965  (95390) C rnd-1_family-2   Unknown        (1)    280    130 1011 *
  398   23.1  9.8  2.3  contig_125_pilon  292840 293003  (95352) + rnd-1_family-37  Unknown          1    176   (22) 1012  
  248    9.6  9.6  0.0  contig_125_pilon  297669 297720  (90635) + rnd-2_family-19  Unknown         44    100  (144) 1013  
  584   28.8  2.4  1.4  contig_125_pilon  302105 302312  (86043) + rnd-2_family-194 Unknown          3    212    (4) 1014  
  348   26.1  5.2  0.0  contig_125_pilon  302937 303051  (85304) + rnd-1_family-97  Unknown       2355   2475 (2144) 1015  
 1539    9.4  0.4  0.9  contig_125_pilon  308301 308526  (79829) + rnd-1_family-17  Unknown          1    225    (4) 1016  
  938   16.4 11.9  0.0  contig_125_pilon  308586 308762  (79593) C rnd-1_family-37  Unknown        (0)    198      1 1017  
  481   24.1  7.6  2.0  contig_125_pilon  308639 308782  (79573) + rnd-1_family-2   Unknown        130    281    (0) 1018 *
  574   30.0  0.0  0.9  contig_125_pilon  308908 309119  (79236) C rnd-1_family-97  Unknown     (1351)   3268   3059 1019  
  358   17.2  0.0  0.0  contig_125_pilon  309433 309496  (78859) + rnd-2_family-399 Unknown        166    229    (3) 1020  
  284   28.1  4.0  2.2  contig_125_pilon  310392 310566  (77789) + rnd-2_family-195 Unknown         35    212  (340) 1021 *
  420   23.1  4.1  1.3  contig_125_pilon  310425 310569  (77786) C rnd-2_family-50  Unknown      (108)    388    240 1022  
  410   20.2  2.1  0.0  contig_125_pilon  310992 311085  (77270) + rnd-2_family-11  Unknown          1     96  (135) 1023  
  409   26.2  1.9  4.6  contig_125_pilon  336007 336162  (52193) C rnd-2_family-194 Unknown       (17)    199     48 1024  
  317   20.6  5.6  3.1  contig_125_pilon  336651 336775  (51580) + rnd-2_family-270 Unknown        375    502  (277) 1025 *
  636   19.1  1.1  3.3  contig_125_pilon  336771 336954  (51401) + rnd-2_family-195 Unknown        372    551    (1) 1026  
  559   25.8  5.2  3.2  contig_125_pilon  337720 337967  (50388) + rnd-2_family-26  Unknown         25    277   (48) 1027  
 1603   10.7  0.4  0.4  contig_125_pilon  347277 347502  (40853) C rnd-1_family-17  Unknown        (3)    226      1 1028  
 2225    5.5  0.3  0.7  contig_125_pilon  348000 348308  (40047) C rnd-1_family-81  Unknown        (0)   2869   2562 1029  
  594   19.6  8.2 10.8  contig_125_pilon  350794 351050  (37305) C rnd-2_family-108 Unknown        (9)    292     42 1030  
  527   26.1  5.3  3.2  contig_125_pilon  358951 359195  (29160) + rnd-2_family-272 Unknown       3321   3570 (4501) 1031  
 1114   16.3  9.9  3.0  contig_125_pilon  360869 361152  (27203) C rnd-2_family-190 Unknown      (144)    303      1 1032  
  346   23.3 16.3  0.0  contig_125_pilon  367693 367821  (20534) C rnd-2_family-26  Unknown      (130)    195     46 1033  
 1024   17.6  0.0 15.7  contig_125_pilon  368471 368699  (19656) + rnd-1_family-37  Unknown          1    198    (0) 1034  
  801   19.9  0.0 12.6  contig_125_pilon  380028 380251   (8104) C rnd-2_family-48  Unknown        (6)    222     24 1035  
  497   25.2  4.9  0.0  contig_125_pilon  382450 382572   (5783) + rnd-1_family-97  Unknown       3149   3277 (1342) 1036  
  300   20.1  0.0  6.2  contig_125_pilon  387565 387649    (706) C rnd-1_family-97  Unknown     (2065)   2554   2475 1037  
 1953    7.5  0.0  0.0  contig_125_pilon  387930 388184    (171) C rnd-1_family-36  Unknown        (0)    255      1 1038  
23672    3.0  0.6  0.3  contig_126_pilon      1  2860 (96014) + rnd-1_family-81  Unknown         1   2869    (0) 1039  
11630    6.4  0.7  3.9  contig_126_pilon   3297  5298 (93576) C rnd-1_family-62  Unknown       (0)   1636      1 1040  
  477   26.5  0.0  4.5  contig_126_pilon   5462  5623 (93251) + rnd-3_family-333 Unknown       548    702    (7) 1041  
  227   16.1  3.1  4.7  contig_126_pilon  13005 13069 (85805) + rnd-1_family-49  Unknown        51    114   (29) 1042  
24223    2.4  0.6  0.2  contig_126_pilon  13149 16498 (82376) + rnd-1_family-81  Unknown         1   2869    (0) 1043  
13181    3.4  0.5  0.5  contig_126_pilon  16935 18570 (80304) C rnd-1_family-62  Unknown       (0)   1636      1 1044  
  432   25.2  0.0  0.9  contig_126_pilon  18738 18853 (80021) + rnd-3_family-333 Unknown       552    666   (43) 1045  
23114    2.2  0.4  0.4  contig_126_pilon  26439 29473 (69401) + rnd-1_family-77  Unknown         1   2750    (0) 1046  
 1437   15.4  0.4  1.3  contig_126_pilon  30512 30741 (68133) + rnd-1_family-17  Unknown         1    228    (1) 1047  
  318   20.9  2.2  1.1  contig_126_pilon  48288 48379 (50495) C rnd-1_family-81  Unknown     (558)   2311   2219 1048  
  267   24.8  1.9  0.0  contig_126_pilon  48291 48395 (50479) + rnd-1_family-81  Unknown      2234   2340  (529) 1049 *
  472   20.8 22.6  2.4  contig_126_pilon  53015 53226 (45648) C rnd-2_family-26  Unknown      (51)    274     21 1050  
  542   24.5  6.0  1.7  contig_126_pilon  53636 53801 (45073) C rnd-2_family-48  Unknown      (51)    177      5 1051  
  433   26.1  4.6  6.4  contig_126_pilon  53828 54064 (44810) + rnd-2_family-26  Unknown        64    296   (29) 1052  
  268   30.3  0.0  1.3  contig_126_pilon  54380 54456 (44418) C rnd-1_family-97  Unknown    (1373)   3246   3171 1053  
  326   25.3  3.4  1.1  contig_126_pilon  54640 54727 (44147) C rnd-1_family-97  Unknown    (1481)   3138   3049 1053  
  390   18.6 31.7  1.7  contig_126_pilon  56078 56293 (42581) + rnd-2_family-26  Unknown        12    292   (33) 1054  
  630   25.0  5.4  2.4  contig_126_pilon  58582 58786 (40088) C rnd-2_family-108 Unknown      (40)    261     51 1055  
 1850   17.0  3.7  4.8  contig_126_pilon  63412 63898 (34976) + rnd-3_family-9   Unknown        32    513   (79) 1056  
  410   23.3  6.8  3.8  contig_126_pilon  64034 64238 (34636) C rnd-2_family-50  Unknown      (71)    425    215 1057  
  257   16.9  3.8  3.8  contig_126_pilon  66521 66600 (32274) + rnd-2_family-50  Unknown       131    210  (286) 1058  
 1527   12.1  0.0  2.7  contig_126_pilon  66717 66946 (31928) + rnd-1_family-17  Unknown         2    225    (4) 1059  
  637   14.8  7.0  5.6  contig_126_pilon  70220 70377 (28497) + rnd-2_family-26  Unknown       125    284   (41) 1060  
  797   25.3  9.2  0.0  contig_126_pilon  81925 82153 (16721) + rnd-2_family-26  Unknown        27    276   (49) 1061  
  520    8.3  1.4  0.0  contig_126_pilon  85323 85394 (13480) C rnd-3_family-331 Unknown      (19)     78      6 1062  
  530   13.8  0.0  0.0  contig_126_pilon  93608 93687  (5187) C rnd-1_family-69  Unknown       (0)    216    137 1063  
  507    1.7  0.0  0.0  contig_126_pilon  95091 95149  (3725) + rnd-1_family-15  DNA/MULE-F      7     65 (3642) 1064  
  468   18.6  0.0  1.2  contig_126_pilon  95150 95175  (3699) C rnd-1_family-55  Unknown       (5)   3646   3563 1065  
17010   10.4  0.9  0.5  contig_126_pilon  96152 98867     (7) + rnd-1_family-35  Unknown         1   2632    (0) 1066  
 1791   18.6  0.5  0.8  contig_127_pilon      1   369 (17829) C rnd-1_family-23 Unknown     (1795)   2614   2247 1067  
 1783   25.9  1.9  2.9  contig_127_pilon    930  1518 (16680) C rnd-1_family-51 Unknown        (5)   7309   6727 1068  
  809   28.6  4.7  3.8  contig_127_pilon   3904  4244 (13954) + rnd-1_family-5  Unknown        426    769  (268) 1069  
  762   29.0  3.9  3.9  contig_127_pilon   3944  4324 (13874) C rnd-1_family-51 Unknown     (3201)   4113   3733 1070 *
  838   25.3  9.0  2.8  contig_127_pilon   4404  4802 (13396) C rnd-1_family-51 Unknown     (3611)   3703   3281 1070  
 2705    0.0  0.0  0.3  contig_127_pilon   4808  5098 (13100) C ltr-1_family-20 LTR/Unknown    (0)    290      1 1071 *
25312    8.5  0.7  1.4  contig_127_pilon   5090  9920  (8278) C ltr-1_family-19 LTR/Copia      (0)   4486      1 1072  
 2735    0.0  0.0  0.0  contig_127_pilon   9921 10210  (7988) C ltr-1_family-20 LTR/Unknown    (0)    290      1 1073  
  302   32.9  0.0  1.5  contig_127_pilon  10217 10355  (7843) C rnd-1_family-51 Unknown     (4036)   3278   3142 1070  
37792    2.9  0.9  1.0  contig_127_pilon  10366 14953  (3245) C rnd-1_family-23 Unknown        (0)   4409      1 1074  
 2304   11.1  0.5  3.3  contig_127_pilon  14959 15331  (2867) + rnd-1_family-33 Unknown        495    857    (0) 1075  
 1351   27.7  0.8  1.4  contig_127_pilon  15338 15707  (2491) C rnd-1_family-51 Unknown     (6856)    458     91 1076  
18358    4.5  1.7  0.1  contig_127_pilon  15886 18198     (0) C rnd-1_family-32 Unknown        (0)   2539      5 1077  
 2738   16.3  3.5  0.4  contig_130_pilon      1   451 (89214) + ltr-1_family-12  LTR/Gypsy     6986   7450   (14) 1078  
 1323   18.5  2.8  3.5  contig_130_pilon    466   756 (88909) + ltr-1_family-11  LTR/Unknown      1    289    (0) 1079  
  580   17.8  0.9  0.0  contig_130_pilon    753   859 (88806) + ltr-1_family-12  LTR/Gypsy     7345   7452   (12) 1080 *
  729   21.9  3.6  1.8  contig_130_pilon   1095  1317 (88348) C rnd-2_family-399 Unknown        (1)    231      5 1081  
  680   22.2  0.0  5.7  contig_130_pilon  18942 19127 (70538) C rnd-1_family-97  Unknown     (1348)   3271   3096 1082  
  407   27.9  3.4  4.1  contig_130_pilon  19932 20077 (69588) C rnd-3_family-57  Unknown        (0)   1257   1113 1083  
  629   24.7  2.9  0.6  contig_130_pilon  21039 21209 (68456) + rnd-1_family-97  Unknown       3048   3222 (1397) 1084 *
  715   20.4  4.6  2.5  contig_130_pilon  21201 21396 (68269) + rnd-1_family-97  Unknown       3045   3244 (1375) 1085  
 1363   14.5  0.0  2.3  contig_130_pilon  22832 23057 (66608) C rnd-1_family-17  Unknown        (4)    225      5 1086  
 1501   12.2  0.0  1.8  contig_130_pilon  23076 23301 (66364) + rnd-1_family-17  Unknown          5    226    (3) 1087  
 2652   20.0 11.4  1.3  contig_130_pilon  23679 24378 (65287) C rnd-2_family-110 Unknown       (33)    774      3 1088  
  393   30.8  0.0  0.0  contig_130_pilon  24502 24605 (65060) C rnd-1_family-97  Unknown     (1345)   3274   3171 1089  
  403   24.3  3.4  1.7  contig_130_pilon  24846 24962 (64703) C rnd-1_family-97  Unknown     (1484)   3135   3017 1089  
 3115    9.0  0.0  0.2  contig_130_pilon  26017 26416 (63249) C rnd-1_family-11  Unknown        (1)    399      1 1090  
 1951   19.9  0.5  7.5  contig_130_pilon  26779 27447 (62218) + rnd-2_family-247 Unknown         62    645  (583) 1091  
 2284   24.8  0.2  3.7  contig_130_pilon  27515 28104 (61561) + rnd-2_family-247 Unknown        659   1228    (0) 1091  
 1220   15.1  0.0  4.2  contig_130_pilon  28748 28968 (60697) C rnd-1_family-17  Unknown        (4)    225     14 1092  
  788   22.0  1.6  2.8  contig_130_pilon  29631 29812 (59853) C rnd-1_family-97  Unknown     (1344)   3275   3096 1093  
 1077   15.9  5.4  1.3  contig_130_pilon  31144 31366 (58299) + ltr-1_family-3   LTR/Unknown     21    252    (2) 1094  
  237   20.8  0.0  0.0  contig_130_pilon  41801 41848 (47817) C rnd-2_family-272 Unknown     (4710)   3361   3314 1095  
  973   16.0  8.9  2.4  contig_130_pilon  42254 42490 (47175) + rnd-3_family-399 Unknown          1    252  (691) 1096 *
 2659   14.0  3.6  2.2  contig_130_pilon  42302 42798 (46867) C rnd-3_family-399 Unknown       (15)    928    425 1097  
  343   18.3  1.7  0.0  contig_130_pilon  56328 56387 (33278) + rnd-1_family-17  Unknown          8     68  (161) 1098 *
  413   17.1  1.3  1.3  contig_130_pilon  56384 56460 (33205) + rnd-1_family-17  Unknown        148    224    (5) 1098  
  473   31.7  3.8  7.3  contig_130_pilon  56639 56951 (32714) C rnd-2_family-323 Unknown       (76)    303      1 1099  
  819   16.8 10.7  2.8  contig_130_pilon  80306 80501  (9164) C rnd-2_family-194 Unknown        (4)    212      2 1100  
 1471   10.1  2.3  1.4  contig_130_pilon  82406 82626  (7039) + rnd-1_family-17  Unknown          1    223    (6) 1101  
 1275   15.9  0.9  0.9  contig_130_pilon  82629 82844  (6821) C rnd-1_family-17  Unknown        (9)    220      5 1102  
  754   10.4 19.4  0.0  contig_130_pilon  82948 83081  (6584) C rnd-1_family-20  Unknown        (0)    160      1 1103  
 2775   10.0  0.0  0.8  contig_130_pilon  83085 83457  (6208) + rnd-1_family-11  Unknown         27    396    (4) 1104  
  853   20.0  0.0  1.2  contig_130_pilon  84034 84205  (5460) + rnd-1_family-97  Unknown       3108   3277 (1342) 1105  
  998   15.1 21.0  0.0  contig_130_pilon  84210 84428  (5237) + rnd-1_family-2   Unknown         16    280    (1) 1106  
 1769    9.8  0.0  0.4  contig_130_pilon  85628 85874  (3791) C rnd-1_family-16  Unknown        (0)    246      1 1107  
 1969    6.5  0.0  0.0  contig_130_pilon  88350 88595  (1070) C rnd-1_family-16  Unknown        (0)    246      1 1108  
  260   15.0  0.0  0.0  contig_15_pilon  12811 12850 (4306) C rnd-1_family-61 Unknown     (898)   3100   3061 1109  
  309   22.2  0.0  3.3  contig_15_pilon  15804 15896 (1260) C rnd-1_family-86 Unknown     (624)    163     74 1110  
  323   23.2  3.4  8.0  contig_16_pilon    376   492 (12615) + rnd-1_family-57 Unknown       765    876  (168) 1111  
  632   29.8  5.5  5.2  contig_16_pilon   4158  4522  (8585) + ltr-1_family-17 LTR/Gypsy    4102   4467  (758) 1112  
  423   31.7  3.9  6.2  contig_16_pilon   5946  6174  (6933) + ltr-1_family-17 LTR/Gypsy    4121   4344  (881) 1113  
  429   28.5  3.0  1.2  contig_16_pilon   7214  7380  (5727) + rnd-1_family-5  Unknown       233    402  (635) 1114  
 1157   29.0  3.7  3.8  contig_16_pilon   8371  9022  (4085) C rnd-1_family-34 Unknown     (313)    651      1 1115  
  342   18.2  0.0 23.7  contig_16_pilon  10085 10199  (2908) + rnd-1_family-20 Unknown        68    160    (0) 1116  
 1560   11.7  0.5  0.9  contig_16_pilon  10454 10677  (2430) C rnd-1_family-17 Unknown       (6)    223      1 1117  
 2105   14.5  0.3  0.6  contig_18_pilon     17   356 (35248) C ltr-1_family-6  LTR/Gypsy  (4923)   8479   8141 1118  
10589   17.8  0.2  2.0  contig_18_pilon    358  2243 (33361) + rnd-1_family-47 LTR/Gypsy    1387   3238 (2402) 1119  
 3912    7.6  0.0  0.2  contig_18_pilon   2244  2730 (32874) C rnd-1_family-58 Unknown      (20)    486      1 1120  
21393    3.5  0.1  0.1  contig_18_pilon   4460  6903 (28701) C rnd-1_family-90 Unknown       (0)   2444      1 1121  
  427   11.9  0.0  0.0  contig_18_pilon   8407  8473 (27131) C rnd-1_family-90 Unknown    (2377)     67      1 1122 *
 6419   14.0  1.8  3.8  contig_18_pilon   8471  9552 (26052) + ltr-1_family-6  LTR/Gypsy    8474   9534 (3868) 1123  
19958   15.6  0.8  1.6  contig_18_pilon   9553 12840 (22764) C ltr-1_family-6  LTR/Gypsy  (2001)  11401   8141 1124  
  341   20.9  1.1  3.5  contig_18_pilon  33445 33533  (2071) C rnd-1_family-86 Unknown     (631)    156     70 1125  
  307   26.0  7.5  0.8  contig_18_pilon  35061 35180   (424) C rnd-1_family-77 Unknown    (1505)   1245   1118 1126  
 9101   24.3  0.6  1.1  contig_19_pilon      575    2590 (1700096) + rnd-1_family-43   DNA/Sola-1       431   2434  (643) 1127  
 2361   27.3  6.3  0.3  contig_19_pilon     2592    3479 (1699207) + rnd-1_family-68   DNA/Sola-1      1466   2406    (0) 1128  
14357    5.8  0.5  0.2  contig_19_pilon    10941   12683 (1690003) + rnd-1_family-90   Unknown            2   1749  (695) 1129  
 7833   10.2  0.2  0.1  contig_19_pilon    12702   13736 (1688950) + rnd-1_family-90   Unknown         1409   2444    (0) 1130  
 1261    9.9  0.6  0.0  contig_19_pilon    13741   13911 (1688775) C rnd-1_family-59   LTR/Gypsy     (7279)   1714   1543 1131  
 1072   32.4  4.8  4.6  contig_19_pilon    14797   15466 (1687220) C rnd-1_family-26   Unknown       (2120)   2428   1758 1132  
  407   28.8 10.6  2.7  contig_19_pilon    15413   15687 (1686999) C rnd-1_family-15   DNA/MULE-F    (1511)   2196   1901 1133 *
  326   35.7  3.2  1.6  contig_19_pilon    15533   15720 (1686966) C rnd-1_family-46   Unknown        (519)   6998   6808 1134 *
 2384   24.2  0.4  0.2  contig_19_pilon    16757   17291 (1685395) + rnd-1_family-43   DNA/Sola-1       695   1230 (1847) 1135  
19843   12.3  0.3  1.5  contig_19_pilon    18770   21669 (1681017) C ltr-1_family-6    LTR/Gypsy     (2000)  11402   8538 1136 *
23921   10.1  1.0  0.2  contig_19_pilon    21659   24902 (1677784) + ltr-1_family-6    LTR/Gypsy       8136  11405 (1997) 1137  
 2703   13.6  0.5  0.5  contig_19_pilon    24899   25311 (1677375) C ltr-1_family-6    LTR/Gypsy     (4855)   8547   8135 1136 *
 1462   28.5  4.7  0.2  contig_19_pilon    27582   28006 (1674680) + rnd-1_family-61   Unknown         3073   3516  (482) 1138  
 1081   32.5  6.2  2.7  contig_19_pilon    27627   28192 (1674494) C rnd-1_family-6    Unknown          (4)   1809   1225 1139 *
30305    6.5  0.1  0.0  contig_19_pilon    28497   32202 (1670484) + rnd-1_family-15   DNA/MULE-F         1   3707    (0) 1140  
29759   12.1  0.8  0.6  contig_19_pilon    29019   34221 (1668465) C rnd-1_family-67   Unknown         (18)   4530     15 1141 *
24753    7.7  0.5  0.3  contig_19_pilon    36034   39264 (1663422) C rnd-1_family-47   LTR/Gypsy     (2402)   3238      1 1142  
  309   27.1  8.4  0.0  contig_19_pilon    39594   39700 (1662986) C rnd-1_family-61   Unknown         (29)   3969   3854 1143  
19510   17.7  1.3  0.8  contig_19_pilon    39741   44254 (1658432) C rnd-1_family-61   Unknown        (225)   3773      1 1143  
  236   14.3  0.0  0.0  contig_19_pilon    45311   45352 (1657334) C rnd-1_family-15   DNA/MULE-F    (3637)     70     29 1144  
  272    7.6  0.0 10.0  contig_19_pilon    46815   46858 (1655828) + rnd-1_family-6    Unknown          803    842  (971) 1145  
  908   28.4  1.4  1.8  contig_19_pilon    48952   49234 (1653452) + rnd-1_family-24   Unknown         1540   1821 (2727) 1146  
 1046   12.1  2.2  1.6  contig_19_pilon    50787   50971 (1651715) + rnd-2_family-156  DNA/TcMar-Tc1   1409   1594    (0) 1147  
 2016   20.6  8.6  0.2  contig_19_pilon    57060   57487 (1645199) C ltr-1_family-9    LTR/Unknown      (0)    493     30 1148  
 2067   20.6  8.7  0.0  contig_19_pilon    62846   63272 (1639414) + ltr-1_family-9    LTR/Unknown       30    493    (0) 1149  
20224   12.8  0.8  1.1  contig_19_pilon    70295   73275 (1629411) C rnd-1_family-55   Unknown          (0)   3653    682 1150  
 4047   26.7  0.8  3.0  contig_19_pilon    73290   74454 (1628232) C rnd-1_family-24   Unknown       (3160)   1388    249 1151  
  632   26.7  2.7  0.0  contig_19_pilon    74516   74740 (1627946) C rnd-1_family-24   Unknown       (4316)    232      2 1151  
19645   12.9  0.8  1.1  contig_19_pilon    74874   77777 (1624909) + rnd-1_family-55   Unknown          759   3653    (0) 1152  
 2037   20.6  8.6  0.2  contig_19_pilon    84802   85229 (1617457) C ltr-1_family-9    LTR/Unknown      (0)    493     30 1153  
 1510   28.6  0.5  0.8  contig_19_pilon    88657   89044 (1613642) + rnd-1_family-26   Unknown         2368   2754 (1794) 1154  
  270   30.6  2.9  5.2  contig_19_pilon    90828   90965 (1611721) + rnd-1_family-94   Unknown          309    443    (0) 1155  
 2413   27.5  0.0  0.7  contig_19_pilon    90966   91510 (1611176) + rnd-1_family-26   Unknown         2751   3291 (1257) 1154 *
 2598   29.1  2.2  2.4  contig_19_pilon    91493   92464 (1610222) + rnd-1_family-26   Unknown         3465   4434  (114) 1154  
 3477   24.6  0.5  2.1  contig_19_pilon    96305   97081 (1605605) C rnd-1_family-72   Unknown          (1)    765      1 1156  
  985   24.4  0.5  0.0  contig_19_pilon   103776  103992 (1598694) C rnd-1_family-97   Unknown       (1343)   3276   3059 1157  
 1683   20.4  2.1  7.7  contig_19_pilon   104152  104686 (1598000) + rnd-3_family-9    Unknown           32    538   (54) 1158  
 1107   31.9  3.8  1.9  contig_19_pilon   109010  109515 (1593171) + rnd-1_family-82   Unknown          140    654 (4481) 1159  
 2086   10.8  0.3  0.0  contig_19_pilon   109525  109812 (1592874) + ltr-1_family-11   LTR/Unknown        1    289    (0) 1160  
  607   14.9  0.9  0.9  contig_19_pilon   109808  109915 (1592771) + ltr-1_family-12   LTR/Gypsy       7344   7451   (13) 1161 *
 4202   24.0  1.1  2.0  contig_19_pilon   109914  111026 (1591660) + rnd-1_family-64   Unknown            2   1076 (5399) 1162  
  692   29.2 13.1  4.5  contig_19_pilon   112346  112696 (1589990) C rnd-3_family-189  Unknown         (16)    380      1 1163  
  380   21.7  8.4  0.0  contig_19_pilon   113151  113233 (1589453) C rnd-3_family-189  Unknown         (11)    385    296 1164  
 1461   12.2  3.6  0.4  contig_19_pilon   113526  113747 (1588939) + rnd-1_family-17   Unknown            1    229    (0) 1165  
  412   16.7  1.1  5.9  contig_19_pilon   120940  121028 (1581658) C rnd-1_family-97   Unknown       (1345)   3274   3190 1166  
  540   27.4 14.3  0.0  contig_19_pilon   121579  121746 (1580940) C rnd-1_family-97   Unknown       (1342)   3277   3086 1167  
21298    3.6  0.1  0.1  contig_19_pilon   125553  127996 (1574690) + rnd-1_family-90   Unknown            1   2444    (0) 1168  
 2126   14.5  0.3  0.9  contig_19_pilon   127985  128331 (1574355) C ltr-1_family-6    LTR/Gypsy     (4917)   8485   8141 1169 *
10291   18.2  0.3  2.1  contig_19_pilon   128333  130218 (1572468) + rnd-1_family-47   LTR/Gypsy       1387   3238 (2402) 1170  
 3769    8.2  0.2  0.4  contig_19_pilon   130219  130705 (1571981) C rnd-1_family-58   Unknown         (20)    486      1 1171  
19840    5.0  0.6  0.5  contig_19_pilon   132442  134879 (1567807) C rnd-1_family-90   Unknown          (5)   2439      1 1172  
  427   11.9  0.0  0.0  contig_19_pilon   136384  136450 (1566236) C rnd-1_family-90   Unknown       (2377)     67      1 1173 *
 5529   16.9  2.6  4.2  contig_19_pilon   136448  137524 (1565162) + ltr-1_family-6    LTR/Gypsy       8474   9534 (3868) 1174  
19073   16.0  1.2  2.0  contig_19_pilon   137525  140809 (1561877) C ltr-1_family-6    LTR/Gypsy     (2001)  11401   8141 1175  
  550   21.8  5.1  4.7  contig_19_pilon   148329  148603 (1554083) + rnd-3_family-9    Unknown           32    307  (285) 1176  
  398   23.4  5.4  0.8  contig_19_pilon   152014  152125 (1550561) C rnd-1_family-5    Unknown        (621)    416    300 1177  
  469   24.3  3.6  0.0  contig_19_pilon   154017  154127 (1548559) C rnd-1_family-5    Unknown        (646)    391    277 1178  
  409   20.4  2.9  0.0  contig_19_pilon   156646  156748 (1545938) C rnd-2_family-26   Unknown         (53)    272    167 1179  
 3019    8.4  0.3  0.0  contig_19_pilon   159168  159559 (1543127) C ltr-1_family-21   LTR/Gypsy     (5359)    403     11 1180  
  969    6.8  0.0  0.0  contig_19_pilon   159540  159657 (1543029) C ltr-1_family-22   LTR/Unknown      (0)    120      3 1181 *
28837    0.0  0.0  0.0  contig_19_pilon   159658  162744 (1539942) C ltr-1_family-21   LTR/Gypsy        (0)   5762   2676 1182  
  446   33.5  5.0  5.7  contig_19_pilon   162739  163458 (1539228) C ltr-1_family-10   LTR/Gypsy     (2420)   3148   2434 1183 *
24844    0.0  0.0  0.0  contig_19_pilon   163459  166139 (1536547) C ltr-1_family-21   LTR/Gypsy     (3081)   2681      1 1184  
 1111    0.0  0.0  0.0  contig_19_pilon   166140  166259 (1536427) C ltr-1_family-22   LTR/Unknown      (0)    120      1 1185  
  248   18.8  1.6  0.0  contig_19_pilon   172464  172527 (1530159) + rnd-2_family-272  Unknown         3313   3377 (4694) 1186  
  303   13.2  0.0  0.0  contig_19_pilon   172672  172724 (1529962) C rnd-2_family-272  Unknown       (4705)   3366   3314 1187  
  425   24.3  0.9  2.9  contig_19_pilon   174504  174609 (1528077) + rnd-2_family-80   Unknown            2    105   (35) 1188  
  389   18.6  0.0  0.0  contig_19_pilon   174789  174858 (1527828) + rnd-3_family-331  Unknown            1     70   (27) 1189  
  748   21.3 18.6  1.3  contig_19_pilon   190246  190583 (1512103) + rnd-3_family-333  Unknown          116    511  (198) 1190  
  448   19.8  0.0  0.0  contig_19_pilon   190593  190678 (1512008) + rnd-3_family-333  Unknown          618    703    (6) 1190  
 2283    0.8  0.0  0.0  contig_19_pilon   202757  203010 (1499676) C ltr-1_family-3    LTR/Unknown      (0)    254      1 1191  
48790    0.9  0.7  0.0  contig_19_pilon   203011  208344 (1494342) C ltr-1_family-4    LTR/Copia        (0)   5370      1 1192  
 2253    0.8  0.0  0.4  contig_19_pilon   208345  208599 (1494087) C ltr-1_family-3    LTR/Unknown      (0)    254      1 1193  
  445   27.4  3.2  0.6  contig_19_pilon   209370  209523 (1493163) C rnd-2_family-26   Unknown         (51)    274    117 1194  
  441   16.0  0.0  1.3  contig_19_pilon   209529  209604 (1493082) C rnd-3_family-331  Unknown         (22)     75      1 1195  
  823   23.9  5.9  2.4  contig_19_pilon   210553  210960 (1491726) C rnd-2_family-50   Unknown         (73)    423      2 1196  
  269   31.4  6.2  3.0  contig_19_pilon   210946  211300 (1491386) C rnd-1_family-66   Unknown        (194)    525    160 1197 *
  714   18.4  0.8 15.4  contig_19_pilon   212656  212893 (1489793) C rnd-2_family-399  Unknown          (1)    231     24 1198  
  241   18.8 11.0 10.3  contig_19_pilon   218092  218245 (1484441) C rnd-1_family-96   Unknown       (1798)    919    765 1199  
  731   28.9  0.9  0.9  contig_19_pilon   235788  236000 (1466686) + rnd-1_family-97   Unknown         3065   3277 (1342) 1200  
  252   28.7  2.1  3.1  contig_19_pilon   236524  236620 (1466066) + rnd-1_family-66   Unknown          136    231  (488) 1201  
  248   22.1  0.0  2.9  contig_19_pilon   236630  236699 (1465987) + rnd-1_family-49   Unknown           76    143    (0) 1202  
  413   22.3  1.9  0.9  contig_19_pilon   236786  236889 (1465797) + rnd-2_family-50   Unknown            1    105  (391) 1203  
  674   21.2 23.0  0.5  contig_19_pilon   237036  237222 (1465464) C rnd-2_family-11   Unknown          (2)    229      1 1204  
  764   26.6  7.3  6.8  contig_19_pilon   237247  237855 (1464831) + rnd-2_family-270  Unknown           55    706   (73) 1205  
 1019   25.4  7.4  2.9  contig_19_pilon   239368  239934 (1462752) C rnd-2_family-272  Unknown       (6691)   1380    789 1206  
  701   26.6  7.0  3.0  contig_19_pilon   240128  240601 (1462085) C rnd-2_family-272  Unknown       (6749)   1322    831 1207  
 1397    9.7  1.0  0.5  contig_19_pilon   241519  241715 (1460971) C rnd-1_family-37   Unknown          (0)    198      1 1208  
  284   23.9  2.9  2.9  contig_19_pilon   242004  242048 (1460638) + rnd-2_family-195  Unknown           38    175  (377) 1209  
  312   20.9  1.1  2.2  contig_19_pilon   242049  242141 (1460545) C rnd-2_family-50   Unknown        (122)    374    283 1210  
  461   33.5  5.1  3.3  contig_19_pilon   242261  242711 (1459975) C rnd-1_family-66   Unknown        (237)    482     24 1211  
 1503   12.5  0.0  4.0  contig_19_pilon   242844  243077 (1459609) C rnd-1_family-17   Unknown          (4)    225      1 1212  
 1042   17.7  3.2  7.9  contig_19_pilon   246003  246254 (1456432) + rnd-2_family-19   Unknown            1    241    (3) 1213  
  334   29.8  3.8  4.3  contig_19_pilon   258977  259162 (1443524) C rnd-1_family-58   Unknown        (321)    185      1 1214  
  254   21.0 13.7  4.8  contig_19_pilon   262112  262206 (1440480) + rnd-2_family-26   Unknown           83    185  (140) 1215  
 1277    8.4 10.5  0.0  contig_19_pilon   265231  265420 (1437266) C rnd-2_family-436  Unknown          (1)    210      1 1216  
 3159   19.0  2.0  5.0  contig_19_pilon   270210  270957 (1431729) C rnd-2_family-110  Unknown         (75)    732      6 1217  
  459   28.5 15.8  0.0  contig_19_pilon   271344  271508 (1431178) + rnd-1_family-97   Unknown         3078   3268 (1351) 1218  
  454   26.0  0.7  6.4  contig_19_pilon   282130  282277 (1420409) C rnd-2_family-251  Unknown          (6)    143      4 1219  
  984   24.6  7.2  3.1  contig_19_pilon   282375  282748 (1419938) C rnd-2_family-50   Unknown        (107)    389      1 1220  
  425   29.6  3.4  3.7  contig_19_pilon   282523  282852 (1419834) + rnd-2_family-272  Unknown          252    552    (0) 1221 *
  459   28.9  5.2  5.1  contig_19_pilon   282743  283255 (1419431) C rnd-2_family-50   Unknown        (203)    516      1 1222  
  312   29.8  0.0  4.0  contig_19_pilon   283341  283445 (1419241) + rnd-2_family-19   Unknown            1    101  (143) 1223  
  263   25.6  0.0  1.3  contig_19_pilon   288235  288313 (1414373) C rnd-3_family-310  Unknown          (0)    552    475 1224  
 1034   24.9  3.4  4.8  contig_19_pilon   288882  289261 (1413425) C rnd-3_family-310  Unknown        (177)    375      1 1224  
  609   26.4  5.3  2.7  contig_19_pilon   295910  296268 (1406418) + rnd-2_family-50   Unknown            2    369  (127) 1225  
  292   30.2  8.4  4.0  contig_19_pilon   295952  296306 (1406380) C rnd-2_family-195  Unknown        (145)    407     38 1226 *
  624   25.5  0.0  1.4  contig_19_pilon   296304  296446 (1406240) C rnd-3_family-310  Unknown        (396)    156     16 1227  
  255   16.2  3.0  6.2  contig_19_pilon   301818  301916 (1400770) + rnd-3_family-9    Unknown           52    147  (445) 1228  
  697   29.1  2.0 11.1  contig_19_pilon   311272  311576 (1391110) C rnd-1_family-2    Unknown          (0)    281      2 1229  
  486   21.7  6.9 11.2  contig_19_pilon   312071  312330 (1390356) + rnd-2_family-26   Unknown           27    276   (49) 1230  
  662   16.3  2.6  8.2  contig_19_pilon   313236  313389 (1389297) + rnd-2_family-26   Unknown          127    272   (53) 1231  
  312   32.4  2.5  6.8  contig_19_pilon   315405  315603 (1387083) + rnd-1_family-97   Unknown         2215   2405 (2214) 1232  
 1962   25.1  1.4  0.7  contig_19_pilon   317205  317637 (1385049) + ltr-1_family-15   LTR/Unknown      777   1212  (260) 1233  
 3118   11.7  2.0  0.2  contig_19_pilon   317640  318412 (1384274) + rnd-1_family-33   Unknown            2    856    (1) 1234  
 1003   25.4  0.5  0.0  contig_19_pilon   318411  318595 (1384091) + ltr-1_family-15   LTR/Unknown     1194   1379   (93) 1233 *
 3390   24.2  1.4  0.3  contig_19_pilon   318608  319273 (1383413) + ltr-1_family-12   LTR/Gypsy       2405   3077 (4387) 1235 *
 8231   19.9  1.4  1.1  contig_19_pilon   319269  320677 (1382009) + ltr-1_family-12   LTR/Gypsy       5079   6492  (972) 1236  
  836   24.1  1.4  4.3  contig_19_pilon   320702  320918 (1381768) + ltr-1_family-12   LTR/Gypsy       7241   7451   (13) 1236  
  532   25.5  5.2  5.2  contig_19_pilon   321017  321190 (1381496) + ltr-1_family-11   LTR/Unknown       24    197   (92) 1237  
 7538   11.7  0.2  0.2  contig_19_pilon   321306  322394 (1380292) C rnd-1_family-30   DNA/TcMar-Tc1    (0)   1089      1 1238  
  596   13.9  0.0  0.0  contig_19_pilon   322418  322518 (1380168) + rnd-1_family-30   DNA/TcMar-Tc1    905   1005   (84) 1239  
  272   12.5  0.0  0.0  contig_19_pilon   322513  322552 (1380134) + rnd-1_family-30   DNA/TcMar-Tc1   1050   1089    (0) 1240 *
  416   19.4  0.0  0.0  contig_19_pilon   328770  328841 (1373845) + rnd-1_family-69   Unknown          139    210    (6) 1241  
  583   12.8  2.1  0.0  contig_19_pilon   331215  331308 (1371378) + rnd-3_family-331  Unknown            1     96    (1) 1242  
  609   16.6  7.9  1.3  contig_19_pilon   331313  331452 (1371234) + rnd-2_family-26   Unknown          127    275   (50) 1243  
  377   20.8  2.3  3.1  contig_19_pilon   339730  339858 (1362828) C rnd-2_family-50   Unknown        (103)    393    266 1244  
  560   14.7  1.0  1.0  contig_19_pilon   339871  339966 (1362720) + rnd-3_family-331  Unknown            1     96    (1) 1245  
  902   19.4  2.0  2.8  contig_19_pilon   340143  340397 (1362289) C rnd-2_family-50   Unknown        (243)    253      1 1244  
  581   22.9 15.9  1.9  contig_19_pilon   342042  342268 (1360418) C rnd-1_family-97   Unknown       (1314)   3305   3048 1246  
  801   21.7 21.6  5.5  contig_19_pilon   342620  343087 (1359599) + rnd-3_family-310  Unknown            5    547    (5) 1247  
  461   25.8 13.0  1.2  contig_19_pilon   343624  343854 (1358832) + rnd-1_family-66   Unknown          204    461  (258) 1248  
 1151   19.9  9.3  2.1  contig_19_pilon   343857  344252 (1358434) C rnd-2_family-270  Unknown          (4)    775    352 1249  
 1862   21.9  3.3  3.7  contig_19_pilon   344285  344772 (1357914) + rnd-2_family-110  Unknown          319    804    (3) 1250  
  564   27.3  2.9  4.0  contig_19_pilon   346084  346358 (1356328) C rnd-2_family-270  Unknown         (66)    713    442 1251  
  274   25.4 12.7  2.3  contig_19_pilon   346609  346765 (1355921) + rnd-2_family-26   Unknown           24    196  (129) 1252  
  804   23.9  6.7  2.4  contig_19_pilon   346866  347105 (1355581) + rnd-2_family-26   Unknown           23    272   (53) 1253  
  518   24.7  6.0  5.2  contig_19_pilon   353065  353312 (1349374) + rnd-2_family-26   Unknown           23    272   (53) 1254  
  713   17.0 10.2  9.7  contig_19_pilon   363710  363924 (1338762) + rnd-1_family-97   Unknown         3062   3277 (1342) 1255  
  539   25.5  1.3  1.9  contig_19_pilon   366583  366738 (1335948) C rnd-2_family-26   Unknown         (60)    265    111 1256  
  328   27.6  1.7  2.5  contig_19_pilon   366728  366846 (1335840) C rnd-2_family-26   Unknown         (97)    228    111 1257 *
  435   23.3  1.9  0.9  contig_19_pilon   366836  366939 (1335747) C rnd-2_family-26   Unknown         (97)    228    124 1258  
 3274    9.7  1.8  0.3  contig_19_pilon   367770  368546 (1334140) C rnd-1_family-33   Unknown          (0)    857      1 1259  
  280   15.0  2.4  6.1  contig_19_pilon   374359  374443 (1328243) + rnd-1_family-81   Unknown         2262   2343  (526) 1260  
  956   21.4  8.5  6.8  contig_19_pilon   375211  375657 (1327029) + rnd-2_family-195  Unknown           98    551    (1) 1261  
  852   26.8  8.8  6.6  contig_19_pilon   375559  376061 (1326625) C rnd-1_family-66   Unknown        (205)    514      2 1262 *
  458   25.1  5.0  2.9  contig_19_pilon   375883  376083 (1326603) + rnd-1_family-44   Unknown         1023   1227  (387) 1263 *
 2658   15.0  0.0  0.5  contig_19_pilon   386363  386757 (1315929) + rnd-1_family-11   Unknown            2    394    (6) 1264  
 1171   18.1  3.1  0.9  contig_19_pilon   404046  404268 (1298418) C rnd-1_family-97   Unknown       (1344)   3275   3048 1265  
 1005   22.6  2.2  1.3  contig_19_pilon   404315  404543 (1298143) + rnd-1_family-97   Unknown         3047   3277 (1342) 1266  
  261   11.6  9.3  0.0  contig_19_pilon   411021  411063 (1291623) C rnd-2_family-430  Unknown          (1)   1813   1767 1267  
  564   20.6 16.0  4.3  contig_19_pilon   417124  417311 (1285375) C rnd-2_family-436  Unknown          (2)    209      1 1268  
  784   23.7  1.6  1.0  contig_19_pilon   418070  418261 (1284425) + rnd-2_family-194  Unknown            3    195   (21) 1269  
  862   25.6  0.0  0.5  contig_19_pilon   418273  418480 (1284206) C rnd-2_family-194  Unknown          (0)    216     10 1270  
  409   23.0  0.7  2.9  contig_19_pilon   425062  425200 (1277486) C rnd-2_family-50   Unknown        (314)    182     47 1271  
  466   24.1  3.0  1.5  contig_19_pilon   425252  425437 (1277249) C rnd-1_family-49   Unknown          (7)    136     24 1272  
 1335   10.0  0.0  0.0  contig_19_pilon   425820  426009 (1276677) + rnd-1_family-79   Unknown            3    192    (0) 1273  
  475   25.1  7.8  4.9  contig_19_pilon   429540  429719 (1272967) C rnd-2_family-194  Unknown          (8)    208     24 1274  
 7051   14.3  0.7  0.2  contig_19_pilon   433238  434316 (1268370) C rnd-1_family-30   DNA/TcMar-Tc1    (4)   1085      2 1275  
 1137   15.7  0.0  0.0  contig_19_pilon   434341  434525 (1268161) + rnd-1_family-30   DNA/TcMar-Tc1    905   1089    (0) 1276  
  961   18.3  1.9  3.4  contig_19_pilon   434531  434796 (1267890) + rnd-3_family-9    Unknown          331    592    (0) 1277  
  260   21.5  9.6  1.0  contig_19_pilon   434909  435002 (1267684) + rnd-2_family-149  Unknown          670    771   (41) 1278  
 3015    9.8  0.2  0.5  contig_19_pilon   435566  435965 (1266721) + rnd-1_family-11   Unknown            1    399    (1) 1279  
 1604   10.8  0.5  0.9  contig_19_pilon   457865  458088 (1244598) + rnd-1_family-17   Unknown            1    223    (6) 1280  
  333   16.8  0.0 26.7  contig_19_pilon   458343  458456 (1244230) C rnd-1_family-20   Unknown          (0)    160     71 1281  
 1164   32.4  3.6  3.4  contig_19_pilon   459493  460386 (1242300) + rnd-1_family-34   Unknown            2    897   (67) 1282  
  288   22.7  6.5 10.5  contig_19_pilon   460502  460639 (1242047) + rnd-1_family-57   Unknown          769    901  (143) 1283  
  774   31.6  1.3  4.1  contig_19_pilon   464015  464390 (1238296) + ltr-1_family-17   LTR/Gypsy       4102   4467  (758) 1284  
  488   29.1 12.1  2.9  contig_19_pilon   465762  466051 (1236635) + ltr-1_family-17   LTR/Gypsy       4050   4365  (860) 1285  
  535   28.4  2.5  0.0  contig_19_pilon   466736  466897 (1235789) + rnd-1_family-5    Unknown          237    402  (635) 1286  
  310   16.0 11.6 10.6  contig_19_pilon   468578  468689 (1233997) C rnd-2_family-108  Unknown          (6)    295    183 1287  
  467   30.1  0.0  0.0  contig_19_pilon   481483  481638 (1221048) + rnd-1_family-89   DNA/TcMar-Tc1    813    968  (742) 1288 *
 8661    3.1  0.1  0.1  contig_19_pilon   481636  482608 (1220078) C rnd-1_family-71   DNA/TcMar-Tc1  (645)    973      1 1289  
 7403   12.3  0.0  0.2  contig_19_pilon   481810  482900 (1219786) + rnd-1_family-30   DNA/TcMar-Tc1      1   1089    (0) 1290 *
  317   16.9  3.0  3.0  contig_19_pilon   493184  493250 (1209436) C rnd-2_family-436  Unknown        (127)     84     18 1291  
 1645   22.6  1.3  0.2  contig_19_pilon   493752  494226 (1208460) C rnd-3_family-9    Unknown          (0)    592    113 1292  
 1926   13.2  0.7  2.8  contig_19_pilon   494232  494520 (1208166) C rnd-1_family-8    Unknown        (131)    285      3 1293  
  292   22.4  1.3  0.0  contig_19_pilon   494895  494970 (1207716) C rnd-1_family-49   Unknown         (30)    113     37 1294  
  694   19.9  0.0  0.0  contig_19_pilon   495418  495548 (1207138) + rnd-1_family-97   Unknown         3147   3277 (1342) 1295  
 1267   13.5  5.3  0.9  contig_19_pilon   495828  496036 (1206650) + rnd-1_family-17   Unknown            1    218   (11) 1296  
  567   13.9  1.0  1.0  contig_19_pilon   505351  505452 (1197234) C rnd-1_family-69   Unknown        (112)    104      3 1297  
  305   25.2  0.0 17.8  contig_19_pilon   505591  505696 (1196990) C rnd-1_family-5    Unknown        (635)    402    313 1298  
  754   19.5  0.5  9.6  contig_19_pilon   511689  511892 (1190794) + rnd-2_family-195  Unknown          121    307  (245) 1299  
  384   18.8  0.0  0.0  contig_19_pilon   511920  511988 (1190698) + rnd-1_family-20   Unknown           92    160    (0) 1300  
  498   17.9  1.0  2.1  contig_19_pilon   522682  522778 (1179908) + rnd-3_family-331  Unknown            1     96    (1) 1301 *
  571   26.0  2.6  1.3  contig_19_pilon   522774  522929 (1179757) + rnd-2_family-26   Unknown          118    275   (50) 1302  
  344   11.0  6.8 13.0  contig_19_pilon   525644  525716 (1176970) C rnd-1_family-17   Unknown          (6)    223    155 1303  
 1044    6.5  4.3 10.1  contig_19_pilon   525740  525927 (1176759) C rnd-1_family-17   Unknown         (51)    178      1 1303  
  691   20.4 10.9  2.8  contig_19_pilon   532461  532662 (1170024) + rnd-2_family-399  Unknown           14    231    (1) 1304  
  874   22.7  2.7  1.8  contig_19_pilon   532801  533024 (1169662) C rnd-2_family-48   Unknown          (0)    228      3 1305  
 1448   12.6  3.7  0.0  contig_19_pilon   533263  533477 (1169209) C rnd-1_family-17   Unknown          (2)    227      5 1306  
  444   22.1 16.3  1.0  contig_19_pilon   541610  541787 (1160899) + rnd-2_family-11   Unknown           27    231    (0) 1307 *
  700   29.4  0.9  0.9  contig_19_pilon   541784  542006 (1160680) C rnd-2_family-48   Unknown          (0)    228      6 1308  
 1401   24.5  3.2  7.3  contig_19_pilon   542856  543484 (1159202) + rnd-2_family-195  Unknown           37    655 (7416) 1309  
  774   29.4  3.2  6.7  contig_19_pilon   543271  543770 (1158916) C rnd-1_family-66   Unknown       (6783)    531     61 1310 *
  249   25.6  1.2  1.2  contig_19_pilon   544794  544876 (1157810) C rnd-2_family-149  Unknown         (41)    771    689 1311  
  732   22.8  0.9  8.1  contig_19_pilon   545324  545547 (1157139) C rnd-2_family-149  Unknown        (150)    662    454 1311  
  275   27.0 12.6  3.8  contig_19_pilon   545638  545930 (1156756) + rnd-2_family-195  Unknown           19    336  (216) 1312 *
  527   25.0 11.3  5.7  contig_19_pilon   545683  545983 (1156703) C rnd-2_family-50   Unknown        (104)    392     76 1313  
  599   21.6  5.0  2.4  contig_19_pilon   546319  546479 (1156207) + rnd-2_family-194  Unknown           45    209    (7) 1314  
  756   28.3  0.4  2.2  contig_19_pilon   546517  546744 (1155942) C rnd-2_family-11   Unknown          (7)    224      1 1315  
 1715    6.3  0.9  1.3  contig_19_pilon   546808  547033 (1155653) C rnd-1_family-17   Unknown          (4)    225      1 1316  
  382   24.6  0.7  7.3  contig_19_pilon   547768  547912 (1154774) C rnd-1_family-66   Unknown        (582)    137      2 1317  
 1381   18.2 11.5  1.1  contig_19_pilon   547935  548257 (1154429) + rnd-2_family-110  Unknown          116    471  (336) 1318 *
 2664   21.2  0.9  4.2  contig_19_pilon   548252  548892 (1153794) + rnd-2_family-149  Unknown          151    771   (41) 1319  
  467   27.7  6.8  6.0  contig_19_pilon   549095  549374 (1153312) + rnd-2_family-195  Unknown          271    552    (0) 1320 *
  493   31.3  5.7  5.1  contig_19_pilon   549309  549695 (1152991) C rnd-1_family-66   Unknown        (242)    477     89 1321  
  326   24.8  2.9  3.9  contig_19_pilon   550996  551100 (1151586) + rnd-2_family-26   Unknown          171    274   (51) 1322  
  362   15.2  0.0  0.0  contig_19_pilon   555666  555724 (1146962) C rnd-2_family-436  Unknown        (152)     59      1 1323  
  411   23.6  1.1  0.0  contig_19_pilon   560155  560243 (1142443) + rnd-3_family-57   Unknown          663    752  (505) 1324  
  384   12.0  2.6  1.3  contig_19_pilon   560280  560355 (1142331) + rnd-3_family-57   Unknown          743    819  (438) 1325 *
  642   25.8  6.2  2.0  contig_19_pilon   560355  560595 (1142091) + rnd-3_family-57   Unknown         1005   1255    (2) 1324  
 1640   21.2  4.7  2.2  contig_19_pilon   561420  561906 (1140780) + rnd-2_family-149  Unknown           10    508  (304) 1326  
  285   26.7  2.3  1.1  contig_19_pilon   561930  562016 (1140670) + rnd-2_family-26   Unknown          179    266   (59) 1327  
  281   18.2  0.0  3.6  contig_19_pilon   562316  562372 (1140314) + rnd-2_family-19   Unknown           47    101  (143) 1328  
 1062   24.2  0.0  0.0  contig_19_pilon   563062  563280 (1139406) C rnd-1_family-97   Unknown       (1342)   3277   3059 1329  
 1133   11.2  1.2  0.0  contig_19_pilon   564725  564885 (1137801) C rnd-1_family-8    Unknown          (0)    416    254 1330  
 1548   16.5  0.8  0.4  contig_19_pilon   567729  567983 (1134703) C rnd-1_family-8    Unknown        (157)    259      4 1330  
  778   21.9  7.1  0.5  contig_19_pilon   572160  572343 (1130343) + rnd-2_family-194  Unknown           21    216    (0) 1331  
 1495   14.7  0.0  0.4  contig_19_pilon   574267  574492 (1128194) + rnd-1_family-17   Unknown            2    226    (3) 1332  
  320   14.8  1.6  3.2  contig_19_pilon   585102  585164 (1117522) C rnd-1_family-97   Unknown       (1359)   3260   3199 1333 *
 1474   14.2  0.4  0.9  contig_19_pilon   585161  585387 (1117299) C rnd-1_family-17   Unknown          (3)    226      1 1334  
  393   25.9  0.0  0.9  contig_19_pilon   585387  585503 (1117183) C rnd-1_family-97   Unknown       (1408)   3211   3096 1335 *
 1432   14.2  0.0  1.3  contig_19_pilon   585506  585733 (1116953) + rnd-1_family-17   Unknown            2    226    (3) 1336  
  542   24.7  6.6  1.0  contig_19_pilon   585780  585975 (1116711) C rnd-1_family-97   Unknown       (1366)   3253   3047 1337  
  232   30.8  5.2  3.6  contig_19_pilon   586332  586352 (1116334) + rnd-2_family-270  Unknown          501    567  (212) 1338  
  238   24.8  5.2  3.7  contig_19_pilon   586353  586486 (1116200) C rnd-2_family-50   Unknown        (287)    209     74 1339  
  232   30.8  5.2  3.6  contig_19_pilon   586487  586523 (1116163) + rnd-2_family-270  Unknown          568    695   (84) 1338  
  277   25.0  0.0  4.2  contig_19_pilon   588438  588537 (1114149) C rnd-3_family-310  Unknown        (197)    355    260 1340  
  663   24.9 10.7  0.8  contig_19_pilon   599796  600038 (1102648) C rnd-3_family-9    Unknown        (258)    334     68 1341  
13032   20.0  0.8  1.4  contig_19_pilon   600461  602916 (1099770) C rnd-1_family-90   Unknown          (3)   2441      2 1342  
  462   29.0  2.5  0.6  contig_19_pilon   603604  603766 (1098920) C rnd-1_family-5    Unknown        (635)    402    237 1343  
  268   24.3  1.7 11.3  contig_19_pilon   604522  604637 (1098049) C rnd-2_family-26   Unknown        (188)    137     32 1344  
  551   24.6  4.8  6.3  contig_19_pilon   604996  605203 (1097483) + rnd-2_family-108  Unknown           71    275   (26) 1345  
  615   18.0  0.0  1.7  contig_19_pilon   619091  619209 (1083477) C rnd-2_family-194  Unknown         (93)    123      7 1346  
  500   16.9  4.5  6.2  contig_19_pilon   619796  619927 (1082759) + rnd-2_family-26   Unknown          136    265   (60) 1347  
  267   19.1  5.4  4.3  contig_19_pilon   627880  627972 (1074714) C rnd-1_family-97   Unknown       (1380)   3239   3146 1348  
  762   25.1  3.8  0.9  contig_19_pilon   628963  629171 (1073515) C rnd-1_family-97   Unknown       (1342)   3277   3063 1349  
  485   18.3  2.1  1.1  contig_19_pilon   636789  636882 (1065804) + rnd-3_family-331  Unknown            3     97    (0) 1350 *
  491   21.4  4.2  1.4  contig_19_pilon   636877  637018 (1065668) + rnd-2_family-26   Unknown          129    274   (51) 1351  
  431   27.0  4.6  4.6  contig_19_pilon   637017  637210 (1065476) C rnd-2_family-194  Unknown         (20)    196      3 1352 *
  653   24.9  1.0  0.5  contig_19_pilon   637546  637743 (1064943) C rnd-2_family-149  Unknown        (591)    221     23 1353  
  226   20.6  0.0  0.0  contig_19_pilon   637928  637990 (1064696) C rnd-1_family-81   Unknown        (571)   2298   2236 1354  
  620   25.4  6.7  2.5  contig_19_pilon   639068  639334 (1063352) C rnd-3_family-310  Unknown        (271)    281      4 1355  
  552   23.0  0.0  2.0  contig_19_pilon   639356  639506 (1063180) + rnd-3_family-310  Unknown          340    487   (65) 1356  
  406   22.5  0.0  3.1  contig_19_pilon   639614  639714 (1062972) + rnd-1_family-97   Unknown         3176   3273 (1346) 1357  
  300   21.7  1.1  4.8  contig_19_pilon   650062  650148 (1052538) + rnd-2_family-436  Unknown            1     84  (127) 1358  
  910   21.4  3.0  4.9  contig_19_pilon   651927  652196 (1050490) + rnd-2_family-108  Unknown           37    301    (0) 1359  
  689   23.1  6.8  0.8  contig_19_pilon   652880  653115 (1049571) C rnd-2_family-26   Unknown         (50)    275     26 1360  
  302   15.1  0.0  0.0  contig_19_pilon   664305  664357 (1038329) C rnd-1_family-97   Unknown       (1377)   3242   3190 1361  
  384   20.4  7.2  6.5  contig_19_pilon   665743  665895 (1036791) C rnd-1_family-37   Unknown          (0)    198      1 1362  
  487   30.3  1.5  0.5  contig_19_pilon   668796  669028 (1033658) C rnd-1_family-81   Unknown       (1048)   1821   1631 1363  
  783    9.6  9.6  0.0  contig_19_pilon   670676  670821 (1031865) + rnd-1_family-20   Unknown            1    160    (0) 1364  
  367   22.1  7.1  3.9  contig_19_pilon   670886  671111 (1031575) + rnd-1_family-66   Unknown          293    525  (194) 1365  
  690   20.3  7.5  0.5  contig_19_pilon   671936  672108 (1030578) C rnd-2_family-194  Unknown          (0)    216     32 1366  
 1072   21.7  2.8  2.8  contig_19_pilon   677616  677904 (1024782) + ltr-1_family-11   LTR/Unknown        1    289    (0) 1367  
  227   12.3  3.3  6.8  contig_19_pilon   677905  677965 (1024721) + ltr-1_family-12   LTR/Gypsy          1     59 (7405) 1368  
 6073   17.9  1.2  2.9  contig_19_pilon   678310  679587 (1023099) + ltr-1_family-12   LTR/Gypsy        525   1782 (5682) 1368  
  357   27.9  4.0  1.6  contig_19_pilon   679594  679717 (1022969) + ltr-1_family-15   LTR/Unknown        3    129 (1343) 1369 *
 3657    9.3  2.0  1.4  contig_19_pilon   679716  680303 (1022383) + rnd-1_family-90   Unknown            1    592 (1852) 1370  
 1205   22.1  1.8  2.1  contig_19_pilon   680316  680601 (1022085) + ltr-1_family-15   LTR/Unknown     1160   1444   (28) 1369  
16739   11.3  1.4  0.7  contig_19_pilon   680691  683116 (1019570) C rnd-1_family-90   Unknown          (0)   2444      1 1371  
 5681   19.4  0.5  0.4  contig_19_pilon   683114  684074 (1018612) + ltr-1_family-12   LTR/Gypsy       1843   2804 (4660) 1368 *
  692   15.8  2.4  5.6  contig_19_pilon   684069  684235 (1018451) + ltr-1_family-12   LTR/Gypsy       7268   7429   (35) 1372 *
 1327   17.9  3.1  2.8  contig_19_pilon   684259  684545 (1018141) + ltr-1_family-11   LTR/Unknown        1    288    (1) 1373  
  632   14.0  0.9  0.0  contig_19_pilon   684542  684648 (1018038) + ltr-1_family-12   LTR/Gypsy       7344   7451   (13) 1374 *
 1142   10.0  0.0  0.0  contig_19_pilon   684817  684976 (1017710) + rnd-1_family-20   Unknown            1    160    (0) 1375  
 2008   21.6  5.8  1.8  contig_19_pilon   685941  686420 (1016266) + rnd-3_family-57   Unknown          753   1251    (6) 1376  
  794   31.9  1.9  5.8  contig_19_pilon   696424  696743 (1005943) + rnd-1_family-97   Unknown         2262   2569 (2050) 1377  
  720   24.8  8.8  0.9  contig_19_pilon   702383  702598 (1000088) + rnd-2_family-108  Unknown           60    292    (9) 1378  
  382   23.1 11.1  6.4  contig_19_pilon   703406  703585  (999101) + rnd-2_family-108  Unknown           86    273   (28) 1379  
  588   21.4 17.2  0.0  contig_19_pilon   705057  705201  (997485) + rnd-1_family-97   Unknown         3108   3277 (1342) 1380  
  658   19.0 13.3  6.2  contig_19_pilon   711602  711826  (990860) + rnd-2_family-108  Unknown           46    285   (16) 1381  
 1647   31.3  2.3  2.1  contig_19_pilon   714585  715406  (987280) C rnd-1_family-89   DNA/TcMar-Tc1   (77)   1633    810 1382  
 5615    9.0  0.7  6.7  contig_19_pilon   716327  717234  (985452) + rnd-1_family-33   Unknown            1    857    (0) 1383  
  412   14.1  1.4  1.4  contig_19_pilon   717320  717391  (985295) C rnd-1_family-69   Unknown          (6)    210    139 1384  
  299   26.1  0.0  0.0  contig_19_pilon   717573  717641  (985045) C rnd-1_family-69   Unknown        (142)     74      6 1385  
  628   22.6  5.8  6.8  contig_19_pilon   732764  732986  (969700) + rnd-2_family-26   Unknown           52    272   (53) 1386  
  649   20.9 13.4  2.9  contig_19_pilon   739353  739539  (963147) C rnd-1_family-97   Unknown       (1352)   3267   3062 1387  
 2464    2.5  0.0  0.7  contig_19_pilon   739646  739928  (962758) C rnd-1_family-2    Unknown          (0)    281      1 1388  
 3983    6.5  0.2  0.8  contig_19_pilon   745536  746043  (956643) + rnd-1_family-58   Unknown            1    505    (1) 1389  
  716   28.2  4.1  0.9  contig_19_pilon   747275  747593  (955093) C rnd-3_family-333  Unknown         (29)    680    352 1390  
  285   26.1 10.6  1.4  contig_19_pilon   760122  760253  (942433) C rnd-2_family-26   Unknown         (58)    267    124 1391  
  430   25.5 11.1  4.2  contig_19_pilon   760260  760484  (942202) C rnd-2_family-26   Unknown         (79)    246      7 1392  
  938   21.7  6.0  2.7  contig_19_pilon   761273  761523  (941163) + rnd-2_family-26   Unknown           24    282   (43) 1393  
  298   20.3  0.0  0.0  contig_19_pilon   765076  765139  (937547) C rnd-2_family-436  Unknown          (7)    204    141 1394  
  547   22.4 18.3  2.1  contig_19_pilon   765168  765331  (937355) + rnd-2_family-48   Unknown           37    226    (2) 1395  
 1220   16.7  2.7  1.3  contig_19_pilon   769777  770001  (932685) C rnd-1_family-97   Unknown       (1342)   3277   3050 1396  
  553   22.9  0.0  0.9  contig_19_pilon   770758  770867  (931819) + rnd-1_family-47   LTR/Gypsy          1    109 (5531) 1397  
 1296   32.7  4.3  3.1  contig_19_pilon   771086  771851  (930835) + ltr-1_family-6    LTR/Gypsy       8461   9235 (4167) 1398  
  887   33.3  2.8  2.1  contig_19_pilon   772015  772487  (930199) + rnd-1_family-47   LTR/Gypsy       1284   1759 (3881) 1399  
 2448   29.0  2.4  4.5  contig_19_pilon   772693  773652  (929034) + rnd-1_family-47   LTR/Gypsy       1969   2909 (2731) 1399  
 1108   22.9  0.0  0.0  contig_19_pilon   774409  774626  (928060) + rnd-1_family-97   Unknown         3059   3276 (1343) 1400  
 2724   12.0  3.6  0.2  contig_19_pilon   775416  775808  (926878) + rnd-1_family-8    Unknown           11    416    (0) 1401  
  664   18.7  9.3  4.0  contig_19_pilon   776465  776801  (925885) + rnd-2_family-153  Unknown          126    443  (306) 1402  
 2691    5.1  8.8  0.6  contig_19_pilon   803623  804086  (898600) + rnd-1_family-58   Unknown            4    505    (1) 1403  
 1194   12.5  0.5  2.7  contig_19_pilon   804085  804273  (898413) + rnd-1_family-37   Unknown           14    198    (0) 1404 *
  509   23.2  5.7  2.8  contig_19_pilon   818042  818218  (884468) C rnd-2_family-399  Unknown          (1)    231     50 1405  
  856   10.2  0.0  0.0  contig_19_pilon   834004  834131  (868555) + rnd-1_family-20   Unknown           33    160    (0) 1406  
 1225   15.1  0.9  0.5  contig_19_pilon   841593  841812  (860874) C rnd-2_family-48   Unknown          (2)    226      6 1407  
  527   21.2  7.5  0.6  contig_19_pilon   842477  842637  (860049) C rnd-2_family-108  Unknown         (13)    288    117 1408  
  506   21.9 11.8  5.6  contig_19_pilon   842960  843196  (859490) C rnd-2_family-108  Unknown         (10)    291     41 1409  
  810   21.1  0.4  5.7  contig_19_pilon   845196  845436  (857250) C rnd-2_family-399  Unknown          (1)    231      3 1410  
 1248   22.8 14.0  1.5  contig_19_pilon   847005  847468  (855218) C rnd-3_family-310  Unknown         (27)    525      5 1411  
  409   26.7  2.0  1.0  contig_19_pilon   856715  856816  (845870) + rnd-3_family-189  Unknown          274    376   (20) 1412  
 5713    6.0  0.5  0.6  contig_19_pilon   856898  857671  (845015) C rnd-1_family-77   Unknown       (1071)   1679    844 1413  
  468   38.2  2.7  1.4  contig_19_pilon   858455  858943  (843743) + ltr-1_family-4    LTR/Copia       3654   4148 (1222) 1414  
 1066   10.2 11.2  0.0  contig_19_pilon   863887  864064  (838622) + rnd-1_family-2    Unknown            1    281    (0) 1415  
  477   17.1  0.0  3.7  contig_19_pilon   864104  864188  (838498) C rnd-1_family-17   Unknown          (6)    223    142 1416  
 1007   26.1  1.1  1.9  contig_19_pilon   875446  875711  (826975) + rnd-3_family-310  Unknown          289    552    (0) 1417  
  608   24.6 14.6  4.1  contig_19_pilon   875716  876024  (826662) C rnd-3_family-310  Unknown        (212)    340      1 1418  
  268   28.7  2.1  1.0  contig_19_pilon   877236  877330  (825356) C rnd-3_family-331  Unknown          (0)     97      2 1419  
  630    2.6  0.0  1.3  contig_19_pilon   878417  878493  (824193) + rnd-1_family-2    Unknown            1     76  (205) 1420  
  600   18.8 10.2  0.6  contig_19_pilon   878431  878596  (824090) C rnd-1_family-37   Unknown         (16)    182      1 1421 *
 1053    9.5  0.7  0.0  contig_19_pilon   878468  878614  (824072) + rnd-1_family-2    Unknown          134    281    (0) 1422  
  226   26.1  4.4  4.4  contig_19_pilon   886006  886165  (816521) C rnd-1_family-58   Unknown        (321)    185     26 1423  
  544   29.6  6.9  2.0  contig_19_pilon   886295  886731  (815955) + rnd-1_family-66   Unknown           67    524  (195) 1424 *
 1558   23.8  4.3  1.2  contig_19_pilon   886619  887107  (815579) C rnd-2_family-195  Unknown          (0)    552     49 1425  
  446   21.6  4.5  0.0  contig_19_pilon   887122  887232  (815454) C rnd-2_family-26   Unknown         (71)    254    139 1426  
  422   21.9  1.2  0.0  contig_19_pilon   887244  887325  (815361) C rnd-3_family-331  Unknown          (1)     96     14 1427  
 1177   27.6  1.4  0.6  contig_19_pilon   887430  887775  (814911) C rnd-2_family-323  Unknown         (30)    349      1 1428  
  693   24.6  0.5  2.0  contig_19_pilon   888567  888769  (813917) C rnd-2_family-194  Unknown          (3)    213     14 1429  
 1575    9.4  0.4  1.3  contig_19_pilon   889014  889240  (813446) C rnd-1_family-17   Unknown          (4)    225      1 1430  
 1668    8.4  0.0  1.3  contig_19_pilon   889554  889781  (812905) + rnd-1_family-17   Unknown            1    225    (4) 1431  
 1038   25.1  3.5  3.8  contig_19_pilon   889794  890137  (812549) + rnd-2_family-190  Unknown           60    402   (45) 1432  
 1669   10.2  0.0  0.9  contig_19_pilon   890597  890824  (811862) C rnd-1_family-17   Unknown          (3)    226      1 1433  
 1347   17.1  0.0  1.4  contig_19_pilon   891213  891437  (811249) + rnd-1_family-17   Unknown            5    226    (3) 1434  
  654   18.4 14.5  1.6  contig_19_pilon   892192  892357  (810329) C rnd-3_family-57   Unknown         (16)   1241   1055 1435  
  511   26.0  3.2  0.6  contig_19_pilon   907194  907348  (795338) C rnd-2_family-26   Unknown         (53)    272    114 1436  
 3891    4.6  0.7  0.0  contig_19_pilon   915404  915862  (786824) + ltr-1_family-9    LTR/Unknown       32    493    (0) 1437  
47402    2.8  1.0  0.5  contig_19_pilon   915863  921411  (781275) + ltr-1_family-10   LTR/Gypsy          1   5568    (0) 1438  
 3338    3.8  8.7  0.2  contig_19_pilon   921400  921826  (780860) + ltr-1_family-9    LTR/Unknown       30    492    (1) 1439 *
  259   19.1  0.0  0.0  contig_19_pilon   923558  923604  (779082) C rnd-1_family-68   DNA/Sola-1       (0)   2406   2360 1440  
  498   28.3  4.2  4.2  contig_19_pilon   923633  924085  (778601) C rnd-2_family-272  Unknown       (6833)   1238    786 1441  
 1746   17.0  3.7  1.8  contig_19_pilon   924211  924588  (778098) C rnd-2_family-50   Unknown        (111)    385      1 1442  
 1461   22.0  3.2  5.8  contig_19_pilon   924358  924762  (777924) + rnd-2_family-272  Unknown          253    647 (7424) 1443 *
73993    0.7  0.2  0.1  contig_19_pilon   924766  932825  (769861) + rnd-2_family-272  Unknown            1   8071    (0) 1444  
 1083   21.6 11.4  1.0  contig_19_pilon   935102  935479  (767207) + rnd-1_family-66   Unknown           47    463  (256) 1445  
  375   21.2  0.0  0.0  contig_19_pilon   935426  935505  (767181) C rnd-2_family-195  Unknown          (0)    552    473 1446 *
  441   26.9  3.3  4.4  contig_19_pilon   935528  935710  (766976) C rnd-2_family-195  Unknown        (118)    434    254 1446  
  439   29.3  4.2  3.9  contig_19_pilon   935964  936297  (766389) + rnd-3_family-9    Unknown           57    391  (201) 1447  
 4117    2.8  0.0  0.0  contig_19_pilon   941352  941813  (760873) + ltr-1_family-9    LTR/Unknown       32    493    (0) 1448  
43590    2.5  0.8  0.4  contig_19_pilon   941814  946838  (755848) + ltr-1_family-10   LTR/Gypsy          1   5046  (522) 1449  
 1279   21.0  3.2  3.2  contig_19_pilon   946835  947179  (755507) + rnd-1_family-31   Unknown            1    345 (1920) 1450 *
24040   15.7  0.5  0.6  contig_19_pilon   947829  951840  (750846) + rnd-1_family-26   Unknown            1   4011  (537) 1451  
 1028   23.0  0.0  0.0  contig_19_pilon   952594  952815  (749871) C rnd-1_family-24   Unknown       (2787)   1761   1540 1452  
  270   30.7  2.4  3.0  contig_19_pilon   953167  953334  (749352) C rnd-1_family-24   Unknown       (3348)   1200   1034 1452  
  238   13.2  0.0  5.3  contig_19_pilon   954631  954670  (748016) C rnd-1_family-6    Unknown       (1146)    667    630 1453  
  242    9.5  7.0  2.2  contig_19_pilon   955262  955304  (747382) C rnd-1_family-6    Unknown       (1309)    504    460 1453  
 1546   29.2  1.3  2.8  contig_19_pilon   956417  957025  (745661) + rnd-1_family-6    Unknown         1213   1812    (1) 1454 *
 5962   22.8  1.6  1.6  contig_19_pilon   956616  958142  (744544) C rnd-1_family-61   Unknown        (478)   3520   1994 1455  
  872   24.4 11.0  0.3  contig_19_pilon   958222  958484  (744202) C rnd-1_family-61   Unknown       (2035)   1963   1673 1455  
 4774   20.9  2.6  2.1  contig_19_pilon   958578  959806  (742880) C rnd-1_family-35   Unknown         (14)   2618   1384 1456  
 3872   21.8  1.2  1.2  contig_19_pilon   959945  960882  (741804) C rnd-1_family-35   Unknown       (1307)   1325    388 1456  
  244   18.9  0.0  5.8  contig_19_pilon   961793  961865  (740821) C rnd-1_family-15   DNA/MULE-F    (3638)     69      1 1457  
  225   10.3  2.6  0.0  contig_19_pilon   962214  962252  (740434) + rnd-1_family-55   Unknown         3599   3638   (15) 1458 *
  272   10.6  0.0  0.0  contig_19_pilon   962223  962269  (740417) C rnd-1_family-31   Unknown       (2211)     54      8 1459  
 2903    4.3  0.0  2.0  contig_19_pilon   962276  962631  (740055) + ltr-1_family-10   LTR/Gypsy       5028   5376  (192) 1460  
 1762   11.4  0.0  0.8  contig_19_pilon   962607  962863  (739823) + rnd-1_family-36   Unknown            1    255    (0) 1461 *
 1878    2.8  0.0  0.5  contig_19_pilon   962864  963090  (739596) + ltr-1_family-10   LTR/Gypsy       5353   5568    (0) 1460 *
 3590    3.5  7.2  0.0  contig_19_pilon   963079  963510  (739176) + ltr-1_family-9    LTR/Unknown       30    492    (1) 1462  
25444    6.0  0.8  0.5  contig_19_pilon   965034  968274  (734412) C rnd-1_family-41   LTR/Gypsy     (3521)   3253      1 1463  
  266   19.1  0.0  0.0  contig_19_pilon   968493  968539  (734147) C rnd-1_family-68   DNA/Sola-1       (0)   2406   2360 1464  
  461   29.2  4.0  4.0  contig_19_pilon   968568  969020  (733666) C rnd-2_family-272  Unknown       (6833)   1238    786 1465  
 1730   17.2  3.7  1.8  contig_19_pilon   969144  969521  (733165) C rnd-2_family-50   Unknown        (111)    385      1 1466  
 1461   22.0  3.2  5.8  contig_19_pilon   969291  969695  (732991) + rnd-2_family-272  Unknown          253    647 (7424) 1467 *
73754    0.8  0.3  0.0  contig_19_pilon   969699  977749  (724937) + rnd-2_family-272  Unknown            1   8071    (0) 1468  
  248   25.0  2.6  5.4  contig_19_pilon   979273  979348  (723338) + rnd-2_family-26   Unknown          120    193  (132) 1469  
 2984    7.5  0.0  0.5  contig_19_pilon   979660  980036  (722650) C rnd-1_family-11   Unknown          (1)    399     25 1470  
 2209   15.2 11.7  2.4  contig_19_pilon   980354  980919  (721767) C rnd-2_family-153  Unknown        (132)    617      1 1471  
  276   13.2  5.7  0.0  contig_19_pilon   980914  980966  (721720) + rnd-2_family-26   Unknown          180    235   (90) 1472 *
  986   20.0  0.9  7.1  contig_19_pilon   981305  981514  (721172) C rnd-1_family-37   Unknown          (0)    198      1 1473  
  574   24.7  2.9 10.8  contig_19_pilon   981590  981798  (720888) + rnd-1_family-37   Unknown            5    198    (0) 1474  
  410   32.9  5.8  3.2  contig_19_pilon   986392  986721  (715965) + rnd-1_family-34   Unknown          592    929   (35) 1475  
11704   12.6  1.5  1.1  contig_19_pilon   986799  988537  (714149) + rnd-1_family-90   Unknown            4   1749  (695) 1476  
 7063   13.8  1.4  0.0  contig_19_pilon   988560  989577  (713109) + rnd-1_family-90   Unknown         1413   2444    (0) 1477  
  699   15.0 18.6  0.0  contig_19_pilon   990162  990328  (712358) C rnd-1_family-37   Unknown          (0)    198      1 1478  
  346   22.3 16.9  0.0  contig_19_pilon   990217  990346  (712340) + rnd-1_family-2    Unknown          130    281    (0) 1479 *
 1592   13.3  0.0  2.0  contig_19_pilon   992482  992741  (709945) + rnd-1_family-36   Unknown            1    255    (0) 1480  
  559   29.5  1.9  2.7  contig_19_pilon   992882  993142  (709544) + rnd-1_family-66   Unknown          145    403  (316) 1481  
  718   22.7  4.8  0.0  contig_19_pilon   993183  993411  (709275) + rnd-2_family-50   Unknown          147    386  (110) 1482  
  482   24.3  6.4  4.8  contig_19_pilon   993412  993446  (709240) C rnd-2_family-195  Unknown        (249)    303     36 1483  
  945   22.0 11.5  6.5  contig_19_pilon   993880  994200  (708486) C rnd-2_family-323  Unknown         (43)    336      1 1484  
  329   16.8  0.0  7.7  contig_19_pilon   994208  994291  (708395) + rnd-2_family-270  Unknown          540    617  (162) 1485  
  278   24.3 20.8  0.6  contig_19_pilon   994437  994585  (708101) C rnd-1_family-66   Unknown        (213)    506    328 1486  
 2137   17.2  5.2  1.9  contig_19_pilon   999579  999982  (702704) C rnd-2_family-156  DNA/TcMar-Tc1  (105)   1489   1073 1487  
 4336   19.6  4.4  1.9  contig_19_pilon  1000000 1000905  (701781) C rnd-2_family-156  DNA/TcMar-Tc1  (665)    929      2 1487  
  941   24.5  5.0  1.4  contig_19_pilon  1000972 1001370  (701316) + rnd-2_family-270  Unknown          164    752   (27) 1488  
  918   27.0  6.0  3.6  contig_19_pilon  1001261 1001772  (700914) C rnd-1_family-66   Unknown        (195)    524      1 1489 *
 1747   17.1  0.3  0.7  contig_19_pilon  1002287 1002586  (700100) C rnd-2_family-247  Unknown          (5)   1223    925 1490  
  929   18.7  0.5  0.5  contig_19_pilon  1002847 1003034  (699652) C rnd-2_family-247  Unknown        (390)    838    651 1490  
 2538   19.4  1.8  7.7  contig_19_pilon  1003089 1003708  (698978) C rnd-2_family-247  Unknown        (579)    649     64 1490  
  775   26.7  6.8  5.1  contig_19_pilon  1003721 1004214  (698472) + rnd-2_family-272  Unknown          254    731 (7340) 1491  
  387   31.1 11.5  1.8  contig_19_pilon  1003965 1004311  (698375) C rnd-1_family-66   Unknown        (197)    522    143 1492 *
 1793   22.6  6.0  3.8  contig_19_pilon  1005060 1005597  (697089) C rnd-3_family-310  Unknown          (0)    552      4 1493  
  411   18.2 11.3  0.7  contig_19_pilon  1005673 1005805  (696881) C rnd-3_family-9    Unknown        (404)    188     42 1494  
 1629    2.7  0.0  5.0  contig_19_pilon  1013175 1013405  (689281) + rnd-1_family-75   Unknown            1    220    (0) 1495  
13927    3.9  0.3  1.6  contig_19_pilon  1013885 1016716  (685970) + rnd-1_family-25   Unknown            1   1916    (0) 1496  
  240   14.8  3.6  2.4  contig_19_pilon  1024050 1024132  (678554) C rnd-1_family-25   Unknown       (1151)    765    682 1497  
20436    2.1  0.2  0.1  contig_19_pilon  1025849 1028291  (674395) C rnd-1_family-90   Unknown          (0)   2444      1 1498  
  621   23.8  3.2  2.4  contig_19_pilon  1073179 1073428  (629258) + rnd-2_family-270  Unknown          312    563  (216) 1499  
  501   24.5  1.6  1.0  contig_19_pilon  1073641 1073834  (628852) + rnd-2_family-11   Unknown            2    196   (35) 1500  
  231   24.4 17.9  0.0  contig_19_pilon  1077230 1077307  (625379) + rnd-1_family-97   Unknown         3186   3277 (1342) 1501  
  346   28.9  0.0  0.0  contig_19_pilon  1088456 1088545  (614141) C rnd-1_family-64   Unknown       (5450)   1025    936 1502  
  279   25.2  8.6  3.7  contig_19_pilon  1091193 1091320  (611366) C rnd-2_family-156  DNA/TcMar-Tc1   (91)   1503   1370 1503  
  381   32.4  2.8  4.4  contig_19_pilon  1092073 1092395  (610291) + ltr-1_family-29   LTR/Copia        456    773 (2486) 1504  
  371   33.1  3.3  4.4  contig_19_pilon  1092907 1093387  (609299) + ltr-1_family-29   LTR/Copia       1949   2424  (835) 1504  
  458   32.6  4.2  4.9  contig_19_pilon  1094102 1094530  (608156) + ltr-1_family-25   LTR/Copia       3186   3611  (881) 1505  
  259   33.2  3.8  4.6  contig_19_pilon  1095202 1095441  (607245) + ltr-1_family-25   LTR/Copia       4112   4349  (149) 1505  
  356   35.0  4.4  3.8  contig_19_pilon  1096053 1096391  (606295) C rnd-1_family-67   Unknown        (122)   3954   3614 1506  
  815   30.6  4.2  3.3  contig_19_pilon  1096516 1096876  (605810) C rnd-1_family-55   Unknown       (1278)   2375   2012 1507  
  483   34.9  3.2  3.5  contig_19_pilon  1097036 1097054  (605632) + rnd-1_family-15   DNA/MULE-F      1647   1759 (1948) 1508  
  485   37.0  1.2  1.5  contig_19_pilon  1097055 1097397  (605289) C rnd-1_family-55   Unknown       (1820)   1833   1492 1507  
  483   34.9  3.2  3.5  contig_19_pilon  1097398 1097442  (605244) + rnd-1_family-15   DNA/MULE-F      1760   2052 (1655) 1508  
 2392   31.7  1.3  1.2  contig_19_pilon  1097583 1098505  (604181) C rnd-1_family-24   Unknown         (43)   4505   3582 1509  
  868   35.7  7.0  0.6  contig_19_pilon  1099300 1099744  (602942) + rnd-1_family-64   Unknown         1529   2001 (4474) 1510  
  360   22.1  7.3  1.5  contig_19_pilon  1100739 1100862  (601824) + rnd-2_family-26   Unknown           68    198  (127) 1511  
  754   24.1  7.9  3.6  contig_19_pilon  1100866 1101080  (601606) + rnd-2_family-11   Unknown            1    224    (7) 1512  
  511    9.0  2.5  1.2  contig_19_pilon  1101088 1101166  (601520) + rnd-2_family-26   Unknown          187    266   (59) 1513  
  377   15.2  3.0  0.0  contig_19_pilon  1108147 1108212  (594474) C rnd-2_family-26   Unknown         (66)    259    192 1514  
 2791   11.9  0.0  0.0  contig_19_pilon  1108985 1109362  (593324) C rnd-1_family-11   Unknown         (21)    379      2 1515  
  229   23.6 16.2  1.8  contig_19_pilon  1119618 1119716  (582970) C rnd-1_family-96   Unknown       (1751)    966    854 1516  
  229   18.0  0.0  2.6  contig_19_pilon  1119726 1119765  (582921) C rnd-1_family-37   Unknown          (6)    192    154 1517 *
  638   18.9 23.3  0.0  contig_19_pilon  1119739 1119897  (582789) + rnd-1_family-37   Unknown            1    196    (2) 1518  
 3138    9.5  0.0  0.7  contig_19_pilon  1121698 1122112  (580574) C rnd-1_family-8    Unknown          (0)    416      5 1519  
 1370   12.1  0.5  1.9  contig_19_pilon  1123859 1124069  (578617) + rnd-1_family-17   Unknown            2    209   (20) 1520  
  833   21.3  0.0  0.0  contig_19_pilon  1124642 1124796  (577890) C rnd-1_family-97   Unknown       (1342)   3277   3123 1521  
  228   17.9  0.0  0.0  contig_19_pilon  1124808 1124846  (577840) C rnd-1_family-97   Unknown       (1458)   3161   3123 1522  
  584   19.8  2.7  0.0  contig_19_pilon  1124858 1124968  (577718) C rnd-1_family-97   Unknown       (1458)   3161   3048 1523  
 1175   24.6  4.2  1.4  contig_19_pilon  1125670 1126094  (576592) + rnd-3_family-333  Unknown          272    708    (1) 1524  
  254   25.2 15.6  1.6  contig_19_pilon  1126555 1126663  (576023) + rnd-2_family-26   Unknown          149    272   (53) 1525  
 1261   19.2  9.3  1.1  contig_19_pilon  1126873 1127130  (575556) + rnd-1_family-2    Unknown            3    281    (0) 1526  
  264   26.9  0.0  1.3  contig_19_pilon  1139892 1139970  (562716) + rnd-2_family-19   Unknown           11     88  (156) 1527  
  454   20.3 13.2  0.7  contig_19_pilon  1142405 1142533  (560153) + rnd-2_family-251  Unknown            1    145    (4) 1528  
  322   23.3  4.1  1.6  contig_19_pilon  1146782 1146903  (555783) C rnd-2_family-26   Unknown        (144)    181     57 1529  
  270   18.9  0.0  0.0  contig_19_pilon  1149712 1149764  (552922) C rnd-1_family-5    Unknown        (635)    402    350 1530  
  668    3.6  0.0  0.0  contig_19_pilon  1152743 1152825  (549861) C rnd-1_family-8    Unknown          (0)    416    334 1531  
  233    6.5  0.0  0.0  contig_19_pilon  1152837 1152867  (549819) C rnd-1_family-8    Unknown         (53)    363    333 1531  
  244    1.8  0.0  2.2  contig_19_pilon  1152877 1152922  (549764) C rnd-1_family-8    Unknown         (52)    364    333 1531  
  233    6.5  0.0  0.0  contig_19_pilon  1153024 1153054  (549632) C rnd-1_family-8    Unknown         (53)    363    333 1531  
 2270   13.7  0.3  0.3  contig_19_pilon  1153078 1153437  (549249) C rnd-1_family-8    Unknown         (53)    363      4 1531  
  264   27.1 12.2  0.0  contig_19_pilon  1153692 1153798  (548888) C rnd-2_family-26   Unknown         (56)    269    150 1532  
  463   26.4  1.1  4.7  contig_19_pilon  1153895 1154069  (548617) C rnd-2_family-399  Unknown         (11)    221     53 1533  
  314   25.0  0.0  0.0  contig_19_pilon  1154154 1154221  (548465) + rnd-3_family-331  Unknown            2     69   (28) 1534  
  492   17.6  3.7  0.0  contig_19_pilon  1154304 1154411  (548275) + rnd-2_family-26   Unknown          138    249   (76) 1535  
  246   16.1  3.2  0.0  contig_19_pilon  1156377 1156438  (546248) + rnd-2_family-272  Unknown         3314   3377 (4694) 1536  
 1272   17.9  1.2  0.4  contig_19_pilon  1157002 1157242  (545444) + rnd-1_family-97   Unknown         3033   3275 (1344) 1537  
  651   27.0  0.9  1.3  contig_19_pilon  1157590 1157814  (544872) C rnd-2_family-11   Unknown          (7)    224      1 1538  
  301   25.8  9.5  1.5  contig_19_pilon  1157856 1158044  (544642) + rnd-2_family-26   Unknown           27    230   (95) 1539  
  948   23.0  0.9  0.0  contig_19_pilon  1161466 1161682  (541004) C rnd-1_family-97   Unknown       (1342)   3277   3059 1540  
  275   26.2  9.2  7.4  contig_19_pilon  1168234 1168406  (534280) + rnd-2_family-108  Unknown           60    235   (66) 1541  
  389   22.8  3.1 11.7  contig_19_pilon  1168407 1168600  (534086) + rnd-2_family-26   Unknown           24    202  (123) 1542  
  234   15.6  0.0  2.2  contig_19_pilon  1169249 1169294  (533392) C rnd-2_family-19   Unknown        (143)    101     57 1543  
  303   11.1  0.0  0.0  contig_19_pilon  1170723 1170767  (531919) + rnd-1_family-16   Unknown            1     45  (201) 1544  
  323   21.6  0.0  0.0  contig_19_pilon  1174567 1174640  (528046) C rnd-1_family-16   Unknown        (134)    112     39 1545  
  252   19.6  0.0  0.0  contig_19_pilon  1182129 1182179  (520507) C rnd-1_family-16   Unknown          (7)    239    189 1546  
  305   19.4  3.0  0.0  contig_19_pilon  1191292 1191358  (511328) C rnd-1_family-16   Unknown        (177)     69      1 1546  
 1101   20.6  1.8  0.9  contig_19_pilon  1192424 1192648  (510038) + rnd-1_family-17   Unknown            2    228    (1) 1547  
  377   25.8  0.0 21.1  contig_19_pilon  1193383 1193554  (509132) + rnd-1_family-97   Unknown         3072   3213 (1406) 1548  
  312   24.2  0.0  1.1  contig_19_pilon  1198877 1198972  (503714) C rnd-1_family-49   Unknown         (15)    128     34 1549 *
  498   22.2  0.0  0.0  contig_19_pilon  1198942 1199058  (503628) C rnd-1_family-3    Unknown          (0)    117      1 1550  
  311   24.2  4.8  4.8  contig_19_pilon  1199072 1199197  (503489) C rnd-1_family-51   Unknown       (6841)    473    348 1551  
  405   20.2  0.0  1.1  contig_19_pilon  1199330 1199424  (503262) C rnd-2_family-399  Unknown          (1)    231    138 1552 *
  703   26.8  0.9  0.9  contig_19_pilon  1199422 1199651  (503035) + rnd-1_family-97   Unknown         3048   3277 (1342) 1553  
  783   14.4  0.0  1.6  contig_19_pilon  1200442 1200568  (502118) + rnd-1_family-20   Unknown            1    125   (35) 1554  
  373   14.1  6.9  2.2  contig_19_pilon  1205241 1205327  (497359) + rnd-2_family-26   Unknown          121    211  (114) 1555  
  329   27.3 12.8  5.0  contig_19_pilon  1206155 1206505  (496181) C rnd-2_family-50   Unknown        (107)    389     13 1556  
  318   23.6  2.8  0.9  contig_19_pilon  1206622 1206728  (495958) C rnd-1_family-49   Unknown          (0)    143     35 1557  
 1380   16.1  0.0  1.3  contig_19_pilon  1207087 1207325  (495361) + rnd-1_family-36   Unknown           13    248    (7) 1558  
  616   25.0  3.8  0.5  contig_19_pilon  1209056 1209240  (493446) + rnd-2_family-26   Unknown           81    271   (54) 1559  
 2369   17.6  1.3  0.0  contig_19_pilon  1209909 1210295  (492391) + rnd-2_family-1080 Unknown            1    392    (0) 1560  
 3212    8.4  0.2  0.2  contig_19_pilon  1211224 1211638  (491048) C rnd-1_family-8    Unknown          (0)    416      2 1561  
  337   23.4  1.8  1.8  contig_19_pilon  1212021 1212129  (490557) + rnd-1_family-17   Unknown           40    148   (81) 1562  
  399   19.3  2.0  1.4  contig_19_pilon  1213966 1214112  (488574) + rnd-1_family-81   Unknown         2203   2338  (531) 1563  
 1797   21.1  3.3  2.1  contig_19_pilon  1214615 1215074  (487612) + rnd-2_family-149  Unknown           21    485  (327) 1564  
  558   18.1  1.5 21.6  contig_19_pilon  1215101 1215305  (487381) + rnd-2_family-149  Unknown          603    773   (39) 1564  
  260   17.5  6.6 16.0  contig_19_pilon  1215619 1215754  (486932) + rnd-1_family-37   Unknown           63    187   (11) 1565  
  264   25.2  0.8  2.3  contig_19_pilon  1220469 1220602  (482084) C rnd-1_family-81   Unknown        (533)   2336   2205 1566  
  936   24.7  0.0  0.5  contig_19_pilon  1220972 1221191  (481495) + rnd-1_family-97   Unknown         3059   3277 (1342) 1567  
  838   17.3 11.3  1.1  contig_19_pilon  1224119 1224133  (478553) + rnd-1_family-2    Unknown            1    110  (171) 1568  
  539   23.3  5.5  6.0  contig_19_pilon  1224134 1224316  (478370) C rnd-1_family-37   Unknown         (15)    183      2 1569  
  838   17.3 11.3  1.1  contig_19_pilon  1224317 1224336  (478350) + rnd-1_family-2    Unknown          111    281    (0) 1568  
 5961    7.8  1.6  1.6  contig_19_pilon  1224601 1225457  (477229) C rnd-1_family-33   Unknown          (0)    857      1 1570  
  447   32.6  3.4  0.0  contig_19_pilon  1226903 1227080  (475606) C rnd-1_family-5    Unknown        (635)    402    219 1571  
  438   21.3 10.9 12.3  contig_19_pilon  1227346 1227575  (475111) + rnd-2_family-19   Unknown           11    237    (7) 1572  
 1582   11.2  0.4  0.4  contig_19_pilon  1235133 1235357  (467329) + rnd-1_family-17   Unknown            1    225    (4) 1573  
  468   14.6  2.2  1.1  contig_19_pilon  1235628 1235717  (466969) C rnd-2_family-430  Unknown         (41)   1773   1683 1574  
  524   12.2  1.1  1.1  contig_19_pilon  1235880 1235970  (466716) + rnd-2_family-194  Unknown            7     97  (119) 1575  
  782   15.9  0.0  7.6  contig_19_pilon  1239769 1239938  (462748) C rnd-1_family-20   Unknown          (2)    158      1 1576  
 4156    4.6  0.0  0.4  contig_19_pilon  1240263 1240766  (461920) + rnd-1_family-58   Unknown            1    502    (4) 1577  
  375   30.2  3.7  1.2  contig_19_pilon  1241729 1241889  (460797) C rnd-1_family-5    Unknown        (636)    401    237 1578  
  625   20.6  0.9 12.6  contig_19_pilon  1243372 1243593  (459093) C rnd-2_family-11   Unknown         (32)    199      1 1579  
  913   19.4  2.7  5.6  contig_19_pilon  1243678 1243933  (458753) C rnd-2_family-26   Unknown         (54)    271     23 1580  
 2313    3.9  0.0  0.7  contig_19_pilon  1244299 1244581  (458105) + rnd-1_family-2    Unknown            1    281    (0) 1581  
  459   27.9  1.5  1.5  contig_19_pilon  1245902 1246101  (456585) + rnd-1_family-58   Unknown            1    200  (306) 1582  
  379   14.9 10.2  1.0  contig_19_pilon  1246315 1246402  (456284) + rnd-3_family-331  Unknown            1     96    (1) 1583  
  502   20.8  4.1  0.7  contig_19_pilon  1246409 1246553  (456133) + rnd-2_family-26   Unknown          128    277   (48) 1584  
  459   25.4  1.7  0.0  contig_19_pilon  1246551 1246668  (456018) C rnd-2_family-399  Unknown         (26)    206     87 1585 *
  751   26.6 10.9  2.1  contig_19_pilon  1247115 1247464  (455222) + rnd-1_family-66   Unknown           84    463  (256) 1586 *
 1605   22.6  4.2  2.1  contig_19_pilon  1247421 1247926  (454760) C rnd-2_family-195  Unknown          (2)    550     35 1587  
 1079   18.3  0.5  1.8  contig_19_pilon  1249894 1250116  (452570) C rnd-2_family-399  Unknown          (1)    231     12 1588  
  352   26.2  6.9  3.7  contig_19_pilon  1250812 1250942  (451744) C rnd-2_family-26   Unknown         (64)    261    127 1589  
  334   23.9  2.1  1.1  contig_19_pilon  1250947 1251039  (451647) C rnd-3_family-331  Unknown          (1)     96      3 1590  
 1559   13.5  0.0  0.9  contig_19_pilon  1251979 1252209  (450477) C rnd-1_family-17   Unknown          (0)    229      1 1591  
  515   28.4 10.9  0.9  contig_19_pilon  1252263 1252472  (450214) + rnd-2_family-26   Unknown           42    272   (53) 1592  
  711   19.3 10.2  0.8  contig_19_pilon  1252692 1252916  (449770) C rnd-2_family-50   Unknown        (246)    250      5 1593  
  591   26.4  5.3 10.0  contig_19_pilon  1252917 1253118  (449568) + rnd-2_family-272  Unknown          205    630 (7441) 1594  
  288   21.3  0.0  0.0  contig_19_pilon  1253071 1253131  (449555) C rnd-1_family-49   Unknown         (27)    116     56 1595 *
  500   28.3  0.6  2.3  contig_19_pilon  1253184 1253360  (449326) + rnd-2_family-48   Unknown           14    187   (41) 1596  
  750   20.8  7.7  5.0  contig_19_pilon  1255269 1255501  (447185) C rnd-2_family-108  Unknown          (8)    293     55 1597  
  272   25.0  0.0  1.1  contig_19_pilon  1264367 1264459  (438227) C rnd-2_family-272  Unknown       (4665)   3406   3315 1598  
  813   26.2  2.3  3.9  contig_19_pilon  1264830 1265087  (437599) + rnd-3_family-57   Unknown          753   1006  (251) 1599  
  479   23.5  3.3  1.6  contig_19_pilon  1265105 1265225  (437461) + rnd-3_family-57   Unknown         1122   1244   (13) 1599  
  585   22.6  4.5  6.7  contig_19_pilon  1265808 1266006  (436680) C rnd-1_family-37   Unknown          (3)    195      1 1600 *
 1073   13.7  0.6  0.0  contig_19_pilon  1265857 1266024  (436662) + rnd-1_family-2    Unknown          113    281    (0) 1601  
 1201   19.5  3.6  1.9  contig_19_pilon  1267467 1267770  (434916) C rnd-3_family-9    Unknown        (252)    340     32 1602  
  613   32.5  1.5  7.1  contig_19_pilon  1276399 1276739  (425947) + rnd-1_family-97   Unknown         2253   2575 (2044) 1603  
  503   14.3 20.1  0.0  contig_19_pilon  1287885 1288020  (414666) C rnd-1_family-37   Unknown          (0)    198      1 1604  
  314   25.0 11.8  1.8  contig_19_pilon  1287937 1288038  (414648) + rnd-1_family-2    Unknown          169    280    (1) 1605 *
  262   30.4  0.0  1.3  contig_19_pilon  1288197 1288276  (414410) C rnd-3_family-331  Unknown         (18)     79      1 1606  
 1316   18.1  0.3  9.1  contig_19_pilon  1289582 1289879  (412807) C rnd-1_family-2    Unknown          (7)    274      1 1607  
  381   26.7  2.3  1.5  contig_19_pilon  1290190 1290322  (412364) C rnd-2_family-26   Unknown         (54)    271    138 1608  
  357   19.8  4.3  2.1  contig_19_pilon  1290361 1290453  (412233) C rnd-3_family-331  Unknown          (2)     95      1 1609  
  606   21.7  0.0  1.6  contig_19_pilon  1291696 1291826  (410860) + rnd-2_family-251  Unknown            1    129   (20) 1610  
  334   15.4  1.9  0.0  contig_19_pilon  1292018 1292069  (410617) C rnd-1_family-37   Unknown          (6)    192    140 1611  
  331   23.3 14.6  8.5  contig_19_pilon  1292029 1292206  (410480) + rnd-1_family-37   Unknown            1    188   (10) 1612 *
  304   22.6 11.1 10.7  contig_19_pilon  1293652 1293913  (408773) C rnd-2_family-50   Unknown        (233)    263      1 1613  
  352   25.0  8.8  4.9  contig_19_pilon  1294793 1295086  (407600) + rnd-3_family-9    Unknown           67    371  (221) 1614  
  915   16.9  5.2  5.2  contig_19_pilon  1295370 1295563  (407123) C rnd-1_family-37   Unknown          (0)    198      5 1615  
  470   26.9 12.9  0.0  contig_19_pilon  1295415 1295585  (407101) + rnd-1_family-2    Unknown           89    281    (0) 1616 *
 1371   16.8  0.4  1.7  contig_19_pilon  1296701 1296942  (405744) C rnd-1_family-16   Unknown          (7)    239      1 1617  
  472   29.6  7.9  3.6  contig_19_pilon  1296945 1297158  (405528) C rnd-2_family-26   Unknown         (55)    270     48 1618  
  262   26.1  0.0  0.0  contig_19_pilon  1297480 1297544  (405142) + rnd-2_family-26   Unknown          212    276   (49) 1619  
  308   28.6  2.0  3.3  contig_19_pilon  1304224 1304375  (398311) + rnd-2_family-272  Unknown         3295   3444 (4627) 1620  
 1082   18.9  2.4  2.4  contig_19_pilon  1308149 1308398  (394288) C rnd-2_family-26   Unknown         (53)    272     23 1621  
  379   16.9  0.0  5.2  contig_19_pilon  1313800 1313880  (388806) + rnd-2_family-190  Unknown          184    260  (187) 1622  
  240   15.7  0.0  2.0  contig_19_pilon  1323834 1323885  (378801) + rnd-2_family-272  Unknown         3313   3363 (4708) 1623  
  290   26.9  0.9  0.9  contig_19_pilon  1323947 1324051  (378635) C rnd-2_family-272  Unknown       (4657)   3414   3310 1624  
  290   26.9  0.9  0.9  contig_19_pilon  1326206 1326310  (376376) + rnd-2_family-272  Unknown         3310   3414 (4657) 1625  
  240   15.7  0.0  2.0  contig_19_pilon  1326372 1326423  (376263) C rnd-2_family-272  Unknown       (4708)   3363   3313 1626  
  675   20.3  5.4  9.6  contig_19_pilon  1334975 1335235  (367451) C rnd-2_family-108  Unknown          (8)    293     43 1627  
  251   28.9  1.2  9.4  contig_19_pilon  1340115 1340435  (362251) + rnd-2_family-195  Unknown          256    552    (0) 1628 *
  428   29.3  5.6  2.4  contig_19_pilon  1340322 1340776  (361910) C rnd-1_family-49   Unknown        (195)    524     24 1629  
  997   18.5  5.4  0.8  contig_19_pilon  1340849 1341072  (361614) + ltr-1_family-3    LTR/Unknown       21    254    (0) 1630  
  298   11.0  1.7  8.9  contig_19_pilon  1346332 1346391  (356295) C rnd-2_family-251  Unknown         (50)     99     44 1631  
  402   28.6  9.5  6.4  contig_19_pilon  1347473 1347715  (354971) C rnd-2_family-26   Unknown         (53)    272     23 1632  
  830   26.3  6.5  5.4  contig_19_pilon  1347868 1347892  (354794) + rnd-2_family-195  Unknown           37    136  (416) 1633  
 1178   23.0  3.4  1.3  contig_19_pilon  1347893 1348279  (354407) C rnd-2_family-50   Unknown        (101)    395      1 1634  
  314   31.0 11.4  4.1  contig_19_pilon  1348266 1348740  (353946) C rnd-1_family-66   Unknown        (195)    524     17 1635 *
  830   26.3  6.5  5.4  contig_19_pilon  1348280 1348378  (354308) + rnd-2_family-195  Unknown          137    552    (0) 1633  
  401   25.8  6.0  0.3  contig_19_pilon  1349771 1349938  (352748) + rnd-1_family-49   Unknown           20    193  (303) 1636  
  365   28.0  0.0  1.7  contig_19_pilon  1349853 1349972  (352714) C rnd-2_family-272  Unknown       (7405)    666    549 1637 *
  736   23.8  6.2  4.0  contig_19_pilon  1350029 1350369  (352317) + rnd-2_family-50   Unknown           37    384  (112) 1638  
  951   21.4  0.0  2.4  contig_19_pilon  1350416 1350630  (352056) C rnd-2_family-194  Unknown          (0)    216      7 1639  
  423   12.9  0.0  0.0  contig_19_pilon  1352583 1352644  (350042) C rnd-1_family-16   Unknown          (4)    242    181 1640  
  291   21.8  0.8 15.8  contig_19_pilon  1352683 1352813  (349873) + rnd-3_family-310  Unknown           76    189  (363) 1641  
  225   28.1  9.0  7.8  contig_19_pilon  1353738 1353926  (348760) + rnd-1_family-25   Unknown          131    321 (1595) 1642  
  309   21.8  2.3  1.1  contig_19_pilon  1359986 1360073  (342613) C rnd-2_family-110  Unknown        (424)    383    295 1643  
 1397   19.1  1.9  0.9  contig_19_pilon  1360084 1360406  (342280) C rnd-2_family-110  Unknown        (474)    333      8 1644  
  729   23.7  2.3  3.4  contig_19_pilon  1360833 1361133  (341553) + rnd-2_family-195  Unknown           36    333  (219) 1645  
  473   24.3  8.5  2.5  contig_19_pilon  1361169 1361392  (341294) + rnd-2_family-195  Unknown          316    552    (0) 1645 *
  699   28.9  8.5  1.3  contig_19_pilon  1361282 1361706  (340980) C rnd-1_family-66   Unknown        (192)    527     73 1646  
  632   24.1  7.3  0.9  contig_19_pilon  1363279 1363483  (339203) C rnd-2_family-11   Unknown          (7)    224      7 1643  
  509   18.7 11.3  2.3  contig_19_pilon  1376681 1376839  (325847) + rnd-2_family-108  Unknown           45    217   (84) 1647  
 5967    9.1  1.1  0.3  contig_19_pilon  1377739 1378589  (324097) C rnd-1_family-33   Unknown          (0)    857      1 1648  
  297   25.6  1.3  0.0  contig_19_pilon  1379199 1379276  (323410) + rnd-3_family-9    Unknown           32    110  (482) 1649  
  879   25.9  3.4  0.3  contig_19_pilon  1379295 1379588  (323098) + rnd-3_family-9    Unknown          256    558   (34) 1649  
  390   24.2  1.0  1.0  contig_19_pilon  1379809 1379904  (322782) + rnd-3_family-331  Unknown            1     96    (1) 1650  
  478   24.0  7.4  0.0  contig_19_pilon  1379909 1380029  (322657) + rnd-2_family-26   Unknown          127    256   (69) 1651  
 1086   28.0  3.7  2.8  contig_19_pilon  1381380 1381979  (320707) C rnd-2_family-272  Unknown       (6678)   1393    789 1652  
  347   24.9  0.9 13.1  contig_19_pilon  1384637 1384747  (317939) C rnd-3_family-189  Unknown         (24)    372    274 1653  
  550   23.4  2.2  0.7  contig_19_pilon  1385731 1385868  (316818) C rnd-3_family-310  Unknown          (0)    552    413 1654  
  904    7.4  0.8  0.8  contig_19_pilon  1393243 1393365  (309321) + rnd-1_family-17   Unknown            1    123  (106) 1655  
  568   22.5  4.1  4.6  contig_19_pilon  1393697 1393892  (308794) C rnd-2_family-110  Unknown        (223)    584    390 1656  
  591   16.4  6.3  1.3  contig_19_pilon  1399394 1399535  (303151) C rnd-2_family-26   Unknown         (79)    246     98 1657  
  246   26.6  7.2  5.8  contig_19_pilon  1411032 1411183  (291503) + rnd-3_family-57   Unknown         1104   1257    (0) 1658  
  524   20.2  3.7  0.0  contig_19_pilon  1415774 1415882  (286804) + rnd-2_family-19   Unknown          129    241    (3) 1659  
  385   27.6  6.0  5.1  contig_19_pilon  1423051 1423382  (279304) + rnd-1_family-62   Unknown            5    339 (1297) 1660  
 1121   15.0  6.2  2.1  contig_19_pilon  1424351 1424575  (278111) C ltr-1_family-3    LTR/Unknown      (0)    254     21 1661  
  759   26.3  1.6  4.8  contig_19_pilon  1428664 1428855  (273831) + rnd-3_family-189  Unknown            1    186  (210) 1662  
  598   19.4  6.7  7.3  contig_19_pilon  1434842 1435019  (267667) C rnd-2_family-436  Unknown         (28)    183      7 1663  
  730   22.6 14.9  3.9  contig_19_pilon  1435344 1435578  (267108) C rnd-2_family-108  Unknown          (1)    300     41 1664  
  324   19.4  0.0  0.0  contig_19_pilon  1445690 1445751  (256935) + rnd-1_family-97   Unknown         3060   3121 (1498) 1665 *
  992   23.0  5.1  0.0  contig_19_pilon  1445743 1445959  (256727) + rnd-1_family-97   Unknown         3049   3276 (1343) 1666  
  710   24.6  4.3  0.5  contig_19_pilon  1445959 1446146  (256540) + rnd-1_family-97   Unknown         3100   3294 (1325) 1665 *
 2231    5.3  0.0  3.2  contig_19_pilon  1466884 1467173  (235513) + rnd-1_family-2    Unknown            1    281    (0) 1667  
  407   25.8  0.0  5.2  contig_19_pilon  1472806 1472948  (229738) C rnd-2_family-26   Unknown         (69)    256    121 1668  
  881   18.4  0.4  1.0  contig_19_pilon  1473047 1473065  (229621) C rnd-1_family-2    Unknown          (0)    281    133 1669  
  382   28.5 10.9  0.0  contig_19_pilon  1473066 1473230  (229456) + rnd-1_family-37   Unknown            1    183   (15) 1670  
  881   18.4  0.4  1.0  contig_19_pilon  1473231 1473244  (229442) C rnd-1_family-2    Unknown          (0)    132      2 1669  
  520   22.7  3.0  5.3  contig_19_pilon  1473300 1473434  (229252) C rnd-1_family-97   Unknown       (1342)   3277   3146 1671  
  846   24.0  0.0  0.0  contig_19_pilon  1480883 1481053  (221633) + rnd-1_family-97   Unknown         3107   3277 (1342) 1672  
  313   25.1 12.4  3.6  contig_19_pilon  1487218 1487395  (215291) C rnd-2_family-26   Unknown         (80)    245     53 1673  
20204   13.7  0.5  2.8  contig_19_pilon  1494127 1497438  (205248) + rnd-1_family-47   LTR/Gypsy          1   3239 (2401) 1674  
  444   35.6  0.4  0.8  contig_19_pilon  1498052 1498306  (204380) + ltr-1_family-25   LTR/Copia       3230   3483 (1009) 1675  
  357   28.8  3.9  4.5  contig_19_pilon  1499138 1499315  (203371) + ltr-1_family-25   LTR/Copia       4046   4222  (276) 1675  
  535   32.1  3.8  3.1  contig_19_pilon  1505097 1505388  (197298) C ltr-1_family-17   LTR/Gypsy      (813)   4412   4119 1676  
  367   11.4  3.5  7.3  contig_19_pilon  1516587 1516671  (186015) C rnd-2_family-19   Unknown        (161)     83      2 1677  
  635   26.9  0.0  0.0  contig_19_pilon  1522118 1522288  (180398) + rnd-1_family-97   Unknown         3083   3253 (1366) 1678  
  247   27.7  0.0  0.0  contig_19_pilon  1525574 1525638  (177048) C rnd-1_family-5    Unknown        (637)    400    336 1679  
  466   25.0  2.2  2.7  contig_19_pilon  1526041 1526225  (176461) + rnd-2_family-11   Unknown           48    231    (0) 1680  
  505   17.3 10.0  3.7  contig_19_pilon  1534048 1534227  (168459) + rnd-2_family-153  Unknown          257    447  (302) 1681  
 2103   21.2  7.3  0.9  contig_19_pilon  1535706 1536239  (166447) C rnd-2_family-247  Unknown         (10)   1218    651 1682  
 1173   16.2  1.9  1.0  contig_19_pilon  1536299 1536504  (166182) C rnd-2_family-247  Unknown        (583)    645    438 1682  
  236   25.0  1.9 11.1  contig_19_pilon  1536495 1536602  (166084) C rnd-2_family-247  Unknown        (927)    301    203 1682 *
 1277   19.0  1.3  0.0  contig_19_pilon  1540025 1540250  (162436) C rnd-1_family-97   Unknown       (1342)   3277   3049 1683  
  245   22.2  0.0  0.0  contig_19_pilon  1544043 1544096  (158590) C rnd-2_family-80   Unknown         (83)     57      4 1684  
 1079   20.7  1.9  0.8  contig_19_pilon  1545481 1545743  (156943) C rnd-1_family-70   Unknown          (0)    266      1 1685  
  376   28.3 12.2  6.2  contig_19_pilon  1546562 1546791  (155895) C rnd-3_family-189  Unknown         (64)    332     90 1686  
  359   19.4 17.7  1.2  contig_19_pilon  1547324 1547464  (155222) + rnd-2_family-26   Unknown          116    279   (46) 1687  
  480   21.4 16.3  0.6  contig_19_pilon  1552090 1552230  (150456) + rnd-1_family-97   Unknown         3115   3277 (1342) 1688  
  736   25.9  5.3  3.4  contig_19_pilon  1560979 1561298  (141388) C rnd-2_family-50   Unknown        (157)    339     14 1689  
  525   28.9  5.7  6.8  contig_19_pilon  1560985 1561403  (141283) + rnd-2_family-195  Unknown          129    543    (9) 1690 *
  326   30.7  8.4  1.2  contig_19_pilon  1561303 1561539  (141147) C rnd-1_family-66   Unknown        (198)    521    268 1691 *
  229   18.0  3.2  3.2  contig_19_pilon  1563150 1563212  (139474) + rnd-2_family-270  Unknown          631    693   (86) 1692 *
  243   26.1  0.0  5.0  contig_19_pilon  1563157 1563261  (139425) C rnd-2_family-50   Unknown        (396)    100      1 1693  
 1579    9.3  0.5  1.4  contig_19_pilon  1564087 1564304  (138382) + rnd-1_family-17   Unknown           11    226    (3) 1694  
 2261    3.3  2.9  0.0  contig_19_pilon  1564653 1564925  (137761) + rnd-1_family-2    Unknown            1    281    (0) 1695  
 1067   22.9  2.4  0.4  contig_19_pilon  1565269 1565514  (137172) C rnd-1_family-97   Unknown       (1320)   3299   3049 1696 *
 1867   11.8  0.0  8.5  contig_19_pilon  1565514 1565818  (136868) + rnd-1_family-2    Unknown            1    281    (0) 1697  
 1503   12.0  0.0  1.8  contig_19_pilon  1567959 1568187  (134499) + rnd-1_family-17   Unknown            1    225    (4) 1698  
  374   21.4 15.5  0.0  contig_19_pilon  1569287 1569389  (133297) C rnd-2_family-50   Unknown        (110)    386    268 1699  
 3041   10.4  0.0  3.2  contig_19_pilon  1569807 1570231  (132455) C rnd-1_family-8    Unknown          (0)    416      5 1700  
 1066    8.7  0.0  0.0  contig_19_pilon  1571818 1571955  (130731) + rnd-1_family-17   Unknown            2    139   (90) 1701  
  794    7.6  0.0  1.9  contig_19_pilon  1571993 1572099  (130587) + rnd-1_family-17   Unknown          125    229    (0) 1701  
  292   28.6  0.0  2.2  contig_19_pilon  1572702 1572794  (129892) C rnd-2_family-50   Unknown        (405)     91      1 1699  
  403   31.4  6.2  0.8  contig_19_pilon  1572833 1573073  (129613) C rnd-1_family-66   Unknown        (257)    462    209 1702  
  554   22.7  5.1 10.7  contig_19_pilon  1575196 1575432  (127254) + rnd-2_family-11   Unknown            7    231    (0) 1703  
  385   19.5 26.6  0.0  contig_19_pilon  1580143 1580255  (122431) C rnd-2_family-26   Unknown         (55)    270    128 1704  
  296   26.9  1.6  4.1  contig_19_pilon  1581895 1582018  (120668) C rnd-1_family-90   Unknown       (2241)    203     83 1705  
  811   21.6  0.8 18.5  contig_19_pilon  1582114 1582380  (120306) + rnd-1_family-97   Unknown         3050   3276 (1343) 1706  
  638   24.2  1.1  5.1  contig_19_pilon  1591393 1591575  (111111) + rnd-2_family-149  Unknown           24    199  (613) 1707  
  360   17.3  9.3  0.0  contig_19_pilon  1591590 1591664  (111022) + rnd-2_family-247  Unknown         1147   1228    (0) 1708  
 1796   19.6 15.0  1.4  contig_19_pilon  1592662 1593167  (109519) + rnd-2_family-149  Unknown          198    771   (41) 1707  
  242   15.2  4.9  3.2  contig_19_pilon  1598074 1598134  (104552) + rnd-2_family-195  Unknown           34     95  (457) 1709  
  462   19.0  1.3  0.0  contig_19_pilon  1598802 1598880  (103806) + rnd-3_family-331  Unknown            1     80   (17) 1710  
  692   23.3  4.4  7.0  contig_19_pilon  1599449 1599697  (102989) C rnd-2_family-26   Unknown         (53)    272     30 1711  
  304   16.4 13.5  1.2  contig_19_pilon  1599973 1600046  (102640) C rnd-2_family-270  Unknown        (368)    411    329 1712  
 1326   17.4  1.3  0.0  contig_19_pilon  1600846 1601069  (101617) + rnd-1_family-97   Unknown         3050   3276 (1343) 1713  
 2105   17.8  1.1  2.4  contig_19_pilon  1602294 1602754   (99932) + rnd-3_family-9    Unknown           71    525   (67) 1714  
 2140    5.3  1.7  2.4  contig_19_pilon  1610558 1610848   (91838) + ltr-1_family-11   LTR/Unknown        1    289    (0) 1715  
11236    6.5  5.8  2.5  contig_19_pilon  1610849 1612580   (90106) + ltr-1_family-12   LTR/Gypsy          1   1787 (5677) 1716  
 9041    9.3  2.6  2.1  contig_19_pilon  1612581 1614044   (88642) + ltr-1_family-15   LTR/Unknown        2   1472    (0) 1717  
 6273    9.5  0.9  1.2  contig_19_pilon  1614073 1614960   (87726) + ltr-1_family-12   LTR/Gypsy       1792   2676 (4788) 1716  
 4981    8.5  1.6  2.1  contig_19_pilon  1614957 1615703   (86983) + ltr-1_family-12   LTR/Gypsy       6720   7462    (2) 1718 *
 1801    7.3  3.0  1.5  contig_19_pilon  1615728 1615991   (86695) + ltr-1_family-11   LTR/Unknown       16    283    (6) 1719  
  662   10.2  0.0  1.9  contig_19_pilon  1615992 1616101   (86585) + ltr-1_family-12   LTR/Gypsy       7344   7451   (13) 1720  
 1236   22.1  7.7  2.4  contig_19_pilon  1616542 1617051   (85635) C rnd-3_family-9    Unknown         (25)    567     32 1721  
  363   34.0  2.7  2.0  contig_19_pilon  1617567 1617713   (84973) C rnd-1_family-5    Unknown        (647)    390    243 1722  
 1493   15.5  0.0  3.2  contig_19_pilon  1617789 1618048   (84638) C rnd-1_family-36   Unknown          (3)    252      1 1723  
  259   27.1  0.9  4.6  contig_19_pilon  1619818 1619929   (82757) + rnd-1_family-97   Unknown         3158   3265 (1354) 1724  
  276   26.5  3.6  1.2  contig_19_pilon  1629118 1629201   (73485) + rnd-1_family-97   Unknown         3049   3134 (1485) 1725  
  251   17.5  0.0  0.0  contig_19_pilon  1634442 1634481   (68205) C rnd-2_family-194  Unknown         (17)    199    160 1726  
  388   11.8 24.3  0.7  contig_19_pilon  1649794 1649904   (52782) C rnd-2_family-436  Unknown          (6)    205     69 1727  
 1857    3.2  0.0  0.0  contig_19_pilon  1651657 1651872   (50814) C rnd-1_family-69   Unknown          (0)    216      1 1728  
  248   25.9  0.0  0.0  contig_19_pilon  1652135 1652192   (50494) + rnd-2_family-80   Unknown           11     68   (72) 1729  
  325   23.6  6.1  4.3  contig_19_pilon  1652570 1652684   (50002) + rnd-2_family-26   Unknown          122    238   (87) 1730  
  665   17.1  0.8  1.5  contig_19_pilon  1653125 1653255   (49431) C rnd-2_family-48   Unknown          (6)    222     93 1731  
  367   21.3  3.3  2.2  contig_19_pilon  1653306 1653396   (49290) + rnd-2_family-26   Unknown          124    215  (110) 1732  
  693    9.4  0.9  0.0  contig_19_pilon  1654036 1654141   (48545) C ltr-1_family-12   LTR/Gypsy       (14)   7450   7344 1733 *
 2042    9.5  1.4  0.0  contig_19_pilon  1654137 1654421   (48265) C ltr-1_family-11   LTR/Unknown      (0)    289      1 1734  
 5126   12.4  1.1  0.3  contig_19_pilon  1654425 1655362   (47324) C ltr-1_family-12   LTR/Gypsy        (2)   7462   6720 1735  
  832   14.4  0.0  0.0  contig_19_pilon  1655347 1655471   (47215) C ltr-1_family-12   LTR/Gypsy     (5439)   2025   1901 1735 *
 7776   14.5  0.8  0.1  contig_19_pilon  1655477 1656663   (46023) C ltr-1_family-15   LTR/Unknown    (276)   1196      2 1736  
 5333   14.0  7.5  2.8  contig_19_pilon  1656664 1658369   (44317) C ltr-1_family-12   LTR/Gypsy     (5677)   1787      1 1735  
 2161    6.3  0.0  1.8  contig_19_pilon  1658370 1658659   (44027) C ltr-1_family-11   LTR/Unknown      (0)    289      5 1737  
 1020   23.9  0.3  5.5  contig_19_pilon  1658809 1659113   (43573) + rnd-2_family-156  DNA/TcMar-Tc1   1223   1512   (82) 1738  
  271    3.0  0.0  0.0  contig_19_pilon  1661259 1661291   (41395) + rnd-1_family-89   DNA/TcMar-Tc1      1     33 (1677) 1739 *
 5338   11.6  0.0  2.0  contig_19_pilon  1661273 1662079   (40607) C rnd-1_family-89   DNA/TcMar-Tc1    (0)   1710    920 1740  
  309   17.5  1.0  0.0  contig_19_pilon  1662222 1662324   (40362) C rnd-1_family-81   Unknown        (528)   2341   2238 1741  
 1571   12.4  0.0  0.4  contig_19_pilon  1662903 1663128   (39558) + rnd-1_family-17   Unknown            1    225    (4) 1742  
  547    9.1  0.0  1.3  contig_19_pilon  1663141 1663218   (39468) C rnd-1_family-17   Unknown        (152)     77      1 1743  
  593   20.3  3.1  1.5  contig_19_pilon  1663424 1663553   (39133) + rnd-2_family-26   Unknown          131    262   (63) 1744  
  226   24.1  0.0  0.0  contig_19_pilon  1663777 1663830   (38856) C rnd-1_family-13   Unknown       (2500)   3302   3249 1745 *
  378   14.3  1.3  1.3  contig_19_pilon  1663783 1663860   (38826) + rnd-1_family-49   Unknown           43    120   (23) 1746  
  522   24.3  1.5 14.5  contig_19_pilon  1663932 1664258   (38428) C rnd-2_family-270  Unknown        (174)    605    316 1747  
 1462    9.9 10.3  0.0  contig_19_pilon  1665329 1665551   (37135) C rnd-1_family-16   Unknown          (0)    246      1 1748  
  325   23.7  7.6  0.8  contig_20_pilon   4142  4260 (13575) + rnd-1_family-77 Unknown      1119   1245 (1505) 1749  
  403   24.8  0.0  0.0  contig_20_pilon   5776  5876 (11959) + rnd-1_family-86 Unknown        56    156  (631) 1750  
  300   31.4  3.8  4.4  contig_20_pilon   8697  8879  (8956) + rnd-1_family-61 Unknown      2919   3100  (898) 1751  
  740   29.2  4.5  3.9  contig_23_pilon    231   586   (56) C ltr-1_family-17 LTR/Gypsy   (742)   4483   4126 1752  
 6109   14.7  2.3  1.3  contig_2_pilon     22  1113 (46814) C ltr-1_family-6   LTR/Gypsy   (3622)   9780   8678 1753  
  687   16.7  0.0  0.0  contig_2_pilon   1440  1565 (46362) + rnd-1_family-70  Unknown          1    126  (140) 1754  
12091   20.4  2.4  2.3  contig_2_pilon   2980  7268 (40659) + rnd-1_family-61  Unknown          1   3512  (486) 1755  
  230   29.7  3.9  2.2  contig_2_pilon   7355  7533 (40394) C rnd-1_family-6   Unknown      (509)   1304   1123 1756  
24724   16.5  1.8  1.0  contig_2_pilon  10494 14893 (33034) C rnd-1_family-26  Unknown      (114)   4434      1 1757  
 1272   21.7  2.6  2.9  contig_2_pilon  15170 15515 (32412) C rnd-1_family-31  Unknown     (1920)    345      1 1758  
37547    7.5  0.1  0.2  contig_2_pilon  15518 20768 (27159) + rnd-1_family-56  LTR/Gypsy        1   6774    (0) 1759 *
55160    0.0  0.0  0.6  contig_2_pilon  20409 26319 (21608) C ltr-1_family-23  LTR/Copia   (3524)   6485    612 1760  
31248   11.1  0.4  0.6  contig_2_pilon  26093 30489 (17438) C rnd-1_family-47  LTR/Gypsy   (1250)   4390      1 1761 *
  292   23.5 14.5  1.8  contig_2_pilon  30536 30825 (17102) C rnd-2_family-153 Unknown      (306)    443    118 1762  
  230   20.5  3.5 20.7  contig_2_pilon  30840 31036 (16891) C rnd-2_family-153 Unknown      (434)    315    147 1763  
 3126   31.5  0.9  2.7  contig_2_pilon  31591 32848 (15079) + rnd-1_family-43  DNA/Sola-1    1206   2441  (636) 1764  
  853    2.8  0.0  0.0  contig_2_pilon  33261 33367 (14560) C ltr-1_family-12  LTR/Gypsy     (14)   7450   7344 1765 *
 2557    1.0  0.3  0.0  contig_2_pilon  33363 33650 (14277) C ltr-1_family-11  LTR/Unknown    (0)    289      1 1766  
  906    4.2  0.8  0.0  contig_2_pilon  33654 33771 (14156) C ltr-1_family-12  LTR/Gypsy      (2)   7462   7344 1767 *
 2529    1.4  0.3  0.0  contig_2_pilon  33767 34054 (13873) C ltr-1_family-11  LTR/Unknown    (0)    289      1 1768  
44272    3.9  0.5  0.5  contig_2_pilon  34058 39396  (8531) C ltr-1_family-12  LTR/Gypsy      (2)   7462   2127 1769  
48333    5.5  1.2  0.5  contig_2_pilon  39397 45522  (2405) + rnd-1_family-41  LTR/Gypsy        1   6170  (604) 1770  
21667    2.0  0.1  0.1  contig_2_pilon  45514 47927     (0) C rnd-1_family-47  LTR/Gypsy      (0)   5640   3228 1771 *
  488   26.2  6.7  1.0  contig_26_pilon     6598    6790 (1260854) + rnd-1_family-30   DNA/TcMar-Tc1    285    488   (601) 1772  
  320   31.6  3.8  6.1  contig_26_pilon    10013   10248 (1257396) + rnd-1_family-97   Unknown         3047   3277  (1342) 1773  
  297   25.0  0.0  0.0  contig_26_pilon    11861   11924 (1255720) C rnd-1_family-68   DNA/Sola-1    (2147)    259     196 1774  
  336   28.2  2.7  7.7  contig_26_pilon    31477   31626 (1236018) C rnd-1_family-26   Unknown       (1337)   3211    3069 1775 *
 1775   32.1  3.6  3.1  contig_26_pilon    31562   32933 (1234711) + rnd-1_family-67   Unknown         1075   2453  (1623) 1776 *
65197    2.5  0.4  0.6  contig_26_pilon    32508   40032 (1227612) C rnd-1_family-46   Unknown          (0)   7517       1 1777  
  321   15.8  3.5  0.0  contig_26_pilon    40199   40255 (1227389) + rnd-1_family-46   Unknown         5049   5107  (2410) 1778  
  306   32.2  2.1  2.1  contig_26_pilon    42036   42222 (1225422) + rnd-1_family-86   Unknown           47    233   (554) 1779  
  438   16.2  0.0  0.0  contig_26_pilon    54124   54197 (1213447) + rnd-1_family-69   Unknown          139    212     (4) 1780  
  482   30.4  0.5  4.7  contig_26_pilon    54554   54753 (1212891) C rnd-1_family-82   Unknown       (3237)   1898    1707 1781  
  655   25.8  3.4 11.6  contig_26_pilon    57018   57372 (1210272) C rnd-2_family-156  DNA/TcMar-Tc1    (0)   1594    1266 1782  
  323   25.0  3.6  6.5  contig_26_pilon    57399   57509 (1210135) C rnd-1_family-82   Unknown       (4923)    212     105 1781  
  363   17.8  2.9  8.1  contig_26_pilon    58868   58971 (1208673) C rnd-2_family-26   Unknown        (104)    221     123 1783  
  839   23.1  1.5  0.5  contig_26_pilon    61352   61547 (1206097) C ltr-1_family-9    LTR/Unknown      (2)    491     294 1784  
  271   16.2  2.6  7.5  contig_26_pilon    63670   63822 (1203822) + rnd-1_family-81   Unknown         2244   2389   (480) 1785  
  239   15.6  6.4  0.9  contig_26_pilon    64323   64432 (1203212) + rnd-1_family-81   Unknown         2218   2333   (536) 1786  
  280   22.9  2.1  2.8  contig_26_pilon    65122   65265 (1202379) + rnd-1_family-81   Unknown         2229   2371   (498) 1787  
 3029   26.4  0.1  0.0  contig_26_pilon    67981   68738 (1198906) C rnd-1_family-46   Unknown       (2956)   4561    3803 1788  
 2601   25.2  2.2  1.3  contig_26_pilon    68792   69471 (1198173) C rnd-1_family-46   Unknown       (3774)   3743    3058 1788  
19628   16.4  0.8  1.5  contig_26_pilon    69472   72757 (1194887) + ltr-1_family-6    LTR/Gypsy       8141  11401  (2001) 1789  
 1549   34.1  1.6  1.4  contig_26_pilon    72759   73519 (1194125) C rnd-1_family-46   Unknown       (4456)   3061    2300 1788  
  271   31.0  0.0  0.0  contig_26_pilon    73713   73799 (1193845) C rnd-1_family-46   Unknown       (5506)   2011    1925 1788  
 9674    3.5  1.8  0.1  contig_26_pilon    73802   74930 (1192714) + rnd-1_family-31   Unknown            1   1148  (1117) 1790  
15731   12.2  1.6  0.9  contig_26_pilon    75733   78728 (1188916) C rnd-1_family-43   DNA/Sola-1       (8)   3069       1 1791  
  494   29.8  3.2  4.0  contig_26_pilon    78818   79097 (1188547) C rnd-1_family-43   DNA/Sola-1    (2724)    353      76 1791  
  226   17.8  0.0  2.2  contig_26_pilon    80195   80240 (1187404) + rnd-1_family-82   Unknown         5057   5101    (34) 1792  
  229   17.1  0.0  0.0  contig_26_pilon    85660   85694 (1181950) C rnd-1_family-82   Unknown         (45)   5090    5056 1793  
  242   14.3  0.0  0.0  contig_26_pilon    85786   85820 (1181824) C rnd-1_family-82   Unknown         (45)   5090    5056 1794  
  242   14.3  0.0  0.0  contig_26_pilon    85910   85944 (1181700) C rnd-1_family-82   Unknown         (45)   5090    5056 1795  
 3589   28.5  1.9  1.9  contig_26_pilon    86667   88111 (1179533) C rnd-1_family-64   Unknown       (1322)   6417    4608 1796  
18120   19.7  1.4  1.7  contig_26_pilon    88161   93152 (1174492) C rnd-1_family-82   Unknown         (48)   5087       1 1795  
  319   26.8  2.0  2.0  contig_26_pilon    93728   93826 (1173818) + rnd-1_family-26   Unknown          194    292  (4256) 1797  
  317   31.3  5.6  5.3  contig_26_pilon    94247   94583 (1173061) + rnd-1_family-26   Unknown          716   1053  (3495) 1797  
 1527   33.8  4.7  1.8  contig_26_pilon    94662   95800 (1171844) C rnd-1_family-67   Unknown       (1109)   2967    1797 1798 *
 1693   27.3  3.7  4.2  contig_26_pilon    95141   95839 (1171805) + rnd-1_family-26   Unknown         1758   2453  (2095) 1797  
  242   19.6  0.0  0.0  contig_26_pilon   100590  100635 (1167009) C rnd-1_family-61   Unknown        (902)   3096    3051 1799  
33325    3.5  0.2  0.1  contig_26_pilon   106556  110375 (1157269) + rnd-1_family-26   Unknown          725   4548     (0) 1800  
  241   19.2  1.9  0.0  contig_26_pilon   113527  113578 (1154066) C rnd-1_family-61   Unknown        (906)   3092    3040 1801  
 3830   18.9  0.9  0.4  contig_26_pilon   114567  115321 (1152323) C rnd-1_family-72   Unknown          (6)    760       2 1802  
 5088   13.0  0.4  0.4  contig_26_pilon   115720  116506 (1151138) C rnd-1_family-86   Unknown          (0)    787       1 1803  
  281   13.7  0.0  0.0  contig_26_pilon   119151  119201 (1148443) C rnd-1_family-31   Unknown       (2207)     58       8 1804  
  508   30.0  5.0  2.9  contig_26_pilon   119203  119442 (1148202) C rnd-1_family-46   Unknown       (5571)   1946    1702 1805  
22918   11.8  0.7  0.2  contig_26_pilon   122998  126238 (1141406) + ltr-1_family-6    LTR/Gypsy       8143  11401  (2001) 1806  
 4152    3.0  0.0  0.0  contig_26_pilon   126237  126708 (1140936) + rnd-1_family-92   Unknown            1    472     (0) 1807 *
15953   13.0  0.9  1.8  contig_26_pilon   126709  129127 (1138517) C ltr-1_family-6    LTR/Gypsy     (2000)  11402    9004 1808  
23792    9.1  0.9  0.8  contig_26_pilon   129128  132378 (1135266) C rnd-1_family-41   LTR/Gypsy     (3521)   3253       1 1809  
 6244   11.4  0.3  0.3  contig_26_pilon   132379  133252 (1134392) C ltr-1_family-6    LTR/Gypsy     (4394)   9008    8135 1808 *
21842    2.6  0.3  0.1  contig_26_pilon   133245  135696 (1131948) + rnd-1_family-73   Unknown            1   2458     (0) 1810  
20348    5.2  0.9  0.3  contig_26_pilon   136319  138748 (1128896) C rnd-1_family-90   Unknown          (0)   2444       1 1811  
 4793    9.7  0.1  0.1  contig_26_pilon   139968  140650 (1126994) + rnd-1_family-33   Unknown            1    683   (174) 1812  
 1071   11.9  0.0  0.0  contig_26_pilon   140650  140809 (1126835) C rnd-1_family-20   Unknown          (0)    160       1 1813 *
  681   15.2  0.5 18.0  contig_26_pilon   140811  141019 (1126625) + rnd-1_family-33   Unknown          679    856     (1) 1812  
  602   28.0  0.8  0.0  contig_26_pilon   143482  143606 (1124038) C rnd-3_family-189  Unknown        (270)    126       1 1814  
  618   24.2  2.6 13.4  contig_26_pilon   144049  144320 (1123324) C rnd-2_family-26   Unknown         (54)    271      26 1815  
  793   23.7 10.2  3.0  contig_26_pilon   145365  145682 (1121962) C rnd-3_family-189  Unknown          (3)    393       2 1816  
 1461   28.0  1.2  6.1  contig_26_pilon   150431  150844 (1116800) C rnd-3_family-189  Unknown          (1)    395       1 1817  
  701   24.6  2.1  2.5  contig_26_pilon   152621  152904 (1114740) C rnd-3_family-310  Unknown        (106)    446     164 1818  
  331   20.0  5.4  2.1  contig_26_pilon   153641  153732 (1113912) + rnd-2_family-26   Unknown          159    253    (72) 1819  
  756   25.1  1.6  1.6  contig_26_pilon   153742  153988 (1113656) + rnd-2_family-110  Unknown            6    252   (555) 1820  
  226   14.7  0.0  0.0  contig_26_pilon   155074  155107 (1112537) C rnd-2_family-436  Unknown          (1)    210     177 1821  
  523   14.7  3.9  0.9  contig_26_pilon   155497  155599 (1112045) C rnd-2_family-436  Unknown         (87)    124      19 1821  
 3433   14.5  0.2  0.9  contig_26_pilon   157431  157986 (1109658) C rnd-3_family-310  Unknown          (0)    552       1 1822  
  473   19.8  1.1  0.0  contig_26_pilon   161882  161972 (1105672) + rnd-2_family-251  Unknown           58    149     (0) 1823  
  812   25.4  0.5  0.0  contig_26_pilon   172070  172274 (1095370) + rnd-2_family-48   Unknown            6    211    (17) 1824  
 1289   15.3  0.4  6.8  contig_26_pilon   172435  172700 (1094944) + rnd-2_family-149  Unknown           87    336   (476) 1825  
  743   19.6  3.2  0.0  contig_26_pilon   177751  177908 (1089736) C rnd-3_family-310  Unknown         (40)    512     350 1826  
  341   24.4  1.2  0.0  contig_26_pilon   177980  178065 (1089579) C rnd-3_family-310  Unknown        (465)     87       1 1826  
  486   14.6 17.6  1.4  contig_26_pilon   181301  181425 (1086219) C rnd-2_family-436  Unknown          (4)    207      63 1827  
 1313    8.1  8.0  0.9  contig_26_pilon   186233  186445 (1081199) C rnd-1_family-17   Unknown          (0)    229       2 1828  
 1873   24.3  2.0  6.5  contig_26_pilon   195335  195994 (1071650) C rnd-2_family-149  Unknown        (110)    702      71 1829  
  579   20.6  4.1  0.0  contig_26_pilon   196196  196341 (1071303) + rnd-2_family-26   Unknown          115    266    (59) 1830  
  354   25.4  6.4  7.1  contig_26_pilon   205561  205585 (1062059) + rnd-2_family-195  Unknown           37    233   (319) 1831  
  358   23.5  5.7  4.1  contig_26_pilon   205586  205847 (1061797) C rnd-2_family-50   Unknown        (101)    395     130 1832  
  354   25.4  6.4  7.1  contig_26_pilon   205848  205857 (1061787) + rnd-2_family-195  Unknown          234    331   (221) 1831  
  384   26.5  1.1  3.3  contig_26_pilon   212813  212999 (1054645) C rnd-2_family-399  Unknown          (1)    231      49 1833  
  532   19.0 20.1  0.5  contig_26_pilon   213149  213312 (1054332) C rnd-1_family-37   Unknown          (2)    196       1 1834  
  519   22.4  2.4  0.0  contig_26_pilon   213202  213326 (1054318) + rnd-1_family-2    Unknown          150    277     (4) 1835 *
  254   23.4  8.5  0.0  contig_26_pilon   215239  215332 (1052312) + rnd-2_family-149  Unknown          662    763    (49) 1836  
  555   19.2  0.0  4.3  contig_26_pilon   215947  216066 (1051578) C rnd-1_family-37   Unknown          (1)    197      83 1837  
  416   13.2  0.0  0.0  contig_26_pilon   218703  218770 (1048874) C rnd-1_family-69   Unknown         (12)    204     137 1838  
  441   15.2  1.1  0.0  contig_26_pilon   218925  219016 (1048628) + rnd-1_family-3    Unknown           25    117     (0) 1839  
  239   29.7  3.2  2.1  contig_26_pilon   218945  219037 (1048607) C rnd-1_family-13   Unknown       (2455)   3347    3254 1840 *
  361   16.5  2.3  1.1  contig_26_pilon   218995  219080 (1048564) + rnd-1_family-49   Unknown           42    128    (15) 1841  
  437    8.6  0.0 11.3  contig_26_pilon   221414  221492 (1046152) C rnd-1_family-69   Unknown          (6)    210     140 1842  
 1639   11.8  0.0  0.0  contig_26_pilon   226055  226300 (1041344) C rnd-1_family-16   Unknown          (0)    246       1 1843  
  432   26.1 10.4  3.7  contig_26_pilon   229533  229763 (1037881) + rnd-2_family-26   Unknown           31    276    (49) 1844  
  345   28.6  0.0  0.8  contig_26_pilon   234762  234881 (1032763) + rnd-2_family-50   Unknown            7    125   (371) 1845  
  635   16.8 12.8  7.4  contig_26_pilon   236231  236410 (1031234) C rnd-2_family-149  Unknown         (40)    772     584 1846  
 1036   32.9  1.3  1.1  contig_26_pilon   237025  237553 (1030091) + ltr-1_family-14   LTR/Gypsy        543   1072  (4230) 1847  
  331   29.8  0.0  0.0  contig_26_pilon   237691  237784 (1029860) + ltr-1_family-14   LTR/Gypsy       1228   1321  (3981) 1847  
  374   34.0  0.5  0.0  contig_26_pilon   238256  238449 (1029195) + ltr-1_family-14   LTR/Gypsy       2374   2568  (2734) 1847  
  275   27.2  1.1  1.1  contig_26_pilon   238454  238546 (1029098) + ltr-1_family-14   LTR/Gypsy       3602   3694  (1608) 1847  
 1344   34.5  1.5  2.0  contig_26_pilon   238796  239780 (1027864) + ltr-1_family-14   LTR/Gypsy       3941   4920   (382) 1847  
  668   24.0  3.4  1.1  contig_26_pilon   245071  245247 (1022397) C rnd-3_family-310  Unknown         (87)    465     285 1848  
 1543    9.0  0.5  0.5  contig_26_pilon   259985  260207 (1007437) + rnd-1_family-17   Unknown            1    223     (6) 1849  
  375   26.4  5.7  3.9  contig_26_pilon   260438  260614 (1007030) + rnd-2_family-108  Unknown           96    275    (26) 1850  
  729   22.5  4.9  2.2  contig_26_pilon   262003  262225 (1005419) C rnd-2_family-11   Unknown          (0)    231       3 1851  
  616   24.4 10.7  0.0  contig_26_pilon   262792  262996 (1004648) C rnd-1_family-97   Unknown       (1341)   3278    3052 1852  
  268   26.0  0.0  0.0  contig_26_pilon   263753  263825 (1003819) + rnd-2_family-399  Unknown          159    231     (1) 1853  
 2564   10.2  0.2  0.2  contig_26_pilon   265245  265646 (1001998) C rnd-1_family-33   Unknown        (453)    404       3 1854  
 1889   25.0  3.5  0.9  contig_26_pilon   267701  268338  (999306) C rnd-1_family-78   Unknown          (0)    753     100 1855  
  701   25.0  0.8  0.4  contig_26_pilon   268893  269149  (998495) C rnd-1_family-70   Unknown          (0)    266       9 1856  
 4102   13.6  3.6  0.1  contig_26_pilon   283343  284129  (983515) + rnd-1_family-66   Unknown            1    719     (0) 1857  
 1015   28.0  5.7  0.2  contig_26_pilon   284024  284481  (983163) C rnd-1_family-66   Unknown        (195)    524      42 1858 *
  421   23.0  1.8  0.0  contig_26_pilon   285040  285152  (982492) C rnd-3_family-57   Unknown          (0)   1257    1143 1859  
  526   28.7  4.3  5.0  contig_26_pilon   287625  287947  (979697) + rnd-1_family-66   Unknown          144    464   (255) 1860  
  338   27.0  4.8  7.7  contig_26_pilon   287780  287988  (979656) C rnd-2_family-272  Unknown         (88)    691     363 1861 *
  432   21.2  1.4  2.2  contig_26_pilon   287989  288128  (979516) + rnd-2_family-50   Unknown            1    139   (357) 1862  
  338   27.0  4.8  7.7  contig_26_pilon   288129  288140  (979504) C rnd-2_family-272  Unknown         (88)    362     341 1861  
  561   25.5  8.6  3.0  contig_26_pilon   292311  292532  (975112) + rnd-2_family-26   Unknown           43    276    (49) 1863  
 1083   21.9  2.9 11.4  contig_26_pilon   292593  293004  (974640) + rnd-2_family-247  Unknown          194    527   (701) 1864  
 1849   14.3  0.7  0.7  contig_26_pilon   293945  294225  (973419) + rnd-1_family-2    Unknown            1    281     (0) 1865  
  277   18.7  7.7  1.4  contig_26_pilon   294261  294325  (973319) + rnd-2_family-436  Unknown          128    196    (15) 1866  
  332   14.9  1.2 13.2  contig_26_pilon   300003  300087  (967557) + rnd-2_family-251  Unknown           73    148     (1) 1867  
  325   13.9  8.1  2.6  contig_26_pilon   300417  300490  (967154) + rnd-2_family-247  Unknown          189    266   (962) 1868  
 1610   21.9  0.4 11.4  contig_26_pilon   300525  301009  (966635) + rnd-2_family-247  Unknown          574   1010   (218) 1868  
 1292   18.9  0.3 10.6  contig_26_pilon   302052  302353  (965291) C rnd-3_family-310  Unknown          (1)    551     278 1869  
  345   18.2  2.5  1.3  contig_26_pilon   302390  302580  (965064) + rnd-1_family-81   Unknown         2153   2336   (533) 1870  
  288   18.0  0.0  0.9  contig_26_pilon   302485  302596  (965048) C rnd-1_family-81   Unknown        (533)   2336    2226 1871 *
 2127   21.4  2.6  9.3  contig_26_pilon   302609  303406  (964238) C rnd-2_family-153  Unknown          (0)    749       1 1872  
  848   19.0  0.6  3.0  contig_26_pilon   303406  303573  (964071) C rnd-3_family-310  Unknown        (377)    175      12 1869 *
  529   23.4  2.9  2.1  contig_26_pilon   305027  305166  (962478) + rnd-2_family-26   Unknown          132    272    (53) 1873  
  602   14.3  3.3  0.8  contig_26_pilon   305930  306049  (961595) C rnd-2_family-153  Unknown          (2)    747     625 1874  
  339   25.8  3.2  0.0  contig_26_pilon   306056  306148  (961496) C ltr-1_family-12   LTR/Gypsy       (21)   7443    7348 1875  
  319   29.8  7.1  5.8  contig_26_pilon   306215  306453  (961191) C ltr-1_family-11   LTR/Unknown     (27)    262      21 1876  
  531   18.9  5.7  0.0  contig_26_pilon   306585  306706  (960938) C rnd-2_family-153  Unknown        (120)    629     501 1877  
 2651   13.7 10.2  0.1  contig_26_pilon   306712  307467  (960177) C ltr-1_family-4    LTR/Copia      (890)   4480    3649 1878 *
13100   15.8  0.2  0.1  contig_26_pilon   307464  309394  (958250) C ltr-1_family-4    LTR/Copia     (2096)   3274    1342 1878  
 3065   14.6  1.1  0.2  contig_26_pilon   309397  309848  (957796) + ltr-1_family-4    LTR/Copia       4915   5370     (0) 1879  
 1137   18.3  0.0  9.7  contig_26_pilon   309846  310105  (957539) + ltr-1_family-3    LTR/Unknown       18    254     (0) 1880 *
  507   22.5  8.5  9.3  contig_26_pilon   316896  317155  (950489) + rnd-2_family-26   Unknown           23    280    (45) 1881  
  774   27.1  0.0  0.0  contig_26_pilon   319069  319238  (948406) + rnd-1_family-97   Unknown         3099   3268  (1351) 1882  
 2011   23.5  1.8  2.4  contig_26_pilon   319617  320161  (947483) C rnd-2_family-149  Unknown         (40)    772     231 1883  
  339   25.9  0.0  1.2  contig_26_pilon   320171  320256  (947388) C rnd-2_family-149  Unknown        (705)    107      23 1883  
  458   23.7  3.9  7.3  contig_26_pilon   320700  320854  (946790) C rnd-2_family-436  Unknown          (0)    211      62 1884  
  284   26.8  1.0  1.0  contig_26_pilon   320988  321085  (946559) C rnd-2_family-272  Unknown       (4658)   3413    3316 1885  
  704   21.0  7.4  1.4  contig_26_pilon   328488  328690  (938954) C rnd-2_family-399  Unknown          (1)    231      17 1886  
  611   29.8  4.9  6.3  contig_26_pilon   329127  329157  (938487) + rnd-2_family-195  Unknown           38    119  (7952) 1887  
 1102   22.7  3.6  3.1  contig_26_pilon   329158  329543  (938101) C rnd-2_family-50   Unknown        (108)    388       1 1888  
  472   24.8 11.2  5.9  contig_26_pilon   329528  329883  (937761) C rnd-1_family-66   Unknown        (194)    525     152 1889 *
  611   29.8  4.9  6.3  contig_26_pilon   329544  329740  (937904) + rnd-2_family-195  Unknown          120    661  (7410) 1887  
  339   26.7  2.2  2.9  contig_26_pilon   331187  331325  (936319) C rnd-2_family-195  Unknown        (378)    174      37 1890  
  379   29.9  1.5  5.1  contig_26_pilon   332178  332381  (935263) C rnd-2_family-26   Unknown         (60)    265      69 1891  
 1523   12.1  0.9  0.9  contig_26_pilon   332382  332607  (935037) + rnd-1_family-17   Unknown            1    226     (3) 1892  
  535   26.3  2.5  0.6  contig_26_pilon   344327  344483  (923161) + rnd-1_family-5    Unknown          237    396   (641) 1893  
 1200    9.4  0.0  0.0  contig_26_pilon   344492  344651  (922993) C rnd-1_family-20   Unknown          (0)    160       1 1894  
  418   22.9  6.0  4.8  contig_26_pilon   345889  346072  (921572) + rnd-2_family-399  Unknown           41    226     (6) 1895  
  297   30.2  5.4  4.4  contig_26_pilon   347524  347727  (919917) C rnd-1_family-44   Unknown        (382)   1232    1027 1896 *
 1104   27.4  5.9  1.4  contig_26_pilon   347550  348041  (919603) + rnd-1_family-66   Unknown            2    515   (204) 1897  
  724   27.2  3.2  0.8  contig_26_pilon   348149  348400  (919244) C rnd-2_family-270  Unknown        (209)    570     313 1898  
 1361   15.1  0.0  0.0  contig_26_pilon   348705  348923  (918721) + rnd-1_family-97   Unknown         3059   3277  (1342) 1899  
  713   23.9  3.1  9.4  contig_26_pilon   349317  349575  (918069) + rnd-2_family-26   Unknown           24    267    (58) 1900  
  380   25.8  1.1  0.0  contig_26_pilon   350936  351028  (916616) + rnd-2_family-251  Unknown            7    100    (49) 1901  
 1311   16.0  0.0  0.0  contig_26_pilon   351039  351257  (916387) C rnd-1_family-97   Unknown       (1342)   3277    3059 1902  
 1503   10.2  0.0  1.8  contig_26_pilon   353732  353961  (913683) + rnd-1_family-17   Unknown            1    226     (3) 1903  
  609   26.1  2.4  5.7  contig_26_pilon   354555  354846  (912798) + rnd-2_family-270  Unknown          322    604   (175) 1904  
 1027   22.5  3.5  3.1  contig_26_pilon   355006  355400  (912244) C rnd-1_family-66   Unknown        (342)    377       1 1905  
  750   22.2  1.4  2.8  contig_26_pilon   358268  358485  (909159) + rnd-2_family-399  Unknown           17    231     (1) 1906  
  280   30.5  2.5  2.5  contig_26_pilon   359053  359173  (908471) + rnd-2_family-272  Unknown          547    667  (7404) 1907  
  248   29.8  1.5  2.3  contig_26_pilon   359131  359264  (908380) C rnd-2_family-50   Unknown        (309)    187      55 1908 *
 1508   10.8  0.5  0.5  contig_26_pilon   359649  359862  (907782) C rnd-1_family-17   Unknown          (3)    226      13 1909  
 1188   18.4  0.5  0.9  contig_26_pilon   359917  360135  (907509) C rnd-1_family-17   Unknown          (4)    225       8 1910  
 4246   20.4  2.5  4.6  contig_26_pilon   363551  364585  (903059) C rnd-2_family-247  Unknown          (7)   1221     208 1911  
  869   14.2  4.9  4.3  contig_26_pilon   364593  364776  (902868) C rnd-2_family-247  Unknown        (948)    280      96 1912  
  593   23.5  0.6 11.8  contig_26_pilon   365897  366065  (901579) C rnd-1_family-2    Unknown          (0)    281     130 1913 *
  981   18.5  1.4  6.6  contig_26_pilon   365915  366122  (901522) + rnd-1_family-37   Unknown            1    198     (0) 1914  
  749   21.5  4.5  7.7  contig_26_pilon   371510  371751  (895893) C rnd-2_family-108  Unknown         (14)    287      53 1915  
  746   20.9  4.0  4.5  contig_26_pilon   373294  373518  (894126) + rnd-2_family-26   Unknown           60    283    (42) 1916  
  290   29.7  3.7  2.8  contig_26_pilon   379796  380010  (887634) C rnd-2_family-399  Unknown          (4)    228      12 1917  
  289   26.3 10.7  1.6  contig_26_pilon   385042  385153  (882491) C rnd-1_family-97   Unknown       (1349)   3270    3149 1918  
  372   28.3  4.9  2.0  contig_26_pilon   388336  388580  (879064) C rnd-3_family-399  Unknown        (262)    681     430 1919  
 1205   19.9  1.3  0.0  contig_26_pilon   388890  389115  (878529) C rnd-1_family-97   Unknown       (1343)   3276    3048 1920  
  837   25.3  3.4  3.4  contig_26_pilon   397948  398213  (869431) + rnd-1_family-97   Unknown         3005   3270  (1349) 1921  
  287   26.5  3.9  0.9  contig_26_pilon   398279  398381  (869263) C rnd-2_family-26   Unknown         (93)    232     127 1922  
  325   24.3  4.3  0.8  contig_26_pilon   398588  398703  (868941) C rnd-2_family-11   Unknown          (8)    223     104 1923  
  830   21.4  2.4  6.4  contig_26_pilon   405121  405330  (862314) C rnd-2_family-436  Unknown          (5)    206       5 1924  
  890   30.5  2.0  0.7  contig_26_pilon   409448  409850  (857794) + rnd-3_family-57   Unknown           94    501   (756) 1925  
  886   17.6  4.4  4.9  contig_26_pilon   415288  415514  (852130) C rnd-2_family-26   Unknown         (49)    276      51 1926  
  413   25.1  1.4 10.3  contig_26_pilon   424448  424669  (842975) + rnd-1_family-97   Unknown         3065   3268  (1351) 1927  
  638   28.6  0.8  3.9  contig_26_pilon   425724  425960  (841684) C rnd-1_family-97   Unknown       (1342)   3277    3048 1928  
 1430   12.3  1.4  0.9  contig_26_pilon   427647  427868  (839776) + rnd-1_family-17   Unknown            1    223     (6) 1929  
  330   21.1  0.0  1.4  contig_26_pilon   428515  428586  (839058) + rnd-2_family-195  Unknown          376    446   (106) 1930  
  738   22.4  5.2  3.9  contig_26_pilon   428757  429079  (838565) C rnd-1_family-66   Unknown        (343)    376      25 1931  
  385   23.3  8.2  3.8  contig_26_pilon   434553  434821  (832823) C rnd-1_family-3    Unknown        (276)    443      14 1932  
  302   22.7  0.0  7.5  contig_26_pilon   471417  471516  (796128) + rnd-3_family-331  Unknown            2     94     (3) 1933 *
  825   11.6  1.1 18.3  contig_26_pilon   471513  471691  (795953) + rnd-2_family-26   Unknown          124    276    (49) 1934  
  421   22.9  2.5  2.5  contig_26_pilon   474388  474508  (793136) + rnd-2_family-251  Unknown            4    124    (25) 1935  
  343   27.7  3.1  9.1  contig_26_pilon   475189  475478  (792166) C rnd-2_family-270  Unknown         (50)    729     456 1936  
  582   23.4  2.1  1.6  contig_26_pilon   476195  476381  (791263) + rnd-1_family-97   Unknown         3048   3235  (1384) 1937  
 1555   13.8  0.0  0.0  contig_26_pilon   482810  483041  (784603) + rnd-1_family-48   Unknown            1    232     (0) 1938  
 1360   16.0  3.4  0.4  contig_26_pilon   483571  483834  (783810) + rnd-1_family-4    Unknown            1    272   (224) 1939  
  903   22.8 13.9  0.5  contig_26_pilon   483794  484137  (783507) C rnd-1_family-4    Unknown        (245)    251       1 1940 *
  372    9.4  7.8  0.0  contig_26_pilon   489676  489739  (777905) + rnd-2_family-80   Unknown            1     69    (71) 1941  
  324   30.9  3.5  3.5  contig_26_pilon   489855  490052  (777592) + rnd-3_family-399  Unknown            1    198   (745) 1942 *
  601   28.5  3.1  3.5  contig_26_pilon   489933  490281  (777363) C rnd-3_family-399  Unknown         (36)    907     560 1943  
  257   28.8  0.0  1.4  contig_26_pilon   491354  491427  (776217) + rnd-1_family-69   Unknown            2     74   (142) 1944  
  808   25.3  0.9  0.9  contig_26_pilon   492126  492344  (775300) + rnd-1_family-97   Unknown         3059   3277  (1342) 1945  
 4166    5.0  0.6  0.8  contig_26_pilon   492652  493157  (774487) C rnd-1_family-58   Unknown          (1)    505       1 1946  
  643   28.5  7.7  4.9  contig_26_pilon   500491  500985  (766659) + rnd-1_family-34   Unknown          409    916    (48) 1947  
  318   27.4  7.2  2.1  contig_26_pilon   501091  501228  (766416) + rnd-1_family-57   Unknown          757    901   (143) 1948  
 1493   12.5  0.0  0.5  contig_26_pilon   501725  501949  (765695) + rnd-1_family-16   Unknown            1    224    (22) 1949  
 1951   16.2  0.6  0.3  contig_26_pilon   502107  502453  (765191) + rnd-1_family-34   Unknown            1    348   (616) 1950  
 3335   21.7  6.7  0.7  contig_26_pilon   502454  503214  (764430) + rnd-1_family-57   Unknown          111    916   (128) 1951  
  412   31.2  1.1  7.4  contig_26_pilon   504815  505101  (762543) + rnd-1_family-57   Unknown           71    340   (704) 1952  
  857   31.6  4.9  4.5  contig_26_pilon   507220  508055  (759589) C rnd-1_family-34   Unknown        (124)    840       2 1953  
  295   13.0  3.7  0.0  contig_26_pilon   537454  537507  (730137) C rnd-1_family-97   Unknown       (1357)   3262    3207 1954  
  328   21.1  0.0  0.9  contig_26_pilon   537974  538083  (729561) C rnd-1_family-81   Unknown        (628)   2241    2133 1955  
 2125   20.6  0.6  1.8  contig_26_pilon   538153  538738  (728906) C rnd-1_family-81   Unknown        (732)   2137    1619 1955  
  310   19.4  1.0  3.2  contig_26_pilon   538920  539015  (728629) C rnd-1_family-81   Unknown       (2561)    308     215 1955  
  365   13.0  0.0  0.0  contig_26_pilon   539065  539133  (728511) C rnd-1_family-77   Unknown       (2668)     82      14 1956  
  250   12.1 18.6  4.1  contig_26_pilon   557910  557995  (709649) C rnd-2_family-436  Unknown         (85)    126      29 1957  
  472   22.6  0.6  1.9  contig_26_pilon   558823  558980  (708664) C rnd-3_family-333  Unknown        (526)    183      28 1958  
  563   17.4  0.0  0.9  contig_26_pilon   563690  563799  (703845) + rnd-2_family-436  Unknown            3    111   (100) 1959  
  406   19.1 12.7  0.0  contig_26_pilon   568497  568622  (699022) C rnd-2_family-26   Unknown         (50)    275     134 1960  
  729   20.4  3.7  8.7  contig_26_pilon   571029  571270  (696374) + rnd-2_family-11   Unknown            1    231     (0) 1961  
 1203   17.8  1.9  2.3  contig_26_pilon   573045  573355  (694289) + rnd-3_family-9    Unknown           28    337   (255) 1962  
 1152    9.0 49.0  0.5  contig_26_pilon   573353  573554  (694090) + rnd-1_family-8    Unknown          117    416     (0) 1963 *
  286   25.8  1.8  6.5  contig_26_pilon   574402  574513  (693131) C rnd-3_family-57   Unknown          (3)   1254    1148 1964  
 1229   14.8  0.0  0.9  contig_26_pilon   581815  582026  (685618) C rnd-1_family-48   Unknown          (1)    231      22 1965  
  258   12.2 35.9  0.0  contig_26_pilon   582146  582301  (685343) + rnd-3_family-9    Unknown           32    243   (349) 1966  
  985   18.4  7.3  1.4  contig_26_pilon   582491  582765  (684879) + rnd-3_family-9    Unknown          254    544    (48) 1966  
  900   20.6  4.5  0.8  contig_26_pilon   607524  607767  (659877) C rnd-2_family-26   Unknown         (71)    254       2 1967  
 1176   23.5  0.6  0.6  contig_26_pilon   607851  608171  (659473) C rnd-1_family-78   Unknown          (0)    753     433 1968  
  763   30.0  1.7  1.7  contig_26_pilon   608236  608639  (659005) C rnd-1_family-78   Unknown        (319)    434      31 1968  
 1177   18.6  0.8  1.1  contig_26_pilon   609233  609499  (658145) C rnd-1_family-70   Unknown          (0)    266       1 1969  
  268   30.6  0.8  0.8  contig_26_pilon   610178  610299  (657345) + rnd-2_family-194  Unknown           76    197    (19) 1970  
  839   22.3  7.1  1.5  contig_26_pilon   610448  610770  (656874) C rnd-2_family-190  Unknown         (48)    399      59 1971  
  447   17.2 11.1  0.0  contig_26_pilon   611189  611287  (656357) C rnd-2_family-194  Unknown          (2)    214     105 1972  
  300   28.8  0.0  1.8  contig_26_pilon   616238  616350  (651294) C rnd-1_family-17   Unknown         (78)    151      41 1973  
 1865   15.1  3.2  2.5  contig_26_pilon   627491  627891  (639753) C rnd-2_family-156  DNA/TcMar-Tc1    (0)   1594    1191 1974  
  465   26.9  9.3  2.6  contig_26_pilon   635171  635353  (632291) C rnd-1_family-37   Unknown          (3)    195       1 1975 *
  665   21.8 11.3  0.0  contig_26_pilon   635229  635370  (632274) + rnd-1_family-2    Unknown          124    281     (0) 1976 *
 1488   10.7  2.8  0.5  contig_26_pilon   635368  635584  (632060) + rnd-1_family-17   Unknown            2    223     (6) 1977  
 1461    9.2  5.0  0.9  contig_26_pilon   642318  642535  (625109) + rnd-1_family-17   Unknown            1    227     (2) 1978  
  373   27.2  4.0  0.8  contig_26_pilon   642544  642669  (624975) C rnd-1_family-2    Unknown          (0)    281     152 1979 *
  566   15.6  0.0 11.5  contig_26_pilon   642561  642676  (624968) + rnd-1_family-37   Unknown            1    104    (94) 1980 *
 2646   11.9  5.5  0.0  contig_26_pilon   642668  643046  (624598) + rnd-1_family-11   Unknown            1    400     (0) 1981  
  538   13.5  5.1  2.0  contig_26_pilon   643040  643137  (624507) + rnd-1_family-37   Unknown           93    193     (5) 1980 *
  502   23.9  0.9  0.0  contig_26_pilon   648719  648831  (618813) + rnd-3_family-57   Unknown         1126   1239    (18) 1982  
  621   28.0 10.3  4.5  contig_26_pilon   650362  650720  (616924) + rnd-2_family-195  Unknown          174    552     (0) 1983  
  458   34.8  5.5  2.2  contig_26_pilon   650638  651113  (616531) C rnd-1_family-66   Unknown        (227)    492       2 1984 *
  371   24.0  7.2  3.2  contig_26_pilon   651422  651787  (615857) + rnd-2_family-50   Unknown            2    376   (343) 1985 *
  432   31.0  1.9  7.1  contig_26_pilon   651679  652109  (615535) C rnd-2_family-272  Unknown       (7409)    662     253 1986 *
  832   27.0  3.0  1.1  contig_26_pilon   651880  652246  (615398) + rnd-2_family-50   Unknown            1    374   (122) 1987  
  280   32.7  0.0  0.0  contig_26_pilon   653109  653221  (614423) + rnd-3_family-57   Unknown         1142   1254     (3) 1988  
  679   12.7  7.6  4.4  contig_26_pilon   653826  653957  (613687) + rnd-2_family-80   Unknown            1    136     (4) 1989  
  240   19.1  0.0  0.0  contig_26_pilon   653927  653973  (613671) C rnd-2_family-80   Unknown         (88)     52       6 1990 *
  344   25.9  3.3  6.8  contig_26_pilon   654126  654278  (613366) C rnd-2_family-251  Unknown          (1)    148       1 1991  
  688   20.4  9.9  0.0  contig_26_pilon   654550  654740  (612904) + rnd-2_family-110  Unknown           21    230   (577) 1992  
  530   28.9  0.8  0.0  contig_26_pilon   654969  655089  (612555) + rnd-2_family-80   Unknown            6    127    (13) 1993  
  750   15.4  0.0  0.0  contig_26_pilon   655480  655589  (612055) + ltr-1_family-11   LTR/Unknown        1    110   (179) 1994  
11037    6.8  0.7  0.3  contig_26_pilon   657261  658657  (608987) + ltr-1_family-6    LTR/Gypsy       8114   9516  (3886) 1995  
  339   25.7  4.4  0.0  contig_26_pilon   672744  672856  (594788) + rnd-2_family-26   Unknown          138    255    (70) 1996  
 1685   11.2  8.9  0.4  contig_26_pilon   674059  674317  (593327) C rnd-1_family-2    Unknown          (0)    281       1 1997  
 3349   14.1  0.2  2.9  contig_26_pilon   674760  675367  (592277) + rnd-3_family-9    Unknown            1    592     (0) 1998  
  618   20.8  7.3 10.8  contig_26_pilon   676181  676428  (591216) + rnd-2_family-108  Unknown           58    297     (4) 1999  
  320   29.9  0.0  0.0  contig_26_pilon   681983  682089  (585555) + rnd-2_family-194  Unknown           92    198    (18) 2000  
 1392   20.1  4.7  8.0  contig_26_pilon   682173  682599  (585045) + rnd-2_family-149  Unknown          316    729    (83) 2001  
 1188   14.4 18.9  0.7  contig_26_pilon   682691  682928  (584716) + rnd-1_family-2    Unknown            1    281     (0) 2002  
  378   19.0 10.3  1.7  contig_26_pilon   687855  687961  (579683) C rnd-1_family-97   Unknown       (1330)   3289    3174 2003  
  265   15.2  0.0  0.0  contig_26_pilon   699023  699068  (568576) + rnd-3_family-331  Unknown            1     46    (51) 2004  
  242   18.6  0.0  3.7  contig_26_pilon   699150  699205  (568439) + rnd-2_family-26   Unknown          219    272    (53) 2005  
  485   20.4  3.1  0.0  contig_26_pilon   709388  709485  (558159) C rnd-2_family-194  Unknown          (2)    214     114 2006  
  624   20.7  0.0  7.1  contig_26_pilon   709583  709733  (557911) C rnd-2_family-194  Unknown         (74)    142       2 2006  
 1507   11.1  1.9  0.0  contig_26_pilon   712167  712382  (555262) + rnd-1_family-8    Unknown            7    226   (190) 2007  
 1177   14.4 32.5  2.4  contig_26_pilon   712387  712700  (554944) C rnd-1_family-8    Unknown          (4)    412       4 2008  
 1049   17.4  0.0  7.1  contig_26_pilon   712696  712905  (554739) + rnd-1_family-8    Unknown          220    415     (1) 2007 *
 1314   19.6  4.3  0.3  contig_26_pilon   717214  717490  (550154) C rnd-1_family-77   Unknown        (355)   2395    2108 2009  
  277   24.1  5.5  1.8  contig_26_pilon   717571  717680  (549964) C rnd-1_family-81   Unknown       (1258)   1611    1498 2010  
  578   21.2  2.9  5.0  contig_26_pilon   717817  718020  (549624) C rnd-1_family-77   Unknown        (871)   1879    1680 2009 *
  631   22.3  8.0  1.9  contig_26_pilon   718014  718214  (549430) C rnd-1_family-77   Unknown       (1915)    835     623 2009 *
  785    9.7  0.0  0.0  contig_26_pilon   718208  718320  (549324) C ltr-1_family-12   LTR/Gypsy        (8)   7456    7344 2011 *
 2071    7.0  1.0  1.0  contig_26_pilon   718316  718604  (549040) C ltr-1_family-11   LTR/Unknown      (0)    289       1 2012  
 5715    7.3  0.3  0.4  contig_26_pilon   718619  719350  (548294) C ltr-1_family-12   LTR/Gypsy       (14)   7450    6720 2013 *
 7025    8.0  0.9  0.2  contig_26_pilon   719347  720257  (547387) C ltr-1_family-12   LTR/Gypsy     (4788)   2676    1760 2014  
12016    3.9  0.6  0.0  contig_26_pilon   720258  721707  (545937) C ltr-1_family-15   LTR/Unknown     (13)   1459       2 2015  
11663    8.4  2.5  3.4  contig_26_pilon   721708  723510  (544134) C ltr-1_family-12   LTR/Gypsy     (5677)   1787       1 2014  
 2015    9.4  0.7  1.0  contig_26_pilon   723511  723800  (543844) C ltr-1_family-11   LTR/Unknown      (0)    289       1 2016  
 2621   19.7  1.8  1.0  contig_26_pilon   723813  724421  (543223) C rnd-1_family-77   Unknown       (2123)    627      14 2009  
  233   16.8  2.9 14.9  contig_26_pilon   724541  724645  (542999) C rnd-1_family-49   Unknown          (5)    138      45 2017  
  298   33.0  0.0  0.0  contig_26_pilon   726058  726148  (541496) C rnd-3_family-331  Unknown          (2)     95       5 2018  
  249   31.4  7.9  1.6  contig_26_pilon   732032  732209  (535435) C rnd-2_family-26   Unknown         (87)    238      50 2019  
  741   23.3  9.1  0.9  contig_26_pilon   735546  735753  (531891) + rnd-2_family-48   Unknown            4    228     (0) 2020  
  729   21.4  6.5  6.2  contig_26_pilon   735943  736295  (531349) + rnd-2_family-153  Unknown            1    354   (395) 2021  
  502   22.0  8.0  1.9  contig_26_pilon   737161  737359  (530285) + rnd-2_family-272  Unknown         1179   1389  (6682) 2022  
  343   22.1  8.2  2.8  contig_26_pilon   737791  737925  (529719) C rnd-2_family-270  Unknown        (164)    615     474 2023  
 1040   22.0  7.7  3.9  contig_26_pilon   738308  738699  (528945) + rnd-3_family-310  Unknown           15    420   (132) 2024  
  773   20.8  5.2  0.6  contig_26_pilon   738704  738858  (528786) + rnd-1_family-37   Unknown           35    196     (2) 2025  
  249   29.0  5.4  5.4  contig_26_pilon   739197  739382  (528262) + rnd-1_family-58   Unknown            1    186   (320) 2026  
  382   26.2  2.8  0.9  contig_26_pilon   740157  740264  (527380) + rnd-2_family-251  Unknown           39    148     (1) 2027  
  277   30.1  1.1  0.0  contig_26_pilon   740976  741068  (526576) C rnd-3_family-331  Unknown          (2)     95       2 2028  
  680   15.8  8.0  2.8  contig_26_pilon   754957  755093  (512551) + rnd-2_family-11   Unknown            1    144    (87) 2029  
  382   27.8  8.9  4.0  contig_26_pilon   761229  761442  (506202) C rnd-2_family-323  Unknown        (155)    224       1 2030  
  559   25.3  6.6  1.4  contig_26_pilon   761580  761791  (505853) C rnd-2_family-26   Unknown         (51)    274      52 2031  
  874   30.5  2.4  6.4  contig_26_pilon   765109  765483  (502161) + rnd-1_family-97   Unknown         2210   2570  (2049) 2032  
  603   27.1 13.2  0.5  contig_26_pilon   768096  768284  (499360) C rnd-1_family-97   Unknown       (1344)   3275    3063 2033  
  237   18.9  0.0 21.3  contig_26_pilon   770819  770892  (496752) + rnd-1_family-69   Unknown            2     62   (154) 2034  
  237   25.0  1.5  0.0  contig_26_pilon   770932  770999  (496645) + rnd-1_family-69   Unknown          142    210     (6) 2034  
  754   27.3  0.0  4.3  contig_26_pilon   779015  779259  (488385) + rnd-1_family-66   Unknown          143    377   (342) 2035  
  646   21.8  5.7  1.9  contig_26_pilon   779269  779516  (488128) C rnd-2_family-270  Unknown        (183)    596     340 2036  
  275   32.5  1.7  1.7  contig_26_pilon   779846  779964  (487680) C rnd-1_family-96   Unknown       (1701)   1016     898 2037  
  389   26.0  1.5  4.5  contig_26_pilon   780065  780201  (487443) C rnd-2_family-110  Unknown          (6)    801     669 2038  
 2136   17.7  2.8  0.8  contig_26_pilon   780219  780713  (486931) C rnd-3_family-333  Unknown        (189)    520      16 2039  
  464   29.1  4.2  1.2  contig_26_pilon   780719  780885  (486759) + rnd-1_family-5    Unknown          231    402   (635) 2040  
 1230    8.1  5.8  0.0  contig_26_pilon   782930  783101  (484543) C rnd-1_family-79   Unknown          (0)    192      11 2041  
  829   23.8 14.2  1.8  contig_26_pilon   783357  783707  (483937) + ltr-1_family-12   LTR/Gypsy        499    892  (6572) 2042  
  227   22.2  1.9  0.0  contig_26_pilon   783782  783835  (483809) C rnd-1_family-44   Unknown        (382)   1232    1178 2043  
 1957    9.5  0.7  1.4  contig_26_pilon   783838  784125  (483519) + rnd-1_family-66   Unknown          434    719     (0) 2044  
  587   13.9  4.5  2.6  contig_26_pilon   784133  784243  (483401) C rnd-3_family-310  Unknown        (422)    130      18 2045  
  525   20.0  0.9  3.6  contig_26_pilon   786261  786374  (481270) C rnd-2_family-48   Unknown        (100)    128      18 2046  
  613   28.7  2.0  5.0  contig_26_pilon   786725  786973  (480671) + rnd-2_family-19   Unknown            1    242     (2) 2047  
 2450   22.8  1.9  4.3  contig_26_pilon   792680  793756  (473888) C rnd-2_family-247  Unknown          (6)   1222      61 2048  
  227   24.4  4.1  5.0  contig_26_pilon   795083  795203  (472441) C rnd-1_family-44   Unknown        (382)   1232    1113 2049 *
 1233   23.6  4.6  4.9  contig_26_pilon   795202  795548  (472096) C rnd-2_family-323  Unknown         (31)    348       3 2050  
  603   24.1  3.3  8.1  contig_26_pilon   795559  795827  (471817) + rnd-1_family-66   Unknown           47    332   (387) 2051  
 1935    1.9  0.0  0.0  contig_26_pilon   800035  800250  (467394) + rnd-1_family-69   Unknown            1    216     (0) 2052  
  429   26.9  2.4  3.0  contig_26_pilon   800696  800860  (466784) + rnd-2_family-26   Unknown          111    274    (51) 2053  
  529   26.5  8.1  0.9  contig_26_pilon   801297  801494  (466150) + rnd-2_family-26   Unknown           34    245    (80) 2054  
  251   11.4  0.0  0.0  contig_26_pilon   801497  801531  (466113) C rnd-2_family-19   Unknown          (3)    241     207 2055  
  623   22.0  0.0 12.9  contig_26_pilon   801583  801775  (465869) C rnd-2_family-19   Unknown         (14)    230      60 2056  
  238   32.4  0.0  0.0  contig_26_pilon   801783  801850  (465794) + rnd-1_family-69   Unknown            6     73   (143) 2057  
  326   18.8  1.4  0.0  contig_26_pilon   802040  802108  (465536) + rnd-1_family-69   Unknown          141    210     (6) 2058  
 2870   12.3  2.6  2.6  contig_26_pilon   802112  802569  (465075) + rnd-1_family-52   Unknown            1    458     (0) 2059  
  608   25.0  3.2  0.0  contig_26_pilon   805682  805837  (461807) C rnd-1_family-5    Unknown        (635)    402     242 2060  
 1044   26.1  3.3  7.2  contig_26_pilon   805954  806284  (461360) + rnd-2_family-323  Unknown            1    319    (60) 2061  
  830   21.9  6.0  4.8  contig_26_pilon   809943  810292  (457352) + rnd-1_family-40   Unknown           20    373     (9) 2062  
  583   27.6  8.6  2.2  contig_26_pilon   811011  811396  (456248) C rnd-1_family-74   Unknown          (0)    410       1 2063  
  306   15.0  7.4  7.4  contig_26_pilon   811582  811689  (455955) + rnd-2_family-50   Unknown           68    175   (321) 2064  
  419   27.0  2.4  0.0  contig_26_pilon   811692  811817  (455827) + rnd-3_family-57   Unknown         1122   1250     (7) 2065  
  351   38.2  1.7  1.4  contig_26_pilon   812079  812434  (455210) C rnd-1_family-59   LTR/Gypsy     (7124)   1869    1513 2066  
  384   21.0  0.0  1.2  contig_26_pilon   813890  813971  (453673) C rnd-2_family-11   Unknown        (130)    101      21 2067  
  515   24.6  0.8  0.8  contig_26_pilon   813980  814102  (453542) C rnd-1_family-97   Unknown       (1348)   3271    3149 2068  
  270   22.7  2.5 11.0  contig_26_pilon   814469  814547  (453097) C rnd-1_family-97   Unknown       (1484)   3135    3063 2068  
 1016    9.3  0.0  0.7  contig_26_pilon   831072  831212  (436432) C rnd-2_family-80   Unknown          (0)    140       1 2069  
 2568   13.0  3.9  3.4  contig_26_pilon   842102  842514  (425130) + rnd-1_family-8    Unknown            2    416     (0) 2070  
 1243   19.7  1.5 10.1  contig_26_pilon   843849  844244  (423400) C rnd-2_family-110  Unknown        (327)    480     116 2071 *
 2092   16.0  8.1  2.5  contig_26_pilon   844241  844612  (423032) + rnd-2_family-1080 Unknown            1    392     (0) 2072  
  326   17.9  0.7 15.7  contig_26_pilon   844600  844738  (422906) C rnd-2_family-110  Unknown        (682)    125       5 2071 *
  513   25.4  4.7 13.6  contig_26_pilon   857781  858012  (409632) + rnd-2_family-19   Unknown           17    230    (14) 2073  
  587   27.4  0.8  8.7  contig_26_pilon   858497  858756  (408888) + rnd-2_family-19   Unknown            1    241     (3) 2074  
 1331   10.6  3.0  5.3  contig_26_pilon   864787  865016  (402628) C rnd-1_family-17   Unknown          (4)    225       1 2075  
  233   22.6  9.1  1.9  contig_26_pilon   888407  888505  (379139) + rnd-2_family-270  Unknown          548    653   (126) 2076  
  232   22.4  9.9  2.8  contig_26_pilon   888964  889064  (378580) + rnd-2_family-11   Unknown            1    108   (123) 2077  
 1081   17.8  5.7  0.5  contig_26_pilon   889854  890062  (377582) C rnd-1_family-48   Unknown         (12)    220       1 2078  
  321   30.9  5.3  1.1  contig_26_pilon   890727  890896  (376748) C rnd-1_family-5    Unknown        (641)    396     220 2079  
  299   25.6  2.4  9.4  contig_26_pilon   891601  891725  (375919) + rnd-2_family-26   Unknown           84    200   (125) 2080  
  326   21.5  9.1  5.9  contig_26_pilon   899527  899625  (368019) C rnd-1_family-96   Unknown       (1700)   1017     916 2081  
  407   27.7  2.1  2.8  contig_26_pilon   916992  917136  (350508) C rnd-2_family-26   Unknown         (42)    283     140 2082  
 1413   15.6  1.1  1.1  contig_26_pilon   919006  919271  (348373) + rnd-1_family-70   Unknown            1    266     (0) 2083  
 6163    2.9  0.1  0.5  contig_26_pilon   920210  920965  (346679) + rnd-1_family-78   Unknown            1    753     (0) 2084  
  227   17.1  0.0  0.0  contig_26_pilon   920947  920987  (346657) + ltr-1_family-6    LTR/Gypsy        465    505 (12897) 2085 *
  362   31.4  2.5  3.5  contig_26_pilon   922188  922479  (345165) + rnd-1_family-21   LTR/Gypsy       1034   1197  (7403) 2086  
  294   25.4  2.1  6.7  contig_26_pilon   922930  923022  (344622) + rnd-1_family-21   LTR/Gypsy       1676   1764  (6836) 2086  
  252   30.3  2.7  1.9  contig_26_pilon   923409  923548  (344096) + rnd-1_family-21   LTR/Gypsy       2749   2868 (10534) 2086  
  767   29.7  4.6  4.2  contig_26_pilon   924368  924946  (342698) + rnd-1_family-21   LTR/Gypsy       3512   4234  (4862) 2086  
 6895   30.2  1.5  1.7  contig_26_pilon   925334  928002  (339642) + rnd-1_family-21   LTR/Gypsy       4734   7398  (1698) 2086  
 1406   15.6  1.1  1.1  contig_26_pilon   931983  932248  (335396) + rnd-1_family-70   Unknown            1    266     (0) 2087  
 6227    2.5  0.3  0.8  contig_26_pilon   933189  933945  (333699) + rnd-1_family-78   Unknown            1    753     (0) 2088  
  278   27.0  3.7  4.8  contig_26_pilon   934708  934905  (332739) + rnd-2_family-50   Unknown           29    191   (305) 2089  
  858   23.4  8.7  4.9  contig_26_pilon   941020  941594  (326050) + rnd-2_family-270  Unknown          157    754    (25) 2090  
  447   19.8  3.9  0.9  contig_26_pilon   947242  947343  (320301) C rnd-2_family-26   Unknown         (84)    241     137 2091  
  483   20.2  1.1  1.1  contig_26_pilon   947358  947452  (320192) C rnd-3_family-331  Unknown          (1)     96       2 2092  
  247   34.7  6.4  0.0  contig_26_pilon   950009  950259  (317385) C rnd-1_family-66   Unknown        (331)    388     122 2093  
  454   25.1 14.2  0.4  contig_26_pilon   964619  964830  (302814) + rnd-3_family-57   Unknown         1009   1249     (8) 2094  
 2752    6.6  0.8  0.5  contig_26_pilon   964929  965309  (302335) + rnd-1_family-40   Unknown            1    382     (0) 2095  
 2879    6.5  6.2  0.0  contig_26_pilon   966158  966542  (301102) C rnd-1_family-74   Unknown          (1)    409       1 2096  
  979   24.8  3.3  1.8  contig_26_pilon   967160  967496  (300148) + rnd-3_family-310  Unknown           15    356   (196) 2097  
  271   29.6  4.3  0.0  contig_26_pilon   967637  967751  (299893) + rnd-2_family-194  Unknown           19    138    (78) 2098  
 1208   25.6  3.1  2.5  contig_26_pilon   969241  969760  (297884) C rnd-3_family-9    Unknown         (38)    554      32 2099  
  290   21.1  6.5  2.1  contig_26_pilon  1002410 1002501  (265143) C rnd-3_family-331  Unknown          (0)     97       2 2100  
  240   22.4  0.0  0.0  contig_26_pilon  1002553 1002601  (265043) + rnd-1_family-69   Unknown            7     55   (161) 2101  
  449   30.0  5.6  1.3  contig_26_pilon  1035237 1035452  (232192) + rnd-1_family-97   Unknown         3050   3274  (1345) 2102  
  456   27.3 10.6  1.2  contig_26_pilon  1035490 1035950  (231694) C rnd-2_family-270  Unknown         (65)    714     124 2103  
  351   29.2  3.7  0.9  contig_26_pilon  1035997 1036214  (231430) + rnd-2_family-11   Unknown            1    224     (7) 2104  
  359   31.2 11.0  2.9  contig_26_pilon  1036871 1037187  (230457) + rnd-1_family-77   Unknown         2134   2475   (275) 2105  
 2628   11.2  6.4  0.2  contig_26_pilon  1038512 1038903  (228741) + rnd-1_family-8    Unknown            1    416     (0) 2106  
  710   23.6  7.2  4.7  contig_26_pilon  1046150 1046192  (221452) + rnd-2_family-195  Unknown           38    262   (290) 2107  
  872   19.8  4.6  0.4  contig_26_pilon  1046193 1046430  (221214) C rnd-2_family-50   Unknown        (128)    368     121 2108  
  227   27.6  2.4 15.1  contig_26_pilon  1046424 1046632  (221012) + rnd-2_family-272  Unknown          431    616  (7455) 2109 *
  710   23.6  7.2  4.7  contig_26_pilon  1046431 1046442  (221202) + rnd-2_family-195  Unknown          263    337   (215) 2107  
  536   22.8  0.9  0.0  contig_26_pilon  1046732 1046845  (220799) C rnd-2_family-194  Unknown          (1)    215     101 2110  
  366   20.8  1.6  2.5  contig_26_pilon  1053764 1053886  (213758) C rnd-2_family-272  Unknown       (4637)   3434    3313 2111  
  762   25.6  1.4  3.3  contig_26_pilon  1054358 1054571  (213073) C rnd-2_family-194  Unknown          (6)    210       1 2112  
 1656   12.2  0.4  0.4  contig_26_pilon  1054600 1054854  (212790) C rnd-1_family-36   Unknown          (0)    255       1 2113  
  408   21.1  5.8 12.9  contig_26_pilon  1055117 1055323  (212321) C rnd-2_family-19   Unknown         (40)    204      11 2114  
 2819   10.8  4.0  0.2  contig_26_pilon  1060737 1061137  (206507) C rnd-1_family-8    Unknown          (0)    416       1 2115  
  394    6.3 19.1  0.0  contig_26_pilon  1071560 1071622  (196022) + rnd-1_family-2    Unknown            1     75   (206) 2116  
  767   23.0  8.4  4.6  contig_26_pilon  1080246 1080541  (187103) + rnd-2_family-26   Unknown           16    322     (3) 2117  
 2666   10.5  0.6  0.3  contig_26_pilon  1081112 1081474  (186170) + rnd-1_family-8    Unknown            2    365    (51) 2118  
  248    9.1  0.0  0.0  contig_26_pilon  1081482 1081514  (186130) + rnd-1_family-8    Unknown          333    365    (51) 2119  
  704    2.4  1.2  0.0  contig_26_pilon  1081524 1081605  (186039) + rnd-1_family-8    Unknown          334    416     (0) 2119  
 1095   20.9  0.9  0.0  contig_26_pilon  1081968 1082187  (185457) C rnd-2_family-48   Unknown          (6)    222       1 2120  
 2827   13.1  0.5  0.2  contig_26_pilon  1082262 1082659  (184985) C rnd-1_family-11   Unknown          (0)    400       2 2121  
 2799   10.9  1.0  1.3  contig_26_pilon  1083557 1083954  (183690) + rnd-1_family-11   Unknown            4    400     (0) 2122  
  555    8.0 13.6 10.1  contig_26_pilon  1087970 1088094  (179550) + rnd-2_family-323  Unknown            3    131   (248) 2123  
  591   21.9  5.5  8.5  contig_26_pilon  1094974 1095227  (172417) + rnd-2_family-108  Unknown           49    295     (6) 2124  
  464   29.7  2.8  3.3  contig_26_pilon  1100747 1100962  (166682) + rnd-2_family-26   Unknown           26    240    (85) 2125  
  288   12.5  0.0  0.0  contig_26_pilon  1101989 1102036  (165608) C rnd-2_family-26   Unknown         (74)    251     204 2126  
 2426   18.0  1.5  0.9  contig_26_pilon  1102943 1103490  (164154) C rnd-3_family-9    Unknown          (0)    592      42 2127  
  296   23.4  4.5  6.2  contig_26_pilon  1104475 1104606  (163038) C rnd-2_family-26   Unknown         (73)    252     123 2128  
 2229    4.9  0.3  0.0  contig_26_pilon  1117174 1117461  (150183) C ltr-1_family-11   LTR/Unknown      (0)    289       1 2129  
 2022    8.5  0.7  0.0  contig_26_pilon  1119076 1119370  (148274) C rnd-1_family-30   DNA/TcMar-Tc1  (112)    977     681 2130  
  541   19.3  0.7  0.7  contig_26_pilon  1124174 1124314  (143330) + rnd-3_family-399  Unknown           19    159   (784) 2131 *
  861   22.3  2.9  1.9  contig_26_pilon  1124311 1124616  (143028) C rnd-3_family-399  Unknown        (297)    646     338 2132  
 1910   21.1  0.0  0.5  contig_26_pilon  1124632 1125078  (142566) C rnd-2_family-190  Unknown          (0)    447       3 2133  
  297   22.7  1.8  3.0  contig_26_pilon  1147330 1147497  (120147) + rnd-1_family-81   Unknown         2168   2333   (536) 2134  
  479   25.9  6.3  3.8  contig_26_pilon  1148164 1148368  (119276) + rnd-1_family-96   Unknown          787    996  (1721) 2135  
 1406   10.7  1.8  0.9  contig_26_pilon  1148375 1148600  (119044) + rnd-1_family-17   Unknown            1    228     (1) 2136  
  379   27.9  1.5  2.3  contig_26_pilon  1161874 1162005  (105639) + rnd-2_family-26   Unknown           27    157   (168) 2137  
  678   15.7  8.2 11.1  contig_26_pilon  1197741 1197934   (69710) C rnd-2_family-11   Unknown         (42)    189       1 2138  
  330   26.5  2.5  7.8  contig_26_pilon  1201162 1201362   (66282) C rnd-2_family-399  Unknown         (30)    202      12 2139  
  461   16.7  0.0  1.9  contig_26_pilon  1201612 1201721   (65923) C rnd-2_family-247  Unknown       (1047)    181      74 2140  
  510   21.6  1.7 15.0  contig_26_pilon  1201952 1202185   (65459) + rnd-2_family-247  Unknown           70    276   (952) 2141  
 1037   24.2  6.8  6.3  contig_26_pilon  1202225 1202634   (65010) + rnd-2_family-247  Unknown          233    644   (584) 2142  
 1426   29.2  5.3  0.9  contig_26_pilon  1202697 1203242   (64402) + rnd-2_family-247  Unknown          653   1222     (6) 2142  
  439   29.4  4.3  0.0  contig_26_pilon  1203304 1203466   (64178) C rnd-1_family-5    Unknown        (635)    402     233 2143  
  846   24.2  0.9  1.7  contig_26_pilon  1203689 1203996   (63648) + rnd-1_family-66   Unknown            1    367   (352) 2144 *
 1034   20.6 11.6  1.9  contig_26_pilon  1203994 1204438   (63206) C rnd-2_family-270  Unknown         (65)    714     215 2145  
  282   16.0 20.4  1.6  contig_26_pilon  1205307 1205414   (62230) + rnd-2_family-50   Unknown          283    410    (86) 2146  
 1471   13.6  0.5  0.5  contig_26_pilon  1208252 1208472   (59172) + rnd-1_family-17   Unknown            5    225     (4) 2147  
  804   19.9  9.8  0.9  contig_26_pilon  1211643 1211835   (55809) C rnd-2_family-194  Unknown          (0)    216       7 2148  
  425   24.2  0.8  0.0  contig_26_pilon  1212084 1212203   (55441) + rnd-2_family-50   Unknown          247    367   (129) 2149  
  263   28.3  5.4  1.5  contig_26_pilon  1212118 1212246   (55398) C rnd-2_family-195  Unknown        (376)    176      43 2150 *
  478   24.6  4.5  0.0  contig_26_pilon  1212401 1212534   (55110) C rnd-3_family-57   Unknown          (0)   1257    1118 2151  
  265   28.6  0.0  0.0  contig_26_pilon  1212938 1213014   (54630) + rnd-1_family-97   Unknown         3059   3135  (1484) 2152  
  418   27.4  4.9  0.0  contig_26_pilon  1213255 1213356   (54288) + rnd-1_family-97   Unknown         3171   3277  (1342) 2152  
  552   20.0  5.9  0.0  contig_26_pilon  1213359 1213493   (54151) C rnd-2_family-26   Unknown         (69)    256     114 2153  
  431   32.1  5.8  5.1  contig_26_pilon  1215300 1215611   (52033) C rnd-1_family-97   Unknown       (2064)   2555    2242 2154  
 1121    9.4  0.0  1.2  contig_26_pilon  1226836 1226997   (40647) + rnd-1_family-20   Unknown            1    160     (0) 2155  
 1408   23.1  1.3  2.3  contig_26_pilon  1227661 1228063   (39581) C ltr-1_family-9    LTR/Unknown      (0)    493      32 2156  
  390   26.9  1.9  0.0  contig_26_pilon  1229776 1229879   (37765) C rnd-3_family-57   Unknown          (6)   1251    1146 2157  
 1142   22.5 10.0  0.9  contig_26_pilon  1230352 1230796   (36848) + rnd-2_family-270  Unknown           38    737    (42) 2158  
  911   25.1  0.5  0.0  contig_26_pilon  1230863 1231085   (36559) C rnd-1_family-66   Unknown        (353)    366     143 2159  
  846   26.6  0.5  0.0  contig_26_pilon  1231238 1231451   (36193) C rnd-2_family-48   Unknown          (0)    228      14 2160  
  683   29.4  0.8  0.8  contig_26_pilon  1231510 1231749   (35895) + rnd-2_family-190  Unknown           58    297   (150) 2161  
  424   19.6  0.8  6.7  contig_26_pilon  1231762 1231887   (35757) C rnd-3_family-9    Unknown        (442)    150      32 2162  
  312   14.3  5.4  0.0  contig_26_pilon  1235950 1236005   (31639) C rnd-2_family-26   Unknown         (54)    271     213 2163  
  639   26.9  5.0  5.9  contig_26_pilon  1237541 1237880   (29764) C ltr-1_family-17   LTR/Gypsy      (766)   4459    4123 2164  
  465   28.3  0.0  0.7  contig_26_pilon  1251634 1251779   (15865) C rnd-2_family-194  Unknown         (23)    193      49 2165  
  821   27.6  3.4  3.9  contig_26_pilon  1252223 1252607   (15037) + rnd-2_family-50   Unknown            7    389   (107) 2166  
  272   27.6  1.5  0.0  contig_26_pilon  1252946 1253079   (14565) + rnd-2_family-149  Unknown          181    316   (496) 2167  
  452   28.1  1.2  1.2  contig_26_pilon  1255130 1255298   (12346) + rnd-2_family-48   Unknown           26    194    (34) 2168  
  619   27.4  0.6  0.0  contig_26_pilon  1256361 1256528   (11116) C rnd-1_family-97   Unknown       (1355)   3264    3096 2169  
  320   29.2  1.2  2.5  contig_26_pilon  1261999 1262163    (5481) C rnd-2_family-11   Unknown         (57)    174      12 2170  
 2375   24.6  2.9  3.3  contig_26_pilon  1264877 1265636    (2008) C rnd-2_family-149  Unknown         (55)    757       1 2171  
16756   19.0  1.5  2.8  contig_29_pilon     26  3322 (10220) C rnd-1_family-41 LTR/Gypsy  (3517)   3257      1 2172  
  394   12.7  0.0  0.0  contig_3_pilon      1    55 (17358) + ltr-1_family-12 LTR/Gypsy    3967   4021 (3443) 2173 *
22748    7.9  2.0  0.9  contig_3_pilon     53  3269 (14144) + rnd-1_family-41 LTR/Gypsy       1   3253 (3521) 2174  
 5979   10.7  0.4  0.6  contig_3_pilon   3270  4085 (13328) + ltr-1_family-12 LTR/Gypsy    4014   4827 (2637) 2173  
30887    3.7  0.7  0.4  contig_3_pilon   4088  7784  (9629) + rnd-1_family-15 DNA/MULE-F      1   3707    (0) 2175  
30088    9.0  1.2  0.8  contig_3_pilon   4605  9246  (8167) C rnd-1_family-67 Unknown      (18)   4530      1 2176 *
  246   19.2  0.0  2.1  contig_3_pilon  10895 10942  (6471) + rnd-1_family-6  Unknown       276    322 (1491) 2177  
  235   18.8  0.0  2.1  contig_3_pilon  11204 11252  (6161) + rnd-1_family-6  Unknown       281    328 (1485) 2178 *
13018    5.7  0.3  0.1  contig_3_pilon  11250 13737  (3676) + rnd-1_family-6  Unknown         1   1813    (0) 2179 *
16224   13.7  1.5  0.7  contig_3_pilon  13340 17413     (0) C rnd-1_family-35 Unknown     (487)   3511      1 2180  
  438   16.2  0.0  0.0  contig_31_pilon     3146    3219 (2925880) + rnd-1_family-69   Unknown          139    212    (4) 2181  
  482   30.4  0.5  4.7  contig_31_pilon     3573    3772 (2925327) C rnd-1_family-82   Unknown       (3237)   1898   1707 2182  
  695   25.7  3.1 11.6  contig_31_pilon     6037    6392 (2922707) C rnd-2_family-156  DNA/TcMar-Tc1    (0)   1594   1266 2183  
  323   25.0  3.6  6.5  contig_31_pilon     6419    6529 (2922570) C rnd-1_family-82   Unknown       (4923)    212    105 2182  
  358   17.8  2.9  8.1  contig_31_pilon     7888    7991 (2921108) C rnd-2_family-26   Unknown        (104)    221    123 2184  
 1100   19.9  0.0  0.0  contig_31_pilon    10931   11136 (2917963) + rnd-1_family-30   DNA/TcMar-Tc1    283    488  (601) 2185  
  561   29.0  3.0  3.9  contig_31_pilon    14343   14575 (2914524) + rnd-1_family-97   Unknown         3047   3277 (1342) 2186  
  473   30.9  3.7  3.3  contig_31_pilon    14621   14864 (2914235) C rnd-1_family-97   Unknown       (1319)   3300   3056 2187  
  271   18.5  7.4  0.0  contig_31_pilon    14890   14943 (2914156) C rnd-1_family-51   Unknown       (4470)   2844   2787 2188 *
  347   20.3  0.0  0.0  contig_31_pilon    14904   14967 (2914132) + rnd-1_family-69   Unknown            2     65  (151) 2189  
  637   33.0  0.0  0.0  contig_31_pilon    16065   16294 (2912805) C rnd-1_family-68   DNA/Sola-1    (1981)    425    196 2190  
  316   10.2  5.0  1.6  contig_31_pilon    24673   24732 (2904367) + rnd-1_family-46   Unknown         5044   5105 (2412) 2191  
  249   19.1  4.4  7.6  contig_31_pilon    24684   24751 (2904348) C rnd-1_family-55   Unknown          (5)   3648   3583 2192 *
  312   29.4  4.5  1.9  contig_31_pilon    26687   26842 (2902257) + rnd-1_family-86   Unknown           26    185  (602) 2193  
  292   31.3  2.5  4.0  contig_31_pilon    35378   35580 (2893519) + rnd-1_family-67   Unknown          555    754 (3322) 2194  
 3571   29.9  1.4  1.4  contig_31_pilon    35881   37277 (2891822) + rnd-1_family-67   Unknown         1059   2455 (1621) 2194 *
68586    1.5  0.1  0.2  contig_31_pilon    36851   44369 (2884730) C rnd-1_family-46   Unknown          (0)   7517      1 2195  
  321   15.8  3.5  0.0  contig_31_pilon    44537   44593 (2884506) + rnd-1_family-46   Unknown         5049   5107 (2410) 2196  
  306   30.7  2.1  7.1  contig_31_pilon    46154   46560 (2882539) + rnd-1_family-86   Unknown           47    233  (554) 2197  
17908    9.7  0.9  0.9  contig_31_pilon    56005   56175 (2872924) C rnd-1_family-46   Unknown          (0)   7517   7075 2198  
 3530   28.8  1.7  1.7  contig_31_pilon    56176   57552 (2871547) + rnd-1_family-24   Unknown         3141   4517   (31) 2199  
17908    9.7  0.9  0.9  contig_31_pilon    57553   59596 (2869503) C rnd-1_family-46   Unknown          (0)   7074   1756 2198 *
39233    4.8  0.6  0.3  contig_31_pilon    59596   64373 (2864726) C rnd-1_family-41   LTR/Gypsy     (1984)   4790      1 2200  
26232    4.6  0.7  0.2  contig_31_pilon    64374   67571 (2861528) C rnd-1_family-21   LTR/Gypsy     (5885)   3211      1 2201  
 7543   17.6  2.5  3.7  contig_31_pilon    67572   69077 (2860022) C ltr-1_family-12   LTR/Gypsy     (5975)   1489      1 2202  
 2224    8.7  0.0  0.0  contig_31_pilon    69078   69366 (2859733) C ltr-1_family-11   LTR/Unknown      (0)    289      1 2203  
 1146   27.2  0.0  0.0  contig_31_pilon    69385   69634 (2859465) C rnd-1_family-61   Unknown        (610)   3388   3139 2204  
32085   11.8  0.3  1.1  contig_31_pilon    73340   77944 (2851155) + rnd-1_family-47   LTR/Gypsy          1   4568 (1072) 2205  
 8293   11.6  1.3  0.9  contig_31_pilon    77941   79170 (2849929) C ltr-1_family-6    LTR/Gypsy     (4028)   9374   8140 2206 *
 3225   20.9  2.0  1.3  contig_31_pilon    79197   79891 (2849208) C rnd-1_family-35   Unknown         (16)   2616   1917 2207 *
15888    7.4  2.2  0.6  contig_31_pilon    79873   83085 (2846014) C rnd-1_family-41   LTR/Gypsy     (3510)   3264      1 2208  
  231   25.0  0.0  0.0  contig_31_pilon    83081   83144 (2845955) C rnd-1_family-35   Unknown        (705)   1927   1864 2207 *
 5725   22.5  3.4  1.0  contig_31_pilon    83189   84589 (2844510) C rnd-1_family-35   Unknown        (905)   1727    294 2207  
  227    3.9  0.0  0.0  contig_31_pilon    86159   86184 (2842915) C rnd-1_family-83   Unknown       (1034)   4801   4776 2209  
 1093   13.4  0.0  1.2  contig_31_pilon    87808   87980 (2841119) C rnd-1_family-17   Unknown          (2)    227     57 2210  
  327   30.1 10.9  1.3  contig_31_pilon    91485   91622 (2837477) C rnd-1_family-2    Unknown          (0)    281    131 2211 *
  766   18.1 11.5  8.1  contig_31_pilon    91504   91695 (2837404) + rnd-1_family-37   Unknown            1    198    (0) 2212  
 2466   12.1  2.9 13.0  contig_31_pilon    91723   92177 (2836922) C rnd-1_family-8    Unknown          (1)    415      2 2213  
 1666   11.6  0.0  0.0  contig_31_pilon    92184   92408 (2836691) + rnd-1_family-17   Unknown            1    225    (4) 2214  
 1329   11.8  0.4  9.9  contig_31_pilon   100372  100615 (2828484) C rnd-1_family-17   Unknown          (6)    223      1 2215  
  602   16.9  0.0  1.1  contig_31_pilon   100616  100711 (2828388) + rnd-1_family-37   Unknown          104    198    (0) 2216  
  449   14.2  1.9  5.9  contig_31_pilon   101111  101215 (2827884) + rnd-2_family-26   Unknown          154    254   (71) 2217  
 1299   14.8  2.7  1.4  contig_31_pilon   106497  106716 (2822383) + rnd-1_family-17   Unknown            1    223    (6) 2218  
 2202   16.8  1.0  7.4  contig_31_pilon   107033  107449 (2821650) + rnd-2_family-1080 Unknown            1    392    (0) 2219  
 1635    5.9  0.9  5.4  contig_31_pilon   107709  107941 (2821158) C rnd-1_family-17   Unknown          (6)    223      1 2220  
 1218   35.1  1.5  1.5  contig_31_pilon   120418  121080 (2808019) + rnd-1_family-39   LTR/Gypsy       1496   2158 (3043) 2221  
 2113   16.3  5.2  0.7  contig_31_pilon   125725  126149 (2802950) + rnd-1_family-58   Unknown           17    502    (4) 2222  
 1306   28.0  4.4  2.3  contig_31_pilon   127002  127593 (2801506) C rnd-1_family-34   Unknown        (360)    604      1 2223  
 2981   17.2  2.4  2.4  contig_31_pilon   128339  128945 (2800154) C rnd-1_family-4    Unknown          (1)    495     23 2224  
 4673   24.1  3.3  1.9  contig_31_pilon   129782  131373 (2797726) + rnd-1_family-35   Unknown          448   2618   (14) 2225 *
 6322    7.8  0.5  0.1  contig_31_pilon   131373  132209 (2796890) + rnd-1_family-77   Unknown          837   1676 (1074) 2226  
 1708   24.2  6.3  1.9  contig_31_pilon   132221  132776 (2796323) + rnd-1_family-61   Unknown         2032   2611 (1387) 2225  
 2502   28.1  2.1  3.8  contig_31_pilon   132781  133630 (2795469) + rnd-1_family-61   Unknown         2870   3705  (293) 2225  
 2944   25.6  0.8  0.8  contig_31_pilon   135329  136060 (2793039) + rnd-1_family-86   Unknown           18    749   (38) 2227  
 1997   17.7  5.2  0.7  contig_31_pilon   141516  141940 (2787159) + rnd-1_family-58   Unknown           17    502    (4) 2228  
  378   25.4  6.8  7.6  contig_31_pilon   154823  154954 (2774145) + rnd-1_family-97   Unknown         3146   3276 (1343) 2229  
 1081   12.5  0.0  0.0  contig_31_pilon   155629  155788 (2773311) + rnd-1_family-20   Unknown            1    160    (0) 2230  
  329   29.3  1.5  4.0  contig_31_pilon   157828  158033 (2771066) + rnd-2_family-272  Unknown          766    966 (7105) 2231  
  541   20.4  0.0  1.0  contig_31_pilon   159315  159413 (2769686) + rnd-2_family-194  Unknown            2     99  (117) 2232  
  321   16.7  0.0  1.7  contig_31_pilon   159670  159730 (2769369) + rnd-2_family-194  Unknown          157    216    (0) 2232  
  989   22.2  1.3  2.2  contig_31_pilon   160865  161094 (2768005) C rnd-1_family-97   Unknown       (1342)   3277   3050 2233  
 2221   18.7  2.7  4.2  contig_31_pilon   161442  162000 (2767099) C rnd-3_family-9    Unknown          (0)    592     42 2234  
  513   26.2  0.8 11.2  contig_31_pilon   162035  162300 (2766799) + rnd-3_family-9    Unknown          327    567   (25) 2235  
  582   20.8 14.4  3.1  contig_31_pilon   172349  172522 (2756577) + rnd-2_family-436  Unknown           12    204    (7) 2236  
  258   31.5  0.0  5.0  contig_31_pilon   174260  174386 (2754713) C rnd-2_family-48   Unknown          (0)    228    108 2237  
  314    7.4 27.5  2.3  contig_31_pilon   189761  189829 (2739270) C rnd-1_family-17   Unknown          (6)    223    138 2238  
  319   25.4  1.4  0.0  contig_31_pilon   189841  189911 (2739188) C rnd-1_family-11   Unknown        (328)     72      1 2239  
  458   28.7  3.3  7.7  contig_31_pilon   190923  191167 (2737932) + rnd-1_family-97   Unknown         2344   2578 (2041) 2240  
  359   21.5 11.8  0.0  contig_31_pilon   198952  199044 (2730055) C rnd-2_family-194  Unknown         (15)    201     98 2241  
  467   19.0  0.0  1.0  contig_31_pilon   199291  199391 (2729708) C rnd-2_family-194  Unknown        (114)    102      3 2241  
 3523   13.5  0.0  0.6  contig_31_pilon   202573  203080 (2726019) C rnd-1_family-58   Unknown          (1)    505      1 2242  
 4672   13.1  0.0  0.3  contig_31_pilon   218302  218975 (2710124) C rnd-1_family-30   DNA/TcMar-Tc1    (3)   1086    415 2243  
  947   22.1  0.0  1.8  contig_31_pilon   219037  219266 (2709833) + rnd-3_family-310  Unknown          258    483   (69) 2244  
 2983    7.7  2.0  1.0  contig_31_pilon   219888  220280 (2708819) C rnd-1_family-11   Unknown          (2)    398      2 2245  
 2299    2.5  0.0  8.2  contig_31_pilon   220746  221049 (2708050) C rnd-1_family-2    Unknown          (0)    281      1 2246  
  698   28.4  2.5  2.7  contig_31_pilon   221149  221550 (2707549) C rnd-2_family-50   Unknown         (95)    401      1 2247  
  259   31.4  6.3  4.2  contig_31_pilon   221547  221895 (2707204) C rnd-1_family-66   Unknown        (212)    507    152 2248 *
  462   16.8 11.6  2.9  contig_31_pilon   222024  222152 (2706947) C rnd-2_family-48   Unknown         (28)    200     61 2249  
  664   24.7  7.6  1.0  contig_31_pilon   223227  223410 (2705689) C rnd-1_family-97   Unknown       (1362)   3257   3062 2250  
  539   15.7  6.4  8.8  contig_31_pilon   223478  223617 (2705482) C rnd-1_family-37   Unknown          (3)    195     59 2251  
  683   15.9  3.5  1.1  contig_31_pilon   223618  223650 (2705449) + rnd-1_family-2    Unknown            3    244   (37) 2252  
  355   33.0  5.9  1.9  contig_31_pilon   224197  224449 (2704650) + rnd-1_family-96   Unknown          757   1019 (1698) 2253  
 2489    9.0  0.0  0.9  contig_31_pilon   224920  225245 (2703854) + rnd-1_family-11   Unknown           76    398    (2) 2254  
 1505   14.5  0.0  0.9  contig_31_pilon   225294  225523 (2703576) + rnd-1_family-17   Unknown            1    228    (1) 2255  
  698   16.1  5.9  1.9  contig_31_pilon   226619  226770 (2702329) C rnd-2_family-26   Unknown         (66)    259    102 2256  
  323   14.2  3.5 11.1  contig_31_pilon   226754  226840 (2702259) C rnd-3_family-331  Unknown         (10)     87      7 2257 *
  379   18.6 26.1  0.7  contig_31_pilon   233991  234109 (2694990) C rnd-1_family-97   Unknown       (1370)   3249   3101 2258  
 2432   16.6  0.0  3.6  contig_31_pilon   241398  241803 (2687296) + rnd-2_family-1080 Unknown            1    392    (0) 2259  
 1214   19.4  4.4  8.4  contig_31_pilon   244290  244741 (2684358) + rnd-2_family-153  Unknown          120    602  (147) 2260  
  386   29.4  6.7  4.0  contig_31_pilon   245950  246292 (2682807) + rnd-1_family-66   Unknown          136    487  (232) 2261  
 1206   19.2  4.4  2.0  contig_31_pilon   246337  246677 (2682422) + rnd-2_family-50   Unknown           48    396  (100) 2262  
  300   31.1  9.0  2.3  contig_31_pilon   246808  247008 (2682091) + rnd-2_family-194  Unknown            2    215    (1) 2263  
  497   25.6  3.7  4.8  contig_31_pilon   252426  252614 (2676485) + rnd-2_family-26   Unknown           10    196  (129) 2264  
  301   12.8  0.0  2.1  contig_31_pilon   252732  252779 (2676320) + rnd-2_family-26   Unknown          207    253   (72) 2265  
  581   22.6  9.3  1.3  contig_31_pilon   259584  259722 (2669377) C rnd-1_family-2    Unknown          (2)    279    130 2266 *
 1179   11.7 10.6  0.5  contig_31_pilon   259600  259779 (2669320) + rnd-1_family-37   Unknown            1    198    (0) 2267  
 1309    9.6  0.6  0.0  contig_31_pilon   266078  266254 (2662845) C rnd-1_family-17   Unknown         (48)    181      4 2268  
  266   27.9  4.3  3.5  contig_31_pilon   267326  267466 (2661633) C rnd-2_family-26   Unknown        (164)    161     20 2269  
  256   18.8  0.0  0.0  contig_31_pilon   268840  268887 (2660212) C rnd-2_family-194  Unknown          (3)    213    166 2270  
 1198   19.5  3.5  2.6  contig_31_pilon   268893  269202 (2659897) C rnd-3_family-9    Unknown        (248)    344     32 2271  
 1443   13.1  0.5  0.5  contig_31_pilon   272860  273073 (2656026) + rnd-1_family-17   Unknown           12    225    (4) 2272  
 2696    9.9  0.2 14.7  contig_31_pilon   274434  274908 (2654191) + rnd-1_family-8    Unknown            2    416    (0) 2273  
  510   16.3  1.1  0.0  contig_31_pilon   275577  275668 (2653431) + rnd-2_family-156  DNA/TcMar-Tc1      2     94 (1500) 2274 *
 1672   10.7  0.0  0.0  contig_31_pilon   275668  275892 (2653207) C rnd-1_family-17   Unknown          (4)    225      1 2275  
  703   18.3  2.1  1.4  contig_31_pilon   275894  276037 (2653062) + rnd-2_family-156  DNA/TcMar-Tc1     86    230 (1364) 2276  
  553   23.3 12.7  1.6  contig_31_pilon   276118  276283 (2652816) + rnd-2_family-156  DNA/TcMar-Tc1    220    403 (1191) 2277  
  377   26.7  5.4  0.7  contig_31_pilon   276411  276557 (2652542) + rnd-2_family-26   Unknown          128    281   (44) 2278  
  486   15.0  6.0  0.0  contig_31_pilon   277280  277379 (2651720) C rnd-2_family-26   Unknown         (71)    254    149 2279 *
  871   26.0  1.8  0.4  contig_31_pilon   277376  277603 (2651496) C rnd-1_family-97   Unknown       (1342)   3277   3047 2280  
  431   22.3  4.5  1.5  contig_31_pilon   277607  277738 (2651361) C rnd-2_family-26   Unknown        (170)    155     20 2279  
 1739    7.7  0.5  0.9  contig_31_pilon   278097  278319 (2650780) C rnd-1_family-17   Unknown          (6)    223      2 2281  
  880   21.8  1.0  3.4  contig_31_pilon   279100  279308 (2649791) + rnd-2_family-323  Unknown            1    204  (175) 2282  
 1129   22.0  0.0  0.0  contig_31_pilon   279511  279728 (2649371) C rnd-1_family-97   Unknown       (1343)   3276   3059 2283  
 3191    8.7  0.0  3.1  contig_31_pilon   280336  280761 (2648338) + rnd-1_family-8    Unknown            4    416    (0) 2284  
  520   32.2  5.1  4.3  contig_31_pilon   281965  282240 (2646859) + ltr-1_family-17   LTR/Gypsy       4119   4396  (829) 2285  
  324   15.3  4.0  4.0  contig_31_pilon   289997  290071 (2639028) C rnd-2_family-108  Unknown          (8)    293    219 2286  
  281   20.8  0.0  0.0  contig_31_pilon   290148  290200 (2638899) C rnd-2_family-108  Unknown        (207)     94     42 2286  
  591   20.2  5.4 11.0  contig_31_pilon   290231  290469 (2638630) + rnd-2_family-108  Unknown           66    292    (9) 2287  
 1076   22.2  3.9  0.3  contig_31_pilon   299767  300046 (2629053) C rnd-2_family-247  Unknown        (670)    558    269 2288  
 2133   22.8  1.5  0.2  contig_31_pilon   302181  302637 (2626462) + ltr-1_family-9    LTR/Unknown       31    493    (0) 2289  
  433   28.1  1.6 13.3  contig_31_pilon   308831  309023 (2620076) C rnd-3_family-189  Unknown         (30)    366    194 2290  
  556   19.1  0.0  0.9  contig_31_pilon   311041  311156 (2617943) C rnd-2_family-247  Unknown        (165)   1063    949 2291  
 1580   22.4  1.6  3.5  contig_31_pilon   311276  311706 (2617393) C rnd-2_family-247  Unknown        (584)    644    222 2291  
 1139    6.3  0.6  0.0  contig_31_pilon   311760  311918 (2617181) C rnd-1_family-20   Unknown          (0)    160      1 2292  
  738   19.1  1.6  1.6  contig_31_pilon   311919  312110 (2616989) C rnd-2_family-247  Unknown        (975)    253     62 2291  
 1273   15.4  0.5  0.9  contig_31_pilon   313339  313561 (2615538) + rnd-1_family-17   Unknown            5    226    (3) 2293  
 1235   17.8  0.0  0.9  contig_31_pilon   313642  313868 (2615231) C rnd-1_family-17   Unknown          (4)    225      1 2294  
  408   24.6 18.0  0.0  contig_31_pilon   314229  314411 (2614688) + rnd-1_family-97   Unknown         3045   3260 (1359) 2295  
  407   20.6  1.8  4.6  contig_31_pilon   320087  320198 (2608901) + rnd-2_family-26   Unknown          174    282   (43) 2296  
  821   24.3 11.5  2.4  contig_31_pilon   322063  322488 (2606611) C rnd-3_family-310  Unknown          (3)    549     86 2297  
  379   16.1  4.9  0.0  contig_31_pilon   329799  329879 (2599220) C rnd-2_family-26   Unknown        (123)    202    118 2298  
 3767   15.4  1.5  1.5  contig_31_pilon   329931  330732 (2598367) + rnd-2_family-110  Unknown            1    802    (5) 2299  
 2015   16.4  2.3  5.3  contig_31_pilon   331304  331826 (2597273) C rnd-2_family-149  Unknown        (276)    536     29 2300  
 1288   13.7  0.4  2.6  contig_31_pilon   337577  337808 (2591291) + rnd-1_family-17   Unknown            1    227    (2) 2301  
  533   16.5  0.0  1.8  contig_31_pilon   341376  341486 (2587613) C rnd-2_family-190  Unknown          (1)    446    338 2302 *
 1199   17.7  6.7  7.0  contig_31_pilon   341486  341873 (2587226) C rnd-2_family-190  Unknown         (57)    390      4 2303  
 1134    6.3  0.0 11.9  contig_31_pilon   346108  346286 (2582813) + rnd-1_family-20   Unknown            1    160    (0) 2304  
 1775    8.7  0.0  0.0  contig_31_pilon   346576  346804 (2582295) C rnd-1_family-48   Unknown          (3)    229      1 2305  
 2296   13.3  3.2  6.3  contig_31_pilon   351149  351558 (2577541) + rnd-1_family-11   Unknown            3    400    (0) 2306  
  345   26.0  3.0  3.0  contig_31_pilon   351582  351712 (2577387) C rnd-2_family-26   Unknown         (55)    270    140 2307  
  270   22.9 11.9  1.1  contig_31_pilon   351753  351836 (2577263) C rnd-3_family-331  Unknown          (1)     96      4 2308  
 1565   15.9  1.6  1.6  contig_31_pilon   364960  365214 (2563885) C rnd-2_family-1080 Unknown        (137)    255      1 2309  
  703   27.5  3.6  1.6  contig_31_pilon   365653  365903 (2563196) C rnd-2_family-26   Unknown         (46)    279     24 2310  
  346   26.8  0.6  7.7  contig_31_pilon   369182  369347 (2559752) C rnd-2_family-48   Unknown         (52)    176     22 2311  
  831   19.2  4.2 12.8  contig_31_pilon   390348  390610 (2538489) + rnd-2_family-19   Unknown            1    243    (1) 2312  
  801   19.7 10.3  3.6  contig_31_pilon   392427  392610 (2536489) C rnd-1_family-37   Unknown          (0)    198      3 2313  
 1297   23.5  3.5  3.2  contig_31_pilon   399214  399648 (2529451) C rnd-2_family-190  Unknown          (8)    439      4 2314  
 2871   11.8  0.0  0.8  contig_31_pilon   399664  400065 (2529034) + rnd-1_family-11   Unknown            2    400    (0) 2315  
  347   26.0 12.1  3.5  contig_31_pilon   424727  424965 (2504134) + rnd-1_family-96   Unknown          759   1017 (1700) 2316  
  782   23.3  0.0  2.3  contig_31_pilon   436792  436971 (2492128) C rnd-2_family-48   Unknown         (24)    204     29 2317  
 1698   11.2  0.0  0.0  contig_31_pilon   439189  439420 (2489679) C rnd-1_family-48   Unknown          (0)    232      1 2318  
  441   35.1  1.9  2.9  contig_31_pilon   450561  450871 (2478228) + ltr-1_family-17   LTR/Gypsy       4090   4397  (828) 2319  
  337   24.8 12.5  2.1  contig_31_pilon   468268  468395 (2460704) + rnd-1_family-97   Unknown         3137   3277 (1342) 2320  
 2048   12.9  0.0  0.0  contig_31_pilon   469255  469548 (2459551) + ltr-1_family-17   LTR/Gypsy        145    438 (4787) 2321  
  310   15.3  0.0  1.7  contig_31_pilon   469693  469752 (2459347) + ltr-1_family-17   LTR/Gypsy        440    498 (4727) 2321  
  251   21.2  0.0  7.0  contig_31_pilon   472777  472852 (2456247) C rnd-2_family-251  Unknown          (1)    148     78 2322  
 1137    9.4  0.6  0.0  contig_31_pilon   472911  473069 (2456030) C rnd-1_family-20   Unknown          (0)    160      1 2323  
 1510   10.1  0.9  0.9  contig_31_pilon   473706  473924 (2455175) + rnd-1_family-17   Unknown            1    219   (10) 2324  
 1496   15.6  0.4  0.4  contig_31_pilon   474265  474508 (2454591) C rnd-2_family-1080 Unknown          (5)    387    144 2325  
  864   16.8  0.7  0.7  contig_31_pilon   474570  474713 (2454386) C rnd-2_family-1080 Unknown        (248)    144      1 2325  
  684   25.3  0.9  5.3  contig_31_pilon   475060  475276 (2453823) C rnd-2_family-436  Unknown          (1)    210      3 2326  
  482   31.6  7.0  2.3  contig_31_pilon   475386  475757 (2453342) + rnd-1_family-66   Unknown           73    461  (258) 2327  
  288   15.6  0.0  1.6  contig_31_pilon   475708  475772 (2453327) C rnd-2_family-195  Unknown          (2)    550    487 2328 *
  584   26.6  2.3  0.5  contig_31_pilon   475786  476000 (2453099) C rnd-2_family-195  Unknown        (143)    409    191 2329  
  549   25.9  1.7  1.1  contig_31_pilon   476013  476188 (2452911) + rnd-2_family-247  Unknown           70    246  (982) 2330  
  921   21.1  6.2  4.6  contig_31_pilon   476737  477296 (2451803) C rnd-2_family-153  Unknown        (133)    616      2 2331  
 1128   22.0  1.7  0.4  contig_31_pilon   477328  477564 (2451535) + rnd-2_family-247  Unknown          412    651  (577) 2330  
 1853   26.0  2.2  2.2  contig_31_pilon   477617  478171 (2450928) + rnd-2_family-247  Unknown          651   1205   (23) 2330  
 1090   18.8  1.3  0.4  contig_31_pilon   478277  478500 (2450599) C rnd-2_family-48   Unknown          (1)    227      2 2332  
  298   29.8  0.0  2.9  contig_31_pilon   479164  479270 (2449829) + rnd-2_family-194  Unknown           95    198   (18) 2333  
  738   26.4  1.4  0.5  contig_31_pilon   479347  479559 (2449540) C rnd-2_family-48   Unknown          (0)    228     14 2334  
  530   26.9  1.1  1.1  contig_31_pilon   479694  479870 (2449229) + rnd-2_family-11   Unknown           48    224    (7) 2335  
  376   15.8  0.0  0.0  contig_31_pilon   480904  480960 (2448139) C rnd-2_family-80   Unknown          (9)    131     75 2336  
 1608   12.0  0.0  1.3  contig_31_pilon   481051  481278 (2447821) + rnd-1_family-17   Unknown            5    229    (0) 2337  
  317   26.6  1.1  0.0  contig_31_pilon   481311  481404 (2447695) C rnd-2_family-80   Unknown         (45)     95      1 2338  
  748   24.4  3.2  1.4  contig_31_pilon   482656  482871 (2446228) C rnd-2_family-11   Unknown          (7)    224      5 2339  
  400   21.2 14.1  0.0  contig_31_pilon   482883  482981 (2446118) + rnd-3_family-310  Unknown          440    552    (0) 2340  
 1401   13.9  0.5  0.9  contig_31_pilon   484018  484235 (2444864) + rnd-1_family-17   Unknown            4    220    (9) 2341  
 1247   15.8  0.0  3.2  contig_31_pilon   484613  484835 (2444264) + rnd-1_family-97   Unknown         3062   3277 (1342) 2342  
 1176   16.8  3.7  0.0  contig_31_pilon   484886  485076 (2444023) C rnd-1_family-37   Unknown          (0)    198      1 2343  
  473   27.8  0.0  2.0  contig_31_pilon   484942  485095 (2444004) + rnd-1_family-2    Unknown          130    280    (1) 2344 *
  682   15.0 23.2  4.5  contig_31_pilon   485109  485276 (2443823) C rnd-1_family-37   Unknown          (0)    198      1 2345  
  433   20.1 15.9  2.0  contig_31_pilon   485161  485292 (2443807) + rnd-1_family-2    Unknown          130    279    (2) 2346 *
  341   19.7  5.9  5.7  contig_31_pilon   485307  485456 (2443643) C rnd-1_family-37   Unknown          (0)    198      1 2347  
  295   18.4 10.4  1.2  contig_31_pilon   485400  485476 (2443623) + rnd-1_family-2    Unknown          198    281    (0) 2348 *
  490   18.1  4.8  0.0  contig_31_pilon   499169  499273 (2429826) + rnd-2_family-26   Unknown          124    233   (92) 2349 *
 2048   20.8  6.0  4.9  contig_31_pilon   499266  500075 (2429024) C ltr-1_family-12   LTR/Gypsy     (6543)    921      1 2350  
  247   14.3  0.0  0.0  contig_31_pilon   500106  500147 (2428952) C ltr-1_family-11   LTR/Unknown    (247)     42      1 2351  
 1109   15.6 10.6  0.0  contig_31_pilon   502212  502390 (2426709) C rnd-1_family-37   Unknown          (0)    198      1 2352  
  547   24.3  8.4  1.3  contig_31_pilon   502268  502409 (2426690) + rnd-1_family-2    Unknown          130    281    (0) 2353 *
 1568   12.5  0.4  0.9  contig_31_pilon   504122  504347 (2424752) + rnd-1_family-17   Unknown            1    225    (4) 2354  
  328   29.3  2.2  0.7  contig_31_pilon   512898  513031 (2416068) + rnd-2_family-48   Unknown           42    177   (51) 2355  
 5411    9.8  0.2  5.3  contig_31_pilon   513464  514349 (2414750) + rnd-1_family-33   Unknown           15    857    (0) 2356  
  589   24.7  1.6 12.8  contig_31_pilon   516963  517213 (2411886) + rnd-2_family-19   Unknown            1    226   (18) 2357  
 2391   16.3  2.0  2.3  contig_31_pilon   522908  523297 (2405802) + rnd-2_family-1080 Unknown            1    389    (3) 2358  
 1038   23.4  4.1  1.9  contig_31_pilon   523300  523613 (2405486) + rnd-3_family-333  Unknown          142    462  (247) 2359  
 1572    9.5  0.0  0.0  contig_31_pilon   523630  523840 (2405259) + rnd-1_family-30   DNA/TcMar-Tc1    878   1088    (1) 2360  
 1678   10.2  0.9  0.4  contig_31_pilon   523909  524135 (2404964) + rnd-1_family-17   Unknown            1    228    (1) 2361  
  267   19.1  0.0  6.9  contig_31_pilon   524461  524522 (2404577) C rnd-1_family-30   DNA/TcMar-Tc1 (1031)     58      1 2362  
  945   14.4 10.8  0.0  contig_31_pilon   524546  524712 (2404387) + rnd-1_family-30   DNA/TcMar-Tc1    905   1089    (0) 2363 *
12793    8.8  0.4  0.3  contig_31_pilon   524704  526412 (2402687) + rnd-1_family-89   DNA/TcMar-Tc1      1   1710    (0) 2364  
  308    2.8  0.0  0.0  contig_31_pilon   526391  526426 (2402673) C rnd-1_family-89   DNA/TcMar-Tc1 (1674)     36      1 2365 *
  234   21.2 12.1  9.0  contig_31_pilon   530143  530282 (2398817) C rnd-1_family-2    Unknown         (28)    253    110 2366 *
 1000   17.5  0.6  0.6  contig_31_pilon   530160  530337 (2398762) + rnd-1_family-37   Unknown           18    195    (3) 2367  
  347   27.7  2.5  0.0  contig_31_pilon   531090  531208 (2397891) + rnd-2_family-194  Unknown           95    216    (0) 2368  
 1360   22.7  9.2  0.9  contig_31_pilon   531932  532344 (2396755) C rnd-2_family-190  Unknown          (0)    447      1 2369  
 1534   13.2  0.0  0.9  contig_31_pilon   532448  532676 (2396423) + rnd-1_family-17   Unknown            1    227    (2) 2370  
 1316   13.7  4.7  0.9  contig_31_pilon   534084  534296 (2394803) + rnd-1_family-17   Unknown            5    225    (4) 2371  
  633   15.3  4.8  5.6  contig_31_pilon   542407  542551 (2386548) + rnd-2_family-26   Unknown          129    272   (53) 2372  
  962   12.2 27.0  0.4  contig_31_pilon   547774  547995 (2381104) + rnd-1_family-2    Unknown            1    281    (0) 2373  
 1141   21.7  1.3  0.4  contig_31_pilon   548031  548257 (2380842) C rnd-1_family-97   Unknown       (1342)   3277   3049 2374  
  342   23.2  4.6  6.9  contig_31_pilon   548904  549185 (2379914) + rnd-3_family-9    Unknown           63    338  (254) 2375  
  308   26.6  0.0  2.8  contig_31_pilon   549506  549617 (2379482) + rnd-1_family-66   Unknown           25    133  (586) 2376  
 1904   12.9  0.4  0.4  contig_31_pilon   559209  559487 (2369612) + rnd-1_family-2    Unknown            1    279    (2) 2377  
 2092   18.8  1.9  4.4  contig_31_pilon   561352  561813 (2367286) + rnd-3_family-399  Unknown          493    943    (0) 2378  
 1258   17.1  2.6  4.5  contig_31_pilon   561586  561855 (2367244) C rnd-3_family-399  Unknown        (678)    265      1 2379 *
  655    8.9  0.0  8.8  contig_31_pilon   561870  561980 (2367119) C rnd-3_family-399  Unknown        (841)    102      1 2380  
  313   28.1  1.1  2.2  contig_31_pilon   562371  562461 (2366638) C rnd-2_family-80   Unknown         (45)     95      6 2381  
  240   27.2  4.3  1.0  contig_31_pilon   562746  562838 (2366261) C rnd-2_family-26   Unknown        (208)    117     22 2382  
 1270   20.7  1.4 10.3  contig_31_pilon   567895  568361 (2360738) C rnd-2_family-153  Unknown        (132)    617    205 2383  
 1045   22.5  5.5  1.2  contig_31_pilon   568703  569012 (2360087) + rnd-3_family-333  Unknown            1    323  (386) 2384  
  570   18.3 10.7  0.0  contig_31_pilon   569008  569138 (2359961) + rnd-3_family-333  Unknown          222    366  (343) 2385 *
  746   20.0  6.7  0.0  contig_31_pilon   569261  569440 (2359659) + rnd-3_family-333  Unknown          383    574  (135) 2385  
  258   29.2  3.7  1.2  contig_31_pilon   575447  575609 (2353490) C rnd-2_family-272  Unknown       (4522)   3549   3383 2386  
  275   20.5  3.8  1.2  contig_31_pilon   581025  581103 (2347996) + rnd-2_family-26   Unknown          121    201  (124) 2387  
 1131    7.0  0.0  0.0  contig_31_pilon   589501  589658 (2339441) + rnd-1_family-20   Unknown            3    160    (0) 2388  
 1357   11.2  0.9  3.5  contig_31_pilon   608159  608390 (2320709) C rnd-1_family-17   Unknown          (3)    226      1 2389  
  280   14.0  0.0  0.0  contig_31_pilon   608718  608767 (2320332) C rnd-2_family-50   Unknown        (102)    394    345 2390  
 1832   18.4  5.8  1.8  contig_31_pilon   609281  609810 (2319289) C rnd-3_family-9    Unknown          (0)    592     42 2391  
  550   15.7  0.0  0.0  contig_31_pilon   610971  611053 (2318046) + rnd-2_family-1080 Unknown            1     83  (309) 2392  
 1501   12.2  1.6  2.0  contig_31_pilon   611155  611404 (2317695) + rnd-2_family-1080 Unknown          144    392    (0) 2392  
  388   23.7  0.0  2.1  contig_31_pilon   611403  611501 (2317598) + rnd-1_family-97   Unknown         3180   3276 (1343) 2393 *
  318   18.8  9.4  0.0  contig_31_pilon   618231  618315 (2310784) C rnd-2_family-251  Unknown         (56)     93      1 2394  
  398   20.2  1.1  0.0  contig_31_pilon   619887  619975 (2309124) + rnd-2_family-149  Unknown           16    105  (707) 2395  
 2857   11.1  0.0  0.5  contig_31_pilon   620034  620448 (2308651) C rnd-1_family-8    Unknown          (0)    416      4 2396  
  951   15.9  0.0 10.9  contig_31_pilon   621726  621958 (2307141) C rnd-1_family-17   Unknown          (6)    223     14 2397  
  923   11.4  1.3  0.0  contig_31_pilon   623712  623869 (2305230) + rnd-1_family-20   Unknown            1    160    (0) 2398  
  338   18.1  4.2  0.0  contig_31_pilon   625513  625584 (2303515) C rnd-2_family-247  Unknown        (982)    246    172 2399  
  610   29.3  4.4  5.6  contig_31_pilon   626178  626705 (2302394) + rnd-1_family-81   Unknown         1601   2122  (747) 2400  
  396   17.7  1.3  0.0  contig_31_pilon   626914  626992 (2302107) + rnd-1_family-81   Unknown         2425   2504  (365) 2401  
  390   20.3 23.9  2.9  contig_31_pilon   634774  634915 (2294184) C rnd-2_family-108  Unknown         (96)    205     35 2402  
  406   11.8  1.5  0.0  contig_31_pilon   636860  636927 (2292172) + rnd-1_family-20   Unknown           92    160    (0) 2403  
  451   18.7  8.5  4.9  contig_31_pilon   637367  637484 (2291615) + rnd-2_family-436  Unknown            1    122   (89) 2404  
  325   23.2  9.3  4.4  contig_31_pilon   637487  637594 (2291505) + rnd-2_family-436  Unknown           10    122   (89) 2405  
 1206   17.6  0.0  2.3  contig_31_pilon   643399  643619 (2285480) C rnd-2_family-194  Unknown          (0)    216      1 2406  
  270   20.8  0.0  0.0  contig_31_pilon   659108  659160 (2269939) + rnd-2_family-272  Unknown         3323   3375 (4696) 2407  
  265   20.9  1.4  2.9  contig_31_pilon   661733  661801 (2267298) C rnd-1_family-97   Unknown       (2064)   2555   2488 2408  
  358   28.7  4.2  3.6  contig_31_pilon   665444  665609 (2263490) + ltr-1_family-2    LTR/Copia       3139   3305 (1193) 2409  
 1110   21.4  1.1 11.2  contig_31_pilon   673632  674083 (2255016) C rnd-3_family-333  Unknown          (1)    708    298 2410  
  470   28.1  2.9  9.7  contig_31_pilon   676630  677148 (2251951) C rnd-2_family-272  Unknown       (7405)    666    180 2411 *
  922   23.4  2.2  7.1  contig_31_pilon   676842  677241 (2251858) + rnd-2_family-50   Unknown            1    382  (114) 2412  
  361   26.0  1.5  2.3  contig_31_pilon   677512  677641 (2251458) C rnd-2_family-272  Unknown       (4629)   3442   3314 2413  
  337   19.4  0.0  2.3  contig_31_pilon   680597  680728 (2248371) C rnd-1_family-81   Unknown        (533)   2336   2208 2414  
  282   16.6  2.1  5.2  contig_31_pilon   680615  680754 (2248345) + rnd-1_family-81   Unknown         2218   2353  (516) 2415 *
  250   18.2  0.0  0.0  contig_31_pilon   684876  684919 (2244180) C ltr-1_family-34   LTR/Copia      (601)   3645   3602 2416  
  458   36.5  2.2  2.2  contig_31_pilon   685512  685915 (2243184) C ltr-1_family-25   LTR/Copia      (903)   3589   3186 2417  
  341   22.9  6.4  6.4  contig_31_pilon   686868  687007 (2242092) C ltr-1_family-25   LTR/Copia     (2256)   2236   2097 2418  
  521   18.7 10.3  5.6  contig_31_pilon   694251  694386 (2234713) + rnd-3_family-310  Unknown            4    145  (407) 2419  
  841   19.3 21.3  0.3  contig_31_pilon   694387  694630 (2234469) + rnd-3_family-310  Unknown          258    552    (0) 2419  
 1364   14.8  0.0  0.9  contig_31_pilon   700079  700296 (2228803) + rnd-2_family-194  Unknown            1    216    (0) 2420  
  621   21.3  9.6  5.7  contig_31_pilon   703944  704162 (2224937) C rnd-2_family-19   Unknown          (8)    236     10 2421  
  922   14.6  0.0  0.0  contig_31_pilon   706442  706585 (2222514) + rnd-2_family-48   Unknown            6    149   (79) 2422  
  276    4.8  2.4  0.0  contig_31_pilon   706642  706683 (2222416) + rnd-2_family-48   Unknown          135    177   (51) 2422  
 6551   15.4  0.8  1.3  contig_31_pilon   713887  715000 (2214099) + rnd-2_family-156  DNA/TcMar-Tc1      2   1110  (484) 2423  
 1258   16.4  2.1  1.7  contig_31_pilon   714973  715207 (2213892) + rnd-2_family-156  DNA/TcMar-Tc1   1309   1544   (50) 2424 *
  495   20.8  0.0  1.0  contig_31_pilon   724740  724841 (2204258) + rnd-2_family-194  Unknown            2    102  (114) 2425  
  344   16.1 27.6  0.0  contig_31_pilon   725068  725154 (2203945) + rnd-2_family-194  Unknown           98    208    (8) 2425  
  797   17.7 13.1  0.5  contig_31_pilon   731260  731435 (2197664) + rnd-1_family-37   Unknown            1    198    (0) 2426  
  767   24.0  3.0  0.5  contig_31_pilon   731552  731748 (2197351) C rnd-2_family-194  Unknown          (3)    213     12 2427  
  354   27.9  4.8  2.4  contig_31_pilon   746880  747044 (2182055) + rnd-2_family-194  Unknown            3    171   (45) 2428  
  806   26.1  6.5  0.8  contig_31_pilon   760821  761160 (2167939) + rnd-3_family-310  Unknown           18    376  (176) 2429  
  559   16.2 20.6  1.0  contig_31_pilon   766298  766472 (2162627) + rnd-1_family-69   Unknown            2    210    (6) 2430  
  971   13.1  0.0  0.6  contig_31_pilon   770786  770946 (2158153) C rnd-1_family-20   Unknown          (0)    160      1 2431  
 1201    6.1  0.4 17.7  contig_31_pilon   773319  773556 (2155543) C rnd-1_family-17   Unknown          (3)    226     24 2432  
 1414   12.2  0.5  0.5  contig_31_pilon   773558  773780 (2155319) + rnd-1_family-17   Unknown            1    223    (6) 2433  
  790   23.6  7.7  4.8  contig_31_pilon   778206  778632 (2150467) + rnd-2_family-270  Unknown          314    752   (27) 2434  
  708   30.4  0.7  0.0  contig_31_pilon   778761  779059 (2150040) C rnd-1_family-66   Unknown        (350)    369     69 2435  
 1662    9.3  8.0  1.1  contig_31_pilon   779187  779448 (2149651) + rnd-1_family-2    Unknown            1    280    (1) 2436  
  573   23.3  7.3  1.0  contig_31_pilon   790124  790314 (2138785) + rnd-2_family-194  Unknown           14    216    (0) 2437  
  349   13.8 19.4  5.7  contig_31_pilon   796769  796876 (2132223) + rnd-2_family-80   Unknown            1    122   (18) 2438  
 1016   14.1  1.6  1.6  contig_31_pilon   796877  797064 (2132035) C rnd-1_family-17   Unknown          (3)    226     39 2439  
  524   26.2  3.2  2.2  contig_31_pilon   801879  802153 (2126946) + rnd-1_family-3    Unknown           14    355  (364) 2440  
  339   25.4  1.8  0.0  contig_31_pilon   802438  802547 (2126552) C rnd-2_family-436  Unknown         (57)    154     43 2441  
  502   12.5  0.0  2.5  contig_31_pilon   802759  802840 (2126259) + rnd-1_family-2    Unknown            1     80  (201) 2442 *
 1634   13.4  1.8  1.8  contig_31_pilon   802833  803112 (2125987) C rnd-1_family-2    Unknown          (0)    281      2 2443  
 1628    7.0  0.0  0.0  contig_31_pilon   803120  803332 (2125767) + rnd-1_family-2    Unknown           69    281    (0) 2442  
 1934   24.9  7.4  3.8  contig_31_pilon   804943  805673 (2123426) + rnd-2_family-149  Unknown           17    772   (40) 2444  
 1188   15.8  0.0 10.6  contig_31_pilon   807946  808164 (2120935) C rnd-1_family-37   Unknown          (0)    198      1 2445  
  260   17.9  0.0  0.0  contig_31_pilon   808138  808176 (2120923) + rnd-1_family-37   Unknown          154    192    (6) 2446 *
  466   20.4 11.7  0.7  contig_31_pilon   808192  808319 (2120780) C rnd-2_family-26   Unknown         (69)    256    115 2447  
 2408   18.4  0.0  0.3  contig_31_pilon   808872  809264 (2119835) + rnd-2_family-1080 Unknown            1    392    (0) 2448  
 1088   20.7  0.5  0.9  contig_31_pilon   809508  809726 (2119373) C rnd-1_family-97   Unknown       (1343)   3276   3059 2449  
  361   24.2  4.4  0.0  contig_31_pilon   814087  814177 (2114922) C rnd-1_family-97   Unknown       (1351)   3268   3174 2450  
  436   29.9  0.0  0.8  contig_31_pilon   815190  815324 (2113775) + rnd-1_family-97   Unknown         3061   3194 (1425) 2451  
 1401   21.4  7.9  0.9  contig_31_pilon   822000  822490 (2106609) + rnd-3_family-9    Unknown           32    556   (36) 2452  
  540   25.0  3.3  0.0  contig_31_pilon   823943  824094 (2105005) + rnd-1_family-5    Unknown          246    402  (635) 2453  
  341   20.5  0.0  0.8  contig_31_pilon   833488  833610 (2095489) C rnd-1_family-81   Unknown        (533)   2336   2215 2454  
 1388   14.6 17.0  0.0  contig_31_pilon   839452  839704 (2089395) + rnd-2_family-1080 Unknown            1    296   (96) 2455  
  582   28.1  2.5  0.0  contig_31_pilon   839705  839864 (2089235) + rnd-1_family-5    Unknown          237    400  (637) 2456  
  501   19.6  2.0  2.0  contig_31_pilon   839869  839967 (2089132) + rnd-2_family-1080 Unknown          294    392    (0) 2455  
  238   19.2  0.0  0.0  contig_31_pilon   840109  840160 (2088939) + rnd-1_family-81   Unknown         2266   2317  (552) 2457  
 1013   22.3  3.9  0.5  contig_31_pilon   841490  841696 (2087403) + rnd-1_family-97   Unknown         3063   3276 (1343) 2458  
  363   18.7 17.2  2.6  contig_31_pilon   843710  843808 (2085291) C rnd-2_family-436  Unknown         (73)    138     26 2459  
  927   17.9  1.7  8.8  contig_31_pilon   844496  844727 (2084372) + rnd-2_family-48   Unknown           12    228    (0) 2460  
  391   31.6  2.5  3.3  contig_31_pilon   844736  844980 (2084119) + rnd-2_family-50   Unknown          155    397   (99) 2461  
  732   22.8  5.3  3.5  contig_31_pilon   845128  845354 (2083745) C rnd-2_family-11   Unknown          (0)    231      1 2462  
 2577    9.4  0.8  1.9  contig_31_pilon   845713  846080 (2083019) + rnd-1_family-8    Unknown            1    364   (52) 2463  
  226    9.7  0.0  0.0  contig_31_pilon   846146  846176 (2082923) + rnd-1_family-8    Unknown          334    364   (52) 2463  
  233   12.1  0.0  0.0  contig_31_pilon   846213  846245 (2082854) + rnd-1_family-8    Unknown          333    365   (51) 2463 *
  238    9.4  0.0  0.0  contig_31_pilon   846240  846271 (2082828) + rnd-1_family-8    Unknown          333    364   (52) 2464  
  238    9.4  0.0  0.0  contig_31_pilon   846281  846312 (2082787) + rnd-1_family-8    Unknown          333    364   (52) 2464  
  238    9.4  0.0  0.0  contig_31_pilon   846322  846353 (2082746) + rnd-1_family-8    Unknown          333    364   (52) 2464  
  237   12.1  0.0  0.0  contig_31_pilon   846363  846395 (2082704) + rnd-1_family-8    Unknown          333    365   (51) 2464  
  238    9.4  0.0  0.0  contig_31_pilon   846417  846448 (2082651) + rnd-1_family-8    Unknown          333    364   (52) 2465  
  597    9.8  0.0  0.0  contig_31_pilon   846460  846541 (2082558) + rnd-1_family-8    Unknown          334    415    (1) 2465  
  335   26.5  2.3  7.2  contig_31_pilon   848531  848705 (2080394) C rnd-2_family-323  Unknown         (71)    308    142 2466  
 1719    9.3  0.0  0.9  contig_31_pilon   849000  849226 (2079873) + rnd-1_family-17   Unknown            1    225    (4) 2467  
  323   20.9  6.0  0.0  contig_31_pilon   853400  853466 (2075633) C rnd-1_family-97   Unknown       (1345)   3274   3204 2468  
  730   18.1  4.7  1.7  contig_31_pilon   854993  855161 (2073938) C rnd-2_family-26   Unknown         (53)    272     99 2469  
 1501   18.5  5.2  0.6  contig_31_pilon   863578  863943 (2065156) + rnd-1_family-4    Unknown            1    213  (283) 2470  
 1629   21.6  1.7  4.7  contig_31_pilon   864020  864480 (2064619) + rnd-3_family-9    Unknown          145    592    (0) 2471  
  251   20.2 33.3  1.1  contig_31_pilon   864918  865052 (2064047) C rnd-2_family-436  Unknown          (0)    211     34 2472  
  463   22.4  2.7  0.7  contig_31_pilon   865327  865474 (2063625) + rnd-3_family-9    Unknown           40    190  (402) 2473  
 1241   22.6  3.0  0.7  contig_31_pilon   865627  865929 (2063170) + rnd-2_family-190  Unknown          138    447    (0) 2474  
  576   19.3  1.8  0.0  contig_31_pilon   866537  866645 (2062454) + rnd-2_family-26   Unknown          165    275   (50) 2475  
  632   16.1 21.1  3.3  contig_31_pilon   869373  869552 (2059547) C rnd-2_family-436  Unknown          (0)    211      1 2476  
 1487    7.8  0.0  0.0  contig_31_pilon   872465  872656 (2056443) C rnd-1_family-79   Unknown          (0)    192      1 2477  
  400   29.1  3.3  2.0  contig_31_pilon   875312  875462 (2053637) C rnd-1_family-5    Unknown        (648)    389    237 2478 *
  893   23.8  2.4  0.5  contig_31_pilon   875450  875656 (2053443) C rnd-3_family-57   Unknown        (244)   1013    803 2479  
  621   26.6  2.9  1.1  contig_31_pilon   875723  875893 (2053206) + rnd-3_family-57   Unknown          583    756  (501) 2480  
  859   27.8  2.5  1.4  contig_31_pilon   875969  876242 (2052857) + rnd-3_family-57   Unknown          819   1095  (162) 2480  
  333   31.9  4.2  0.0  contig_31_pilon   876277  876420 (2052679) C rnd-1_family-5    Unknown        (656)    381    232 2481  
  568   24.5  4.4  4.7  contig_31_pilon   876668  876988 (2052111) C rnd-2_family-50   Unknown         (89)    407     88 2482  
 2795   19.2  3.8  0.2  contig_31_pilon   877023  877575 (2051524) C rnd-2_family-247  Unknown          (5)   1223    651 2483  
 2096   17.0  6.1  3.5  contig_31_pilon   877627  878066 (2051033) C rnd-2_family-247  Unknown        (576)    652    202 2483  
 2159   14.9  7.8  0.7  contig_31_pilon   884919  885317 (2043782) + rnd-2_family-247  Unknown          226    652  (576) 2484  
  688   19.2  5.3  0.0  contig_31_pilon   885369  885519 (2043580) + rnd-2_family-247  Unknown          651    809  (419) 2484  
 2069   19.6  4.8  0.4  contig_31_pilon   885843  886282 (2042817) + rnd-2_family-247  Unknown          764   1222    (6) 2485  
12856    6.5  1.4  2.2  contig_31_pilon   888083  889804 (2039295) + rnd-1_family-89   DNA/TcMar-Tc1      1   1710    (0) 2486  
 8004   10.4  0.0  0.7  contig_31_pilon   889813  890905 (2038194) C rnd-1_family-30   DNA/TcMar-Tc1    (4)   1085      1 2487  
 1274    9.3  0.0  3.8  contig_31_pilon   890929  891118 (2037981) + rnd-1_family-30   DNA/TcMar-Tc1    905   1087    (2) 2488  
  227   30.6  5.3  2.6  contig_31_pilon   897603  897716 (2031383) + rnd-2_family-26   Unknown           49    165  (160) 2489  
 3816    8.8  1.4  0.0  contig_31_pilon   901634  902131 (2026968) + rnd-1_family-58   Unknown            1    505    (1) 2490  
 2952    9.8  0.8  0.2  contig_31_pilon   902144  902541 (2026558) C rnd-1_family-11   Unknown          (0)    400      1 2491  
 1160   15.7  0.5  0.5  contig_31_pilon   902539  902724 (2026375) + rnd-1_family-37   Unknown           12    197    (1) 2492 *
 1707   18.1 10.7  3.5  contig_31_pilon   903018  903521 (2025578) C rnd-3_family-9    Unknown          (4)    588     50 2493  
  619   19.3 16.1  5.0  contig_31_pilon   903581  903798 (2025301) C rnd-2_family-19   Unknown          (3)    241      1 2494  
 2569   10.3  0.6  0.6  contig_31_pilon   910163  910524 (2018575) + rnd-1_family-8    Unknown            4    365   (51) 2495  
  248    5.1  2.2  0.0  contig_31_pilon   910532  910577 (2018522) + rnd-1_family-8    Unknown          333    365   (51) 2496  
  501    8.7  1.4  0.0  contig_31_pilon   910600  910668 (2018431) + rnd-1_family-8    Unknown          334    403   (13) 2496  
 1271   20.0  1.1  4.7  contig_31_pilon   911004  911287 (2017812) C rnd-2_family-149  Unknown         (41)    771    498 2497 *
 1321   22.9  3.1  0.9  contig_31_pilon   911287  911608 (2017491) C rnd-2_family-149  Unknown        (471)    341     13 2497  
 1031   13.5 14.1  0.0  contig_31_pilon   917789  917973 (2011126) + rnd-2_family-436  Unknown            1    211    (0) 2498  
  391   18.5 15.2  0.0  contig_31_pilon   918354  918445 (2010654) + rnd-2_family-251  Unknown            7    112   (37) 2499  
 1630    9.9  0.0  0.9  contig_31_pilon   925003  925227 (2003872) + rnd-1_family-17   Unknown            1    223    (6) 2500  
 9688   12.4  1.1  0.4  contig_31_pilon   925281  926702 (2002397) + rnd-1_family-90   Unknown            4   1435 (1009) 2501  
 3838   11.4  0.0  0.4  contig_31_pilon   926715  927240 (2001859) C rnd-1_family-90   Unknown       (1913)    531      8 2502  
  240   20.8  0.0  2.1  contig_31_pilon   939316  939364 (1989735) + rnd-1_family-86   Unknown           51     98  (689) 2503  
  243   16.4 34.2  0.0  contig_31_pilon   950237  950309 (1978790) C rnd-2_family-26   Unknown         (51)    274    177 2504  
 1948   19.1  2.1  4.0  contig_31_pilon   952158  952670 (1976429) + rnd-3_family-9    Unknown           35    538   (54) 2505  
 2358   17.5  2.4  3.9  contig_31_pilon   953096  953560 (1975539) + rnd-1_family-52   Unknown            1    458    (0) 2506  
 1322   12.0  0.0  0.0  contig_31_pilon   968123  968313 (1960786) + rnd-1_family-30   DNA/TcMar-Tc1    899   1089    (0) 2507  
 2828    8.0  2.2  1.2  contig_31_pilon   968319  968721 (1960378) C rnd-1_family-89   DNA/TcMar-Tc1    (0)   1710   1304 2508  
 8885    7.7  2.6  0.2  contig_31_pilon   968735  969924 (1959175) C rnd-1_family-89   DNA/TcMar-Tc1  (492)   1218      1 2508  
  334   22.9  2.4 15.3  contig_31_pilon   970305  970510 (1958589) C rnd-2_family-399  Unknown          (7)    225     43 2509  
  781   22.3 11.8  1.2  contig_31_pilon   970920  971283 (1957816) C rnd-2_family-50   Unknown         (94)    402      1 2510  
  558   27.3  8.9  7.6  contig_31_pilon   971086  971489 (1957610) + rnd-2_family-272  Unknown          254    662 (7409) 2511 *
  427   31.9  4.8  1.8  contig_31_pilon   971270  971646 (1957453) C rnd-1_family-66   Unknown        (195)    524    137 2512 *
  735   15.8 13.6  1.7  contig_31_pilon   981115  981269 (1947830) C rnd-2_family-436  Unknown          (0)    211     39 2513  
 1293   14.9  0.5  0.0  contig_31_pilon   984856  985050 (1944049) C rnd-1_family-37   Unknown          (2)    196      1 2514  
  475   26.9  0.0  5.9  contig_31_pilon   984908  985069 (1944030) + rnd-1_family-2    Unknown          129    281    (0) 2515 *
  723   26.9  2.3  2.3  contig_31_pilon   985208  985511 (1943588) C rnd-2_family-50   Unknown        (107)    389     86 2516  
 3173    7.5  0.0  4.1  contig_31_pilon   986507  986936 (1942163) + rnd-1_family-8    Unknown            2    414    (2) 2517  
 2139   15.7 11.4  2.1  contig_31_pilon   990711  991361 (1937738) + rnd-2_family-270  Unknown           70    779    (0) 2518  
 1086   11.3  0.0  0.0  contig_31_pilon   992900  993058 (1936041) + rnd-1_family-20   Unknown            1    159    (1) 2519  
  680    6.2  0.0  0.0  contig_31_pilon   993254  993334 (1935765) C rnd-1_family-16   Unknown          (2)    244    164 2520  
 1853    8.2  1.2  0.0  contig_31_pilon   993335  993577 (1935522) C rnd-1_family-16   Unknown          (0)    246      1 2521  
 1245    8.9  0.0  3.0  contig_31_pilon   993578  993750 (1935349) C rnd-1_family-16   Unknown         (78)    168      1 2520  
  267   28.6  5.9  2.1  contig_31_pilon   996633  996768 (1932331) + rnd-2_family-26   Unknown           49    189  (136) 2522  
  952   24.4  3.6  1.9  contig_31_pilon   996973  997328 (1931771) C rnd-2_family-50   Unknown        (127)    369      8 2523  
  231   25.2  4.9  6.6  contig_31_pilon   999806  999928 (1929171) + ltr-1_family-34   LTR/Copia       1222   1342 (2904) 2524  
  906   20.7  2.9  1.9  contig_31_pilon  1001914 1002120 (1926979) C rnd-2_family-149  Unknown        (539)    273     65 2525  
 1936    8.1  0.0  0.0  contig_31_pilon  1002121 1002366 (1926733) C rnd-1_family-16   Unknown          (0)    246      1 2526  
 2085   15.7  3.1  8.9  contig_31_pilon  1003235 1003648 (1925451) + rnd-2_family-1080 Unknown            1    392    (0) 2527  
  968    5.1  0.0  0.0  contig_31_pilon  1006434 1006550 (1922549) C rnd-1_family-36   Unknown          (0)    255    139 2528  
  417   19.6  2.1  5.3  contig_31_pilon  1007235 1007331 (1921768) + rnd-3_family-331  Unknown            2     95    (2) 2529  
  541   17.6  9.2  2.9  contig_31_pilon  1007353 1007516 (1921583) + rnd-2_family-26   Unknown          138    311   (14) 2530  
 1165   15.9  0.5  1.5  contig_31_pilon  1010905 1011102 (1917997) + rnd-1_family-17   Unknown           30    225    (4) 2531  
 1289   19.8  2.8  0.0  contig_31_pilon  1017943 1018189 (1910910) C rnd-1_family-97   Unknown       (1325)   3294   3041 2532  
  700   22.1  2.9  7.0  contig_31_pilon  1027977 1028185 (1900914) + rnd-2_family-48   Unknown           18    218   (10) 2533  
  474   22.6  5.8  5.3  contig_31_pilon  1028293 1028567 (1900532) C rnd-2_family-272  Unknown       (7537)    534    250 2534  
  430   21.3  2.8  8.3  contig_31_pilon  1028361 1028575 (1900524) + rnd-2_family-50   Unknown            1    204  (292) 2535 *
  427   22.6  2.3 16.1  contig_31_pilon  1028598 1028950 (1900149) + rnd-2_family-153  Unknown          291    601  (148) 2536  
  343   25.9 11.4  0.7  contig_31_pilon  1029393 1029524 (1899575) C rnd-1_family-5    Unknown        (654)    383    238 2537 *
  370   25.9  5.2  2.0  contig_31_pilon  1029495 1029687 (1899412) C rnd-3_family-9    Unknown        (336)    256     58 2538  
  237   26.4  5.3  3.1  contig_31_pilon  1029713 1029806 (1899293) C rnd-2_family-110  Unknown        (629)    178     83 2539  
 1160   15.6  4.3  0.0  contig_31_pilon  1029861 1030046 (1899053) + rnd-1_family-37   Unknown            5    198    (0) 2540  
  306   25.8  0.0  0.0  contig_31_pilon  1030050 1030115 (1898984) C rnd-2_family-110  Unknown        (731)     76     11 2539  
 1466    9.2 18.0  0.4  contig_31_pilon  1030863 1031101 (1897998) + rnd-1_family-2    Unknown            1    281    (0) 2541  
  453   25.1 11.7  1.3  contig_31_pilon  1031139 1031275 (1897824) C rnd-1_family-2    Unknown          (1)    280    130 2542 *
  986   15.9 12.5  0.0  contig_31_pilon  1031155 1031330 (1897769) + rnd-1_family-37   Unknown            1    198    (0) 2543  
 1292   16.1  0.5  0.0  contig_31_pilon  1034578 1034800 (1894299) C rnd-1_family-17   Unknown          (5)    224      1 2544  
 1214   12.7  0.5  1.5  contig_31_pilon  1034828 1035027 (1894072) + rnd-1_family-37   Unknown            1    198    (0) 2545  
  235   22.9  0.9 12.8  contig_31_pilon  1035203 1035307 (1893792) + rnd-2_family-11   Unknown            2     95  (136) 2546  
  374   18.6 15.0  1.7  contig_31_pilon  1040976 1041128 (1887971) C rnd-2_family-108  Unknown         (22)    279    107 2547  
  286   22.7  2.2  3.3  contig_31_pilon  1041132 1041222 (1887877) + rnd-2_family-108  Unknown           41    130  (171) 2548  
  226   13.0  0.0  0.0  contig_31_pilon  1066901 1066969 (1862130) + rnd-1_family-25   Unknown          674    742 (1174) 2549  
  502   23.2  3.3  0.5  contig_31_pilon  1069310 1069491 (1859608) + rnd-2_family-50   Unknown            4    190  (306) 2550  
  363   25.1  6.8  2.0  contig_31_pilon  1071672 1071862 (1857237) C rnd-2_family-270  Unknown        (165)    614    415 2551  
  416   26.1  0.7  0.7  contig_31_pilon  1075187 1075329 (1853770) C rnd-1_family-30   DNA/TcMar-Tc1  (385)    704    562 2552  
 2980   10.1  0.2  0.2  contig_31_pilon  1084960 1085375 (1843724) + rnd-1_family-8    Unknown            1    416    (0) 2553  
  616   30.4  1.7  2.6  contig_31_pilon  1094807 1095157 (1833942) + rnd-3_family-399  Unknown          561    908   (35) 2554  
  366   26.8  6.5  7.3  contig_31_pilon  1094974 1095235 (1833864) C rnd-3_family-399  Unknown        (683)    260      1 2555 *
 1218    8.1  0.0  6.9  contig_31_pilon  1097007 1097191 (1831908) + rnd-1_family-11   Unknown          228    400    (0) 2556  
 1615   14.4 10.4  0.6  contig_31_pilon  1106377 1106740 (1822359) C rnd-1_family-11   Unknown          (0)    400      1 2557  
  283   31.1  3.2  4.1  contig_31_pilon  1106737 1106860 (1822239) + rnd-2_family-251  Unknown           26    148    (1) 2558 *
 2463   12.4  2.0  0.6  contig_31_pilon  1106932 1107289 (1821810) + rnd-1_family-8    Unknown            2    364   (52) 2559  
  226   10.6  0.0  0.0  contig_31_pilon  1107301 1107346 (1821753) + rnd-1_family-8    Unknown          334    365   (51) 2559  
  256    3.2  0.0  0.0  contig_31_pilon  1107659 1107689 (1821410) + rnd-1_family-8    Unknown          334    364   (52) 2559  
  245    6.5  0.0  0.0  contig_31_pilon  1107701 1107731 (1821368) + rnd-1_family-8    Unknown          334    364   (52) 2559  
  232   12.1  0.0  0.0  contig_31_pilon  1107810 1107842 (1821257) + rnd-1_family-8    Unknown          333    365   (51) 2559  
  735    2.4  0.0  0.0  contig_31_pilon  1107852 1107934 (1821165) + rnd-1_family-8    Unknown          334    416    (0) 2559  
  500   25.9  2.2  2.6  contig_31_pilon  1124661 1124936 (1804163) + rnd-1_family-3    Unknown            1    377  (342) 2560  
  227   12.1  0.0  0.0  contig_31_pilon  1124974 1125006 (1804093) C rnd-1_family-37   Unknown          (0)    198    166 2561  
 1706    5.4  0.4  1.8  contig_31_pilon  1125657 1125882 (1803217) + rnd-1_family-17   Unknown            1    223    (6) 2562  
  679   18.9  9.2  2.2  contig_31_pilon  1126104 1126276 (1802823) + rnd-2_family-247  Unknown           70    254  (974) 2563  
 1561   21.1  1.0  8.1  contig_31_pilon  1126302 1126713 (1802386) + rnd-2_family-247  Unknown          206    590  (638) 2564  
  242   17.2  1.6  0.0  contig_31_pilon  1126738 1126801 (1802298) + rnd-2_family-247  Unknown          579    643  (585) 2564  
  335   31.8  3.2  0.0  contig_31_pilon  1126885 1127010 (1802089) C rnd-1_family-5    Unknown        (665)    372    243 2565  
 2171   23.6  1.2  0.2  contig_31_pilon  1127017 1127526 (1801573) + rnd-2_family-247  Unknown          707   1221    (7) 2564  
  704   27.0  3.6  1.1  contig_31_pilon  1128376 1128652 (1800447) C rnd-2_family-270  Unknown        (151)    628    345 2566  
 1627   23.2  1.4  4.4  contig_31_pilon  1128772 1129267 (1799832) C rnd-3_family-333  Unknown          (4)    705    224 2567  
 6308    7.4  0.6  0.5  contig_31_pilon  1129283 1130120 (1798979) C rnd-1_family-77   Unknown       (1074)   1676    838 2568  
  601   24.7  1.6  1.6  contig_31_pilon  1130338 1130526 (1798573) C rnd-3_family-333  Unknown        (520)    189      1 2567  
 1907   12.9  0.0  7.5  contig_31_pilon  1130826 1131127 (1797972) + rnd-1_family-2    Unknown            1    281    (0) 2569  
 1601   11.0  0.0  0.9  contig_31_pilon  1131522 1131751 (1797348) + rnd-1_family-17   Unknown            1    228    (1) 2570  
  599   22.2 13.7  1.2  contig_31_pilon  1133907 1134125 (1794974) C rnd-2_family-26   Unknown         (48)    277     32 2571  
 2086   14.7  8.8  1.8  contig_31_pilon  1134249 1134658 (1794441) + rnd-3_family-57   Unknown          772   1209   (48) 2572  
 1367   11.9  0.0  0.0  contig_31_pilon  1134949 1135142 (1793957) + rnd-1_family-69   Unknown           17    210    (6) 2573  
 1435   21.8  4.0  5.8  contig_31_pilon  1135812 1136215 (1792884) + rnd-3_family-57   Unknown          840   1236   (21) 2574  
  306   28.9  2.6  0.8  contig_31_pilon  1136995 1137109 (1791990) C rnd-2_family-26   Unknown        (126)    199     83 2575  
 1971    5.7  0.0  0.8  contig_31_pilon  1137228 1137476 (1791623) C rnd-1_family-36   Unknown          (0)    255      9 2576  
 1507   12.7  0.4  1.8  contig_31_pilon  1137473 1137704 (1791395) C rnd-1_family-17   Unknown          (0)    229      1 2577 *
 1206   13.1 18.5  0.4  contig_31_pilon  1141186 1141423 (1787676) + rnd-1_family-2    Unknown            1    281    (0) 2578  
  613   23.4  0.6  0.6  contig_31_pilon  1147788 1147946 (1781153) + rnd-2_family-194  Unknown            3    161   (55) 2579  
  369   12.9 14.3  0.0  contig_31_pilon  1148156 1148225 (1780874) + rnd-2_family-399  Unknown          148    227    (5) 2580  
  350   21.3 18.7  0.7  contig_31_pilon  1148259 1148381 (1780718) + rnd-2_family-251  Unknown            1    145    (4) 2581  
 1087   21.2  0.4  4.6  contig_31_pilon  1153181 1153407 (1775692) C rnd-2_family-149  Unknown         (78)    734    517 2582  
  693   17.2  3.9  0.8  contig_31_pilon  1154357 1154485 (1774614) C rnd-2_family-149  Unknown        (663)    149     17 2582  
 1380   18.5  6.0  0.7  contig_31_pilon  1155994 1156260 (1772839) + rnd-1_family-2    Unknown            1    281    (0) 2583  
 1601   12.0  0.4  0.0  contig_31_pilon  1156397 1156621 (1772478) C rnd-1_family-48   Unknown          (0)    232      7 2584  
  353   21.0  3.0  9.7  contig_31_pilon  1156619 1156750 (1772349) C rnd-2_family-26   Unknown        (123)    202     79 2585 *
  256   18.4  0.0  0.0  contig_31_pilon  1157081 1157129 (1771970) C rnd-3_family-331  Unknown         (48)     49      1 2586  
 1596   17.2 11.4  3.5  contig_31_pilon  1157729 1158278 (1770821) C rnd-2_family-153  Unknown        (157)    592      1 2587  
  383   25.3  2.7  2.7  contig_31_pilon  1158332 1158514 (1770585) C rnd-2_family-50   Unknown        (311)    185      3 2588  
  432   27.4  2.1  3.5  contig_31_pilon  1166634 1166777 (1762322) C rnd-2_family-26   Unknown         (53)    272    131 2589  
  686   24.7  0.6  0.0  contig_31_pilon  1166979 1167140 (1761959) + rnd-2_family-48   Unknown           13    175   (53) 2590  
  502   27.1  2.3  9.4  contig_31_pilon  1167480 1167830 (1761269) C rnd-2_family-272  Unknown       (7397)    674    347 2591  
  403   29.3  9.9  1.7  contig_31_pilon  1168491 1168712 (1760387) C rnd-2_family-26   Unknown         (59)    266     27 2592  
  477   26.6  2.9  0.0  contig_31_pilon  1168801 1168939 (1760160) + rnd-2_family-26   Unknown          122    264   (61) 2593 *
 2693   10.8  0.0  0.3  contig_31_pilon  1168936 1169297 (1759802) + rnd-1_family-8    Unknown            4    364   (52) 2594  
  263    4.6  0.0  0.7  contig_31_pilon  1169309 1169465 (1759634) + rnd-1_family-8    Unknown          333    364   (52) 2594 *
  429   10.6  0.0  4.5  contig_31_pilon  1169463 1169531 (1759568) + rnd-1_family-8    Unknown          334    399   (17) 2594  
 3345    7.2  0.0  0.5  contig_31_pilon  1172109 1172525 (1756574) + rnd-1_family-8    Unknown            2    416    (0) 2595  
  990   24.1  2.2  0.0  contig_31_pilon  1173383 1173606 (1755493) C rnd-1_family-97   Unknown       (1342)   3277   3049 2596  
  734   20.0  0.0  0.0  contig_31_pilon  1173684 1173813 (1755286) C rnd-3_family-310  Unknown          (0)    552    423 2597  
 1262   20.2  0.0  0.0  contig_31_pilon  1182157 1182384 (1746715) + rnd-1_family-97   Unknown         3050   3277 (1342) 2598  
  263   23.4  4.5  7.4  contig_31_pilon  1208893 1209003 (1720096) C rnd-2_family-26   Unknown         (91)    234    127 2599  
  350   20.6  1.8 20.4  contig_31_pilon  1209008 1209117 (1719982) C rnd-3_family-331  Unknown          (1)     96      4 2600  
 1547    6.3 17.3  1.4  contig_31_pilon  1212827 1213069 (1716030) C rnd-1_family-2    Unknown          (0)    281      1 2601  
 3072   12.1  0.2  1.1  contig_31_pilon  1213577 1214036 (1715063) C rnd-1_family-52   Unknown          (0)    458      3 2602  
  663   27.9 12.6  2.2  contig_31_pilon  1214218 1214550 (1714549) + rnd-2_family-149  Unknown          406    772   (40) 2603  
  406   26.9  1.5  1.5  contig_31_pilon  1215202 1215337 (1713762) + rnd-2_family-270  Unknown          409    544  (235) 2604  
  344   28.5  0.5 13.2  contig_31_pilon  1215624 1215837 (1713262) + rnd-2_family-195  Unknown          263    452  (100) 2605  
  442   30.2  4.8  1.3  contig_31_pilon  1215910 1216137 (1712962) C rnd-1_family-66   Unknown        (257)    462    227 2606  
  581   16.4 22.5  2.5  contig_31_pilon  1216217 1216385 (1712714) C rnd-1_family-69   Unknown          (6)    210      9 2607  
 1269   18.5  1.3  0.4  contig_31_pilon  1216648 1216875 (1712224) + rnd-1_family-97   Unknown         3048   3277 (1342) 2608  
 7580   15.2  1.8  0.6  contig_31_pilon  1222718 1223980 (1705119) + ltr-1_family-6    LTR/Gypsy       8138   9415 (3987) 2609  
 1638   13.7  0.0  1.2  contig_31_pilon  1223991 1224248 (1704851) + rnd-1_family-36   Unknown            1    255    (0) 2610  
10750   18.6  0.2  2.0  contig_31_pilon  1224276 1226281 (1702818) + rnd-1_family-47   LTR/Gypsy       1268   3238 (2402) 2611  
 1576   25.2  7.5  2.4  contig_31_pilon  1235382 1235943 (1693156) + rnd-2_family-149  Unknown            5    594  (218) 2612  
  787   22.9  0.5  5.7  contig_31_pilon  1237276 1237460 (1691639) + rnd-2_family-149  Unknown          589    764   (48) 2612  
  518   33.9  5.1  5.9  contig_31_pilon  1238592 1239243 (1689856) + rnd-2_family-156  DNA/TcMar-Tc1    630   1276  (318) 2613  
 1518   22.7  2.2  1.3  contig_31_pilon  1240933 1241383 (1687716) C rnd-3_family-9    Unknown         (62)    530     76 2614  
  333   28.6  1.2  0.0  contig_31_pilon  1241388 1241471 (1687628) C rnd-3_family-9    Unknown        (476)    116     32 2615  
  238   31.5  2.6  2.0  contig_31_pilon  1256443 1256473 (1672626) C rnd-2_family-195  Unknown        (145)    407    257 2616  
  271   27.3  3.4  1.6  contig_31_pilon  1256474 1256592 (1672507) + rnd-2_family-50   Unknown           74    194  (302) 2617  
  371   31.1  2.2  1.5  contig_31_pilon  1260166 1260299 (1668800) C rnd-1_family-5    Unknown        (640)    397    263 2618  
  271   25.7  1.9  6.1  contig_31_pilon  1264619 1264791 (1664308) C rnd-1_family-81   Unknown        (530)   2339   2204 2619  
 1217    8.8  0.0  0.0  contig_31_pilon  1267297 1267456 (1661643) + rnd-1_family-20   Unknown            1    160    (0) 2620  
  986   12.0  1.2  1.2  contig_31_pilon  1267501 1267660 (1661439) C rnd-1_family-20   Unknown          (0)    160      1 2621  
 1169    7.1  0.0  0.0  contig_31_pilon  1268063 1268217 (1660882) + rnd-1_family-20   Unknown            6    160    (0) 2622  
 1092   22.8  4.3  9.3  contig_31_pilon  1275915 1276398 (1652701) C rnd-2_family-50   Unknown         (34)    462      1 2623  
  747   25.1  1.2 16.6  contig_31_pilon  1276042 1276633 (1652466) + rnd-2_family-195  Unknown          131    666 (7405) 2624 *
  399   32.7  6.6  2.9  contig_31_pilon  1276430 1276731 (1652368) C rnd-1_family-66   Unknown        (215)    504    192 2625 *
  425   31.1  5.6  9.0  contig_31_pilon  1285753 1286109 (1642990) C rnd-1_family-97   Unknown       (2064)   2555   2210 2626  
  391   31.4  7.1  1.3  contig_31_pilon  1287538 1287773 (1641326) + ltr-1_family-23   LTR/Copia       3325   3521 (6488) 2627  
 2727   29.6  2.9  1.1  contig_31_pilon  1288317 1289295 (1639804) + ltr-1_family-19   LTR/Copia       2665   3660  (826) 2628  
  256   21.1  1.1  0.0  contig_31_pilon  1289269 1289358 (1639741) + rnd-1_family-81   Unknown         2212   2302  (567) 2629 *
  696   29.8  0.5  0.5  contig_31_pilon  1289357 1289572 (1639527) + ltr-1_family-19   LTR/Copia       3670   3885  (601) 2628  
  427   24.8  1.2 15.1  contig_31_pilon  1290555 1290720 (1638379) + ltr-1_family-19   LTR/Copia       3618   3763  (723) 2630  
  310   16.2  8.7  1.4  contig_31_pilon  1300636 1300704 (1628395) C rnd-2_family-436  Unknown        (137)     74      1 2631  
  694   18.4  3.4  1.3  contig_31_pilon  1301605 1301753 (1627346) + rnd-2_family-26   Unknown          116    267   (58) 2632  
 1145   18.1  1.4  1.4  contig_31_pilon  1308120 1308327 (1620772) + rnd-1_family-97   Unknown         3069   3276 (1343) 2633  
 2009   18.0  1.7  8.8  contig_31_pilon  1308750 1309345 (1619754) C rnd-3_family-9    Unknown          (0)    592     36 2634  
  914   15.3  0.0  0.0  contig_31_pilon  1310792 1310941 (1618158) C rnd-1_family-20   Unknown          (0)    160     11 2635  
 7779   11.9  2.2  0.2  contig_31_pilon  1317030 1318261 (1610838) + rnd-3_family-57   Unknown            1   1257    (0) 2636  
  921   15.4 12.0  0.0  contig_31_pilon  1328155 1328329 (1600770) C rnd-1_family-37   Unknown          (0)    198      3 2637  
  406   18.2  9.0 11.8  contig_31_pilon  1328210 1328365 (1600734) + rnd-1_family-2    Unknown          130    281    (0) 2638 *
 2920   11.3  0.7  0.4  contig_31_pilon  1328687 1329141 (1599958) C rnd-1_family-52   Unknown          (0)    458      3 2639  
 2888    9.1  0.5  0.5  contig_31_pilon  1329296 1329702 (1599397) C rnd-1_family-8    Unknown          (0)    416     10 2640  
  565   25.8  0.0  2.2  contig_31_pilon  1330080 1330218 (1598881) + rnd-2_family-80   Unknown            1    136    (4) 2641  
  268   20.0  0.0  0.0  contig_31_pilon  1330182 1330231 (1598868) C rnd-2_family-80   Unknown         (82)     58      9 2642 *
  662   27.1  2.7  0.5  contig_31_pilon  1330681 1330899 (1598200) + rnd-2_family-11   Unknown            2    225    (6) 2643  
  263   29.6 10.8  5.6  contig_31_pilon  1331767 1332006 (1597093) + rnd-1_family-2    Unknown            3    254   (27) 2644  
 1008   17.7  0.0  2.7  contig_31_pilon  1332007 1332008 (1597091) C rnd-1_family-37   Unknown          (0)    195      7 2645  
  730   25.1  0.0  2.8  contig_31_pilon  1332913 1333133 (1595966) C rnd-2_family-194  Unknown          (1)    215      1 2646  
 1483   10.1  0.4  1.8  contig_31_pilon  1334319 1334550 (1594549) + rnd-1_family-17   Unknown            1    229    (0) 2647  
 1396   13.8  0.4  0.9  contig_31_pilon  1334760 1334986 (1594113) C rnd-1_family-17   Unknown          (3)    226      1 2648  
 2813   12.3  6.5  1.0  contig_31_pilon  1338867 1339342 (1589757) C rnd-1_family-58   Unknown          (4)    502      1 2649  
 1454   12.0  0.4  0.4  contig_31_pilon  1339437 1339662 (1589437) C rnd-1_family-17   Unknown          (3)    226      1 2650  
 1975   14.6 10.8  0.8  contig_31_pilon  1354888 1355249 (1573850) C rnd-1_family-11   Unknown          (2)    398      1 2651  
 2120   15.3  1.6  0.0  contig_31_pilon  1355397 1355769 (1573330) C rnd-2_family-323  Unknown          (0)    379      1 2652  
 1406   13.4  0.9  0.4  contig_31_pilon  1365508 1365731 (1563368) + rnd-1_family-17   Unknown            5    229    (0) 2653  
  261   28.4  8.9  2.0  contig_31_pilon  1366719 1366908 (1562191) + rnd-2_family-26   Unknown           26    228   (97) 2654  
 1684   21.6  8.6  4.1  contig_31_pilon  1371250 1371854 (1557245) + rnd-3_family-57   Unknown          126    756  (501) 2655  
 1516   24.1  2.0  1.1  contig_31_pilon  1371908 1372347 (1556752) + rnd-3_family-57   Unknown          782   1225   (32) 2655  
  643   30.0  3.1  2.2  contig_31_pilon  1377575 1377802 (1551297) C rnd-3_family-189  Unknown          (2)    394    165 2656  
  299   28.6 17.4  0.0  contig_31_pilon  1377883 1377980 (1551119) C rnd-3_family-189  Unknown        (278)    118      4 2656  
 4339    3.6  0.2  0.0  contig_31_pilon  1378306 1378806 (1550293) + rnd-1_family-58   Unknown            5    506    (0) 2657  
 1094   22.2  1.3  1.8  contig_31_pilon  1393733 1393961 (1535138) + rnd-1_family-97   Unknown         3049   3276 (1343) 2658  
 1329    9.5  0.5  5.5  contig_31_pilon  1393965 1394175 (1534924) C rnd-1_family-17   Unknown         (28)    201      1 2659  
  225   36.6  1.0  2.5  contig_31_pilon  1394992 1395193 (1533906) C rnd-1_family-43   DNA/Sola-1     (396)   2681   2483 2660  
  636   31.6  3.7  4.5  contig_31_pilon  1400020 1400779 (1528320) C rnd-1_family-57   Unknown        (111)    853     23 2661  
 1495   32.6  4.0  5.0  contig_31_pilon  1400918 1401985 (1527114) + ltr-1_family-14   LTR/Gypsy        360   1395 (3907) 2662  
  715   32.8  0.6  1.2  contig_31_pilon  1402177 1402500 (1526599) + ltr-1_family-14   LTR/Gypsy       1644   1965 (3337) 2662  
 7234   31.3  1.5  2.8  contig_31_pilon  1402830 1405878 (1523221) + ltr-1_family-14   LTR/Gypsy       2249   5259   (43) 2662  
  236   15.4  0.0  0.0  contig_31_pilon  1406536 1406574 (1522525) C rnd-2_family-26   Unknown        (120)    205    167 2663  
  232   18.6  0.0  0.0  contig_31_pilon  1406748 1406790 (1522309) C rnd-2_family-26   Unknown        (116)    209    167 2664  
  331   22.6 18.8  5.6  contig_31_pilon  1419665 1419856 (1509243) + rnd-2_family-194  Unknown            1    216    (0) 2665  
  396   31.6  3.4  2.9  contig_31_pilon  1420525 1420729 (1508370) C rnd-1_family-93   Unknown       (1733)   6006   5801 2666  
 5625   31.9  4.9  3.1  contig_31_pilon  1421026 1423939 (1505160) C rnd-1_family-64   Unknown       (2222)   4253   1289 2667  
 1865   22.3  5.3  2.0  contig_31_pilon  1424149 1424638 (1504461) C rnd-2_family-156  DNA/TcMar-Tc1 (1085)    509      4 2668  
  230   14.2  0.0 17.6  contig_31_pilon  1430458 1430517 (1498582) + rnd-1_family-2    Unknown            1     51  (230) 2669  
  317   28.3  1.0  0.0  contig_31_pilon  1431400 1431498 (1497601) C ltr-1_family-12   LTR/Gypsy       (14)   7450   7351 2670  
 1609    7.8  1.8  1.4  contig_31_pilon  1432739 1432960 (1496139) + rnd-1_family-17   Unknown            1    223    (6) 2671  
  914   10.0  0.8  0.0  contig_31_pilon  1433017 1433146 (1495953) + rnd-1_family-69   Unknown            2    132   (84) 2672  
  396   14.3  0.0  0.0  contig_31_pilon  1433151 1433239 (1495860) + rnd-1_family-69   Unknown           67    132   (84) 2673 *
  414   14.3  0.0  1.4  contig_31_pilon  1433213 1433283 (1495816) + rnd-1_family-69   Unknown           75    144   (72) 2674 *
 1003   12.8  0.0  0.0  contig_31_pilon  1433267 1433414 (1495685) + rnd-1_family-69   Unknown           67    214    (2) 2675  
  336   19.4  4.9 26.9  contig_31_pilon  1434809 1434970 (1494129) + rnd-2_family-430  Unknown         1681   1814    (0) 2676  
  482   26.4  7.6  0.0  contig_31_pilon  1436970 1437113 (1491986) C rnd-1_family-5    Unknown        (646)    391    237 2677  
  491   19.0  6.2  3.0  contig_31_pilon  1437807 1437936 (1491163) C rnd-2_family-50   Unknown         (69)    427    294 2678  
  273   22.6  5.6  4.8  contig_31_pilon  1437809 1437952 (1491147) + rnd-2_family-270  Unknown          313    457  (322) 2679 *
  363   10.4  0.0  0.0  contig_31_pilon  1448549 1448596 (1480503) + rnd-2_family-436  Unknown           12     59  (152) 2680  
  914   24.2  0.0  3.7  contig_31_pilon  1469481 1469703 (1459396) + rnd-2_family-48   Unknown            6    220    (8) 2681  
 1126   19.8  0.0  0.9  contig_31_pilon  1479018 1479231 (1449868) C rnd-2_family-194  Unknown          (4)    212      1 2682  
 2352   10.0  0.8  6.1  contig_31_pilon  1489221 1489582 (1439517) C rnd-1_family-8    Unknown          (0)    416     73 2683  
 6690    5.6  0.6  0.1  contig_31_pilon  1491289 1492128 (1436971) C rnd-1_family-77   Unknown       (1070)   1680    837 2684  
11855    2.3  0.5  0.0  contig_31_pilon  1495075 1496479 (1432620) + rnd-1_family-96   Unknown         1306   2717    (0) 2685  
  376   21.2  7.4  4.6  contig_31_pilon  1496473 1496620 (1432479) + rnd-1_family-97   Unknown         1387   1538 (3081) 2686 *
42845    0.8  0.4  0.1  contig_31_pilon  1496810 1501511 (1427588) C rnd-1_family-97   Unknown          (1)   4618      1 2687  
 1142   23.1  1.5  0.4  contig_31_pilon  1502389 1502653 (1426446) C rnd-1_family-97   Unknown       (2153)   2466   2199 2688  
42943    0.3  0.2  0.0  contig_31_pilon  1502853 1507462 (1421637) + rnd-1_family-97   Unknown            1   4619    (0) 2689  
  304   13.3  1.3  2.6  contig_31_pilon  1507591 1507668 (1421431) + rnd-1_family-69   Unknown          139    210    (6) 2690  
24661    2.1  0.9  0.6  contig_31_pilon  1508183 1511079 (1418020) C rnd-1_family-96   Unknown          (0)   2717      1 2688  
  671   20.4  0.0  0.0  contig_31_pilon  1511405 1511556 (1417543) + rnd-1_family-97   Unknown         1047   1198 (3421) 2691  
 2523    0.0  0.0  0.0  contig_31_pilon  1511557 1511836 (1417263) C ltr-1_family-24   LTR/Unknown      (0)    280      1 2692  
 2018   14.3 14.9  3.5  contig_31_pilon  1511837 1512271 (1416828) C ltr-1_family-25   LTR/Copia        (0)   4492   4008 2693 *
40207    0.1  0.0  0.0  contig_31_pilon  1512264 1516545 (1412554) C ltr-1_family-25   LTR/Copia      (210)   4282      1 2694  
 2327    2.9  0.0  0.0  contig_31_pilon  1516546 1516824 (1412275) C ltr-1_family-24   LTR/Unknown      (1)    279      1 2695  
 2801   19.1  3.6  2.0  contig_31_pilon  1516825 1517427 (1411672) + rnd-1_family-97   Unknown         1417   2029 (2590) 2691  
 1671   26.2  6.0  4.1  contig_31_pilon  1517484 1518135 (1410964) + rnd-1_family-97   Unknown         2303   2966 (1653) 2691  
  292   10.3  0.0  0.0  contig_31_pilon  1519579 1519617 (1409482) + rnd-3_family-189  Unknown            1     39  (357) 2696  
  358   21.1  1.4  0.0  contig_31_pilon  1519847 1519917 (1409182) + rnd-3_family-189  Unknown          257    328   (68) 2697  
24729    2.1  0.8  0.6  contig_31_pilon  1520618 1523517 (1405582) + rnd-1_family-96   Unknown            1   2717    (0) 2698  
  304   13.3  1.3  2.6  contig_31_pilon  1524033 1524110 (1404989) C rnd-1_family-69   Unknown          (6)    210    139 2699  
42817    1.9  0.9  0.4  contig_31_pilon  1524239 1529170 (1399929) C rnd-1_family-97   Unknown          (0)   4619      1 2700  
 1248   11.3 10.3  0.0  contig_31_pilon  1539430 1539632 (1389467) + rnd-1_family-17   Unknown            5    228    (1) 2701  
 1412   13.0  0.9  0.9  contig_31_pilon  1540781 1541005 (1388094) + rnd-1_family-17   Unknown            1    225    (4) 2702  
  368   12.1  0.0  0.0  contig_31_pilon  1541481 1541538 (1387561) + rnd-2_family-48   Unknown           20     77  (151) 2703  
  468   27.1  0.0  0.8  contig_31_pilon  1542860 1542982 (1386117) + rnd-2_family-48   Unknown           96    217   (11) 2704  
  395   29.3  1.4  2.8  contig_31_pilon  1543457 1543600 (1385499) C rnd-2_family-26   Unknown         (54)    271    130 2705  
  578   26.3  0.6  1.9  contig_31_pilon  1552085 1552247 (1376852) + rnd-1_family-97   Unknown         3115   3275 (1344) 2706  
  302   24.4  5.2  0.7  contig_31_pilon  1553475 1553610 (1375489) + rnd-2_family-270  Unknown          317    458  (321) 2707  
  235   29.2  0.0  3.8  contig_31_pilon  1570058 1570139 (1358960) + rnd-3_family-333  Unknown          466    544  (165) 2708  
  230   23.9  4.4  6.8  contig_31_pilon  1571407 1571496 (1357603) + rnd-1_family-97   Unknown         2329   2416 (2203) 2709  
  884   23.2  1.0  1.0  contig_31_pilon  1578450 1578658 (1350441) + rnd-2_family-194  Unknown            6    214    (2) 2710  
  234   28.5  3.8  3.5  contig_31_pilon  1578828 1579143 (1349956) + rnd-3_family-9    Unknown           75    391  (201) 2711  
  789   17.8 13.3  0.5  contig_31_pilon  1579849 1580029 (1349070) + rnd-2_family-436  Unknown            8    211    (0) 2712  
 1236   19.5  0.4  0.0  contig_31_pilon  1580400 1580625 (1348474) + rnd-1_family-97   Unknown         3051   3277 (1342) 2713  
  233   25.4  2.5  5.2  contig_31_pilon  1596890 1596968 (1332131) + rnd-2_family-80   Unknown           18     94   (46) 2714  
  638   23.5  0.0 11.3  contig_31_pilon  1606399 1606566 (1322533) + rnd-2_family-247  Unknown          110    260  (968) 2715  
23238    7.9  0.4  0.3  contig_31_pilon  1606615 1610068 (1319031) C rnd-1_family-43   DNA/Sola-1      (36)   3041      1 2716  
13001   12.2  0.4  0.3  contig_31_pilon  1609929 1612672 (1316427) C rnd-1_family-83   Unknown          (0)   5835   2948 2717 *
 2389   10.4  0.8  0.8  contig_31_pilon  1613276 1613643 (1315456) C rnd-1_family-83   Unknown       (2930)   2905   2538 2717  
 4901    7.9  0.0  0.7  contig_31_pilon  1614373 1615049 (1314050) C rnd-1_family-83   Unknown       (3297)   2538   1867 2717 *
 7453   13.3  2.7  1.5  contig_31_pilon  1615047 1616323 (1312776) C rnd-1_family-83   Unknown       (4536)   1299      7 2717  
  248    6.5  0.0  0.0  contig_31_pilon  1617049 1617079 (1312020) + rnd-1_family-93   Unknown         7594   7624  (115) 2718  
  227    7.1  0.0  0.0  contig_31_pilon  1617057 1617084 (1312015) + rnd-1_family-83   Unknown         4916   4943  (892) 2719 *
  241    6.7  0.0  0.0  contig_31_pilon  1617224 1617253 (1311846) + rnd-1_family-93   Unknown         7595   7624  (115) 2718  
  235    4.4  0.3 10.4  contig_31_pilon  1617228 1617270 (1311829) + rnd-1_family-82   Unknown         5058   5091   (44) 2720 *
  231    3.2  0.0  6.5  contig_31_pilon  1617477 1617509 (1311590) C rnd-1_family-93   Unknown        (158)   7581   7551 2721 *
  350   22.7  8.4  8.4  contig_31_pilon  1617486 1617639 (1311460) C rnd-1_family-93   Unknown         (44)   7695   7542 2722  
61766    6.1  0.9  0.5  contig_31_pilon  1617762 1625462 (1303637) C rnd-1_family-93   Unknown          (0)   7739      5 2723  
 4179   19.7  0.9  5.5  contig_31_pilon  1625465 1626457 (1302642) + rnd-2_family-247  Unknown          273   1222    (6) 2724  
  547   17.4  0.9  0.9  contig_31_pilon  1632638 1632747 (1296352) + rnd-3_family-399  Unknown            1    110  (833) 2725  
 1075   20.0  0.9  1.4  contig_31_pilon  1632809 1633031 (1296068) C rnd-3_family-399  Unknown         (28)    915    694 2726  
  327   17.8  9.6  0.0  contig_31_pilon  1633331 1633403 (1295696) + rnd-2_family-48   Unknown          130    209   (19) 2727  
22638    1.7  0.2  0.1  contig_31_pilon  1642507 1645011 (1284088) + rnd-1_family-39   LTR/Gypsy       2694   5201    (0) 2728 *
40527    6.4  0.8  0.5  contig_31_pilon  1642773 1647972 (1281127) C rnd-1_family-47   LTR/Gypsy        (0)   5640    422 2729  
 2087    5.5  0.0  0.0  contig_31_pilon  1649104 1649358 (1279741) + rnd-1_family-36   Unknown            1    255    (0) 2730  
 1031   33.1  5.2  4.4  contig_31_pilon  1651907 1653033 (1276066) C ltr-1_family-4    LTR/Copia      (261)   5109   3974 2731  
  955   32.2  4.7  5.3  contig_31_pilon  1653134 1654435 (1274664) C ltr-1_family-4    LTR/Copia     (3203)   2167    246 2731  
 1479   15.5  1.6  0.4  contig_31_pilon  1654990 1655241 (1273858) + rnd-1_family-36   Unknown            1    255    (0) 2732  
  431   27.3  4.4  4.4  contig_31_pilon  1657556 1657735 (1271364) + rnd-1_family-55   Unknown         2714   2853  (800) 2733  
 1469   10.9 11.3  0.0  contig_31_pilon  1666314 1666534 (1262565) + rnd-1_family-16   Unknown            1    246    (0) 2734  
 1477   29.7  4.4  2.7  contig_31_pilon  1667567 1668269 (1260830) C rnd-1_family-34   Unknown        (249)    715      1 2735  
  518   18.9  1.0  2.1  contig_31_pilon  1669015 1669111 (1259988) + rnd-3_family-331  Unknown            2     97    (0) 2736  
  619   21.2  3.6  0.0  contig_31_pilon  1669124 1669260 (1259839) + rnd-2_family-26   Unknown          136    277   (48) 2737  
 1389   22.6  1.8  1.5  contig_31_pilon  1669724 1670114 (1258985) + rnd-2_family-190  Unknown            1    392   (55) 2738  
  671   24.0  1.6 12.5  contig_31_pilon  1678591 1678838 (1250261) C rnd-2_family-11   Unknown          (7)    224      1 2739  
  302   28.4  4.4  3.1  contig_31_pilon  1678912 1679136 (1249963) + rnd-2_family-270  Unknown          357    584  (195) 2740  
  401   31.5  3.6  0.6  contig_31_pilon  1679557 1679722 (1249377) C rnd-1_family-5    Unknown        (635)    402    232 2741  
  235   31.6  4.4  3.6  contig_31_pilon  1680058 1680330 (1248769) C rnd-1_family-66   Unknown        (212)    507    233 2742  
  855   18.3  2.2 10.1  contig_31_pilon  1681443 1681667 (1247432) + rnd-2_family-194  Unknown            8    216    (0) 2743  
  226   26.4  1.4  1.4  contig_31_pilon  1682347 1682419 (1246680) + rnd-2_family-272  Unknown          585    657 (7414) 2744 *
  920   27.6  2.2  2.6  contig_31_pilon  1682367 1682679 (1246420) C rnd-1_family-66   Unknown        (368)    351     40 2745  
 1467   21.3  2.7  7.3  contig_31_pilon  1682958 1683484 (1245615) + rnd-2_family-195  Unknown           35    538   (14) 2746  
  246   25.4  6.3  4.4  contig_31_pilon  1683496 1683606 (1245493) C rnd-1_family-49   Unknown          (0)    143     31 2747 *
  403   25.4  2.6  0.0  contig_31_pilon  1683576 1683689 (1245410) C rnd-1_family-3    Unknown          (0)    117      1 2748  
 2961   12.6  0.0  0.5  contig_31_pilon  1683790 1684204 (1244895) C rnd-1_family-8    Unknown          (1)    415      3 2749  
  589   28.6  1.0  5.4  contig_31_pilon  1685464 1685655 (1243444) + rnd-1_family-97   Unknown         3093   3276 (1343) 2750  
 2797   11.8  0.0  5.3  contig_31_pilon  1694035 1694454 (1234645) + rnd-1_family-11   Unknown            2    400    (0) 2751  
  336   28.9  5.7  4.8  contig_31_pilon  1695171 1695523 (1233576) + rnd-1_family-40   Unknown            1    356   (26) 2752  
  340   15.0  0.0  0.0  contig_31_pilon  1696706 1696765 (1232334) C rnd-1_family-77   Unknown       (2677)     73     14 2753  
  238   22.2  0.0  0.0  contig_31_pilon  1696902 1696955 (1232144) C rnd-1_family-49   Unknown         (29)    114     61 2754  
 1147   17.2  0.4  2.7  contig_31_pilon  1698356 1698582 (1230517) + rnd-2_family-48   Unknown            6    227    (1) 2755  
  659   18.8 11.0  6.3  contig_31_pilon  1711091 1711272 (1217827) + rnd-2_family-194  Unknown           23    212    (4) 2756  
  250   15.0  5.4  9.9  contig_31_pilon  1712916 1712989 (1216110) + ltr-1_family-23   LTR/Copia       2335   2405 (7604) 2757  
  299   34.3  4.1  3.9  contig_31_pilon  1714506 1714969 (1214130) + ltr-1_family-34   LTR/Copia       2543   3007 (1239) 2758 *
23308   10.7  0.9  0.2  contig_31_pilon  1714967 1718210 (1210889) + ltr-1_family-6    LTR/Gypsy       8138  11401 (2001) 2759  
  449   21.6  1.0  0.0  contig_31_pilon  1719083 1719179 (1209920) + ltr-1_family-34   LTR/Copia       3834   3931  (315) 2760  
  385   34.2  2.0  0.0  contig_31_pilon  1719995 1720143 (1208956) C rnd-1_family-5    Unknown        (637)    400    249 2761  
  586   28.3  1.8  0.0  contig_31_pilon  1724306 1724471 (1204628) C rnd-1_family-97   Unknown       (1408)   3211   3043 2762  
 1263    6.9  0.0  0.0  contig_31_pilon  1724989 1725148 (1203951) + rnd-1_family-20   Unknown            1    160    (0) 2763  
  615   25.1  4.3  4.0  contig_31_pilon  1725664 1725987 (1203112) C rnd-3_family-9    Unknown        (221)    371     47 2764  
  356   25.5  0.0 11.4  contig_31_pilon  1728560 1728696 (1200403) + rnd-2_family-272  Unknown         3312   3434 (4637) 2765  
 1092   13.6  2.8  5.0  contig_31_pilon  1731323 1731569 (1197530) C rnd-3_family-399  Unknown        (287)    656    415 2766  
 1797   17.0  4.8  0.9  contig_31_pilon  1731592 1732007 (1197092) + rnd-3_family-399  Unknown          196    627  (316) 2767  
  889   17.5 14.2  1.5  contig_31_pilon  1738459 1738690 (1190409) C rnd-2_family-26   Unknown         (58)    267      7 2768  
  544   25.3  3.4  7.0  contig_31_pilon  1742855 1743062 (1186037) + rnd-2_family-26   Unknown           62    262   (63) 2769  
  479   26.6  0.7 11.0  contig_31_pilon  1751554 1751823 (1177276) C rnd-2_family-195  Unknown         (15)    537    293 2770  
 1509   12.9  0.0  0.9  contig_31_pilon  1752024 1752250 (1176849) C rnd-1_family-17   Unknown          (4)    225      1 2771  
  225   15.0  0.0  2.5  contig_31_pilon  1766291 1766331 (1162768) + rnd-2_family-270  Unknown          634    673  (106) 2772  
  365   18.0  0.0  0.0  contig_31_pilon  1773193 1773253 (1155846) C rnd-2_family-251  Unknown         (88)     61      1 2773  
  484   26.0 10.7  0.3  contig_31_pilon  1778695 1778956 (1150143) + rnd-2_family-50   Unknown          119    407   (89) 2774  
  521   28.3  6.2  6.8  contig_31_pilon  1780014 1780369 (1148730) + rnd-3_family-310  Unknown            2    355  (197) 2775  
  941   23.3  1.8  0.0  contig_31_pilon  1781024 1781246 (1147853) + rnd-2_family-48   Unknown            1    227    (1) 2776  
  538   16.0  0.9  0.0  contig_31_pilon  1781657 1781762 (1147337) C ltr-1_family-12   LTR/Gypsy       (14)   7450   7344 2777 *
 1422   19.8  2.1  1.4  contig_31_pilon  1781758 1782044 (1147055) C ltr-1_family-11   LTR/Unknown      (0)    289      1 2778  
  281   19.6  0.0  9.1  contig_31_pilon  1788877 1788960 (1140139) C rnd-2_family-80   Unknown         (60)     80      4 2779  
  379   19.1 17.4  0.0  contig_31_pilon  1799791 1799905 (1129194) C rnd-2_family-80   Unknown          (0)    140      6 2780  
  328   22.7  2.9  5.0  contig_31_pilon  1803349 1803450 (1125649) + rnd-2_family-19   Unknown            2    101  (143) 2781  
  280   21.8  0.0  0.0  contig_31_pilon  1811602 1811656 (1117443) C rnd-2_family-323  Unknown         (96)    283    229 2782  
  364   21.2  3.5  1.1  contig_31_pilon  1820640 1820725 (1108374) C rnd-2_family-26   Unknown         (51)    274    187 2783  
  495   24.1 10.7  2.1  contig_31_pilon  1822651 1822866 (1106233) + rnd-2_family-26   Unknown           26    259   (66) 2784  
  524   23.8 10.8  1.6  contig_31_pilon  1823752 1824126 (1104973) + rnd-1_family-49   Unknown            2    491  (228) 2785 *
  738   26.1  7.6  6.2  contig_31_pilon  1824081 1824448 (1104651) C rnd-2_family-195  Unknown         (37)    515    143 2786  
  454   22.3  4.5  0.0  contig_31_pilon  1829315 1829426 (1099673) C rnd-2_family-26   Unknown         (48)    277    161 2787  
  723   25.8  4.3  2.1  contig_31_pilon  1829568 1829844 (1099255) C rnd-2_family-195  Unknown        (258)    294     12 2788  
  351   21.4 23.4  0.6  contig_31_pilon  1830282 1830422 (1098677) + rnd-1_family-97   Unknown         3050   3222 (1397) 2789  
 2792   11.8  3.8  0.5  contig_31_pilon  1831850 1832249 (1096850) + rnd-1_family-8    Unknown            4    416    (0) 2790  
 2803   11.5  3.7  0.7  contig_31_pilon  1832422 1832825 (1096274) C rnd-1_family-8    Unknown          (0)    416      1 2791  
  255   30.3  1.0  2.0  contig_31_pilon  1844207 1844307 (1084792) C rnd-1_family-32   Unknown        (666)   1873   1774 2792  
  641   20.1  2.7  1.4  contig_31_pilon  1848171 1848316 (1080783) + rnd-2_family-251  Unknown            1    148    (1) 2793  
 1349   11.1  8.7  0.4  contig_31_pilon  1850503 1850710 (1078389) C rnd-1_family-17   Unknown          (4)    225      1 2794  
  345   24.7  3.2  1.0  contig_31_pilon  1852210 1852303 (1076796) C rnd-1_family-66   Unknown        (355)    364    269 2795  
 1883    2.8  0.0  0.0  contig_31_pilon  1852901 1853116 (1075983) + rnd-1_family-69   Unknown            1    216    (0) 2796  
  971   28.8  3.5  1.1  contig_31_pilon  1853351 1853857 (1075242) + rnd-2_family-270  Unknown           44    718   (61) 2797  
  496   24.7  3.4  2.5  contig_31_pilon  1853750 1853979 (1075120) C rnd-1_family-49   Unknown          (5)    138     22 2798 *
  489   24.5  2.2  0.0  contig_31_pilon  1853974 1854112 (1074987) C rnd-1_family-66   Unknown        (533)    186     45 2799 *
 2574   14.6  0.2  2.5  contig_31_pilon  1854400 1854800 (1074299) C rnd-2_family-1080 Unknown          (0)    392      1 2800  
  245   27.7  0.0  1.5  contig_31_pilon  1855465 1855530 (1073569) + rnd-2_family-11   Unknown            1     65  (166) 2801  
  255   28.4  2.1 10.1  contig_31_pilon  1855619 1855853 (1073246) + rnd-2_family-195  Unknown          252    469   (83) 2802  
  728   17.1 10.1  0.6  contig_31_pilon  1857374 1857532 (1071567) C rnd-2_family-11   Unknown         (57)    174      1 2803  
  420   29.5  5.6  2.7  contig_31_pilon  1858416 1858701 (1070398) C rnd-1_family-62   Unknown       (1340)    296      3 2804  
  456   27.9  1.7 12.4  contig_31_pilon  1864322 1864562 (1064537) C rnd-2_family-26   Unknown         (85)    240     23 2805  
  260   18.6 18.6  0.0  contig_31_pilon  1865275 1865360 (1063739) C rnd-2_family-26   Unknown        (106)    219    118 2806  
  243   33.3  2.1  0.0  contig_31_pilon  1865349 1865441 (1063658) C rnd-3_family-331  Unknown          (0)     97      3 2807 *
  521   18.1  5.8  6.5  contig_31_pilon  1865523 1865676 (1063423) + rnd-2_family-26   Unknown           93    245   (80) 2808  
  307   24.1 11.1  0.0  contig_31_pilon  1877165 1877272 (1051827) C rnd-1_family-97   Unknown       (1342)   3277   3158 2809  
  239   24.6 11.6  0.0  contig_31_pilon  1877503 1877571 (1051528) C rnd-1_family-97   Unknown       (1486)   3133   3057 2809  
 2829   14.0  1.7  4.8  contig_31_pilon  1886745 1887218 (1041881) C rnd-1_family-58   Unknown         (46)    460      1 2810  
 2873   14.6  0.4  0.6  contig_31_pilon  1888131 1888627 (1040472) + rnd-1_family-4    Unknown            1    496    (0) 2811  
  816   21.9  2.6  5.4  contig_31_pilon  1889233 1889459 (1039640) C rnd-2_family-11   Unknown          (8)    223      3 2812  
  233   22.6  3.2  2.1  contig_31_pilon  1890075 1890169 (1038930) + rnd-2_family-270  Unknown          329    424  (355) 2813 *
  285   25.9 14.4  4.1  contig_31_pilon  1890167 1890452 (1038647) + rnd-2_family-270  Unknown          271    718   (61) 2813 *
  854   27.4  8.1  2.0  contig_31_pilon  1890397 1890828 (1038271) C rnd-1_family-66   Unknown        (254)    465      8 2814  
  631   17.3  1.7  9.0  contig_31_pilon  1900108 1900285 (1028814) C rnd-2_family-153  Unknown        (583)    166      1 2815  
  244   10.4  0.0 14.3  contig_31_pilon  1902762 1902817 (1026282) + rnd-2_family-26   Unknown          226    274   (51) 2816  
  649   23.0  6.8  5.9  contig_31_pilon  1903820 1904055 (1025044) + rnd-2_family-26   Unknown           38    275   (50) 2817  
  717   16.4 16.4  5.2  contig_31_pilon  1904833 1905057 (1024042) C rnd-2_family-108  Unknown          (8)    293     45 2818  
 1231   12.2  0.0  5.1  contig_31_pilon  1905690 1905896 (1023203) C rnd-2_family-436  Unknown         (13)    198      2 2819  
  345   32.2  6.5  3.1  contig_31_pilon  1913662 1914030 (1015069) + rnd-1_family-66   Unknown          146    526  (193) 2820  
  396   27.5  0.7  3.6  contig_31_pilon  1915006 1915158 (1013941) C rnd-1_family-66   Unknown        (339)    380    252 2821  
  474   31.6  1.7  6.1  contig_31_pilon  1916380 1916618 (1012481) C rnd-1_family-97   Unknown       (1343)   3276   3048 2822  
  653   26.5  4.8  4.2  contig_31_pilon  1917106 1917483 (1011616) + rnd-3_family-9    Unknown          158    537   (55) 2823  
  766   27.1 11.8  1.2  contig_31_pilon  1942220 1942525  (986574) + rnd-2_family-323  Unknown            3    340   (39) 2824  
 1136   16.8  3.6  1.3  contig_31_pilon  1942540 1942762  (986337) + ltr-1_family-11   LTR/Unknown        1    228   (61) 2825  
  904   26.5  8.4  5.8  contig_31_pilon  1942786 1943105  (985994) + ltr-1_family-12   LTR/Gypsy          1    328 (7136) 2826  
 5637   20.6  2.0  4.6  contig_31_pilon  1943196 1944469  (984630) + ltr-1_family-12   LTR/Gypsy        541   1782 (5682) 2826  
 7434   21.3  3.9  0.1  contig_31_pilon  1944478 1945863  (983236) + ltr-1_family-15   LTR/Unknown        5   1443   (29) 2827  
 5912   18.3  1.1  3.3  contig_31_pilon  1945899 1946942  (982157) + ltr-1_family-12   LTR/Gypsy       1785   2806 (4658) 2826  
  597   21.3  4.0  0.0  contig_31_pilon  1948416 1948565  (980534) C rnd-2_family-153  Unknown        (593)    156      1 2828  
  378   34.8  5.8  4.5  contig_31_pilon  1950199 1950508  (978591) C ltr-1_family-15   LTR/Unknown    (999)    473    160 2829  
 9789   14.7  0.9  1.4  contig_31_pilon  1951722 1953323  (975776) + rnd-2_family-156  DNA/TcMar-Tc1      1   1594    (0) 2830  
 1831   23.2  6.0  0.4  contig_31_pilon  1959164 1959683  (969416) C rnd-3_family-310  Unknown          (0)    552      4 2831  
  375   30.2  1.3  1.3  contig_31_pilon  1962052 1962202  (966897) + rnd-3_family-310  Unknown            5    155  (397) 2832  
 2187   24.6  2.9  5.2  contig_31_pilon  1962811 1963570  (965529) C rnd-2_family-149  Unknown         (49)    763     21 2833  
  613   26.5  7.1  0.0  contig_31_pilon  1963697 1963866  (965233) + rnd-1_family-97   Unknown         3097   3278 (1341) 2834  
 1028    7.8 10.3 12.2  contig_31_pilon  1965050 1965282  (963817) C rnd-1_family-17   Unknown          (0)    229      1 2835  
  332   23.2  0.0  0.0  contig_31_pilon  1966165 1966233  (962866) C rnd-3_family-310  Unknown          (1)    551    483 2836  
  539   30.7  1.1  0.5  contig_31_pilon  1966361 1966550  (962549) C rnd-3_family-310  Unknown        (356)    196      6 2836  
  463   24.8  6.6  0.0  contig_31_pilon  1967807 1967943  (961156) C rnd-2_family-26   Unknown         (53)    272    127 2837  
  289   28.1  0.0  0.0  contig_31_pilon  1967946 1968027  (961072) C rnd-3_family-331  Unknown         (13)     84      3 2838  
 1399   24.2 13.4  0.5  contig_31_pilon  1969822 1970328  (958771) C rnd-2_family-247  Unknown          (6)   1222    651 2839  
 1667   20.8  5.9  9.4  contig_31_pilon  1970380 1970985  (958114) C rnd-2_family-247  Unknown        (576)    652     66 2839  
  482   35.4  2.0  1.4  contig_31_pilon  1971555 1972105  (956994) C rnd-1_family-78   Unknown         (21)    732    179 2840  
  663   22.1  3.0  1.5  contig_31_pilon  1974381 1974578  (954521) + rnd-3_family-57   Unknown          870   1070  (187) 2841  
  458   20.2 24.6  1.4  contig_31_pilon  1975194 1975474  (953625) + rnd-3_family-333  Unknown           25    369  (340) 2842  
  590   20.8  0.6  1.9  contig_31_pilon  1975484 1975645  (953454) C rnd-2_family-399  Unknown         (10)    222     63 2843  
  366   25.8  4.7  0.0  contig_31_pilon  1975826 1975953  (953146) + rnd-3_family-333  Unknown          568    701    (8) 2842  
  747   16.0  0.8  0.8  contig_31_pilon  1978291 1978422  (950677) + rnd-2_family-80   Unknown            1    132    (8) 2844  
  286   28.5  4.4  5.2  contig_31_pilon  1978312 1978448  (950651) C rnd-2_family-80   Unknown          (4)    136      1 2845 *
 3202    9.8  4.6  0.4  contig_31_pilon  1979330 1979811  (949288) + rnd-1_family-58   Unknown            1    502    (4) 2846  
 2422   23.5  3.4  1.6  contig_31_pilon  1979890 1980634  (948465) C rnd-2_family-110  Unknown         (48)    759      2 2847  
  503   14.4  5.8  0.0  contig_31_pilon  1980650 1980753  (948346) C rnd-2_family-399  Unknown          (1)    231    122 2848  
 1197   16.7  9.2  1.1  contig_31_pilon  1981070 1981329  (947770) + rnd-1_family-2    Unknown            1    281    (0) 2849  
  383   23.4  7.7  1.9  contig_31_pilon  1986042 1986237  (942862) C rnd-2_family-272  Unknown       (7557)    514    308 2850 *
  679   22.8  5.7  1.7  contig_31_pilon  1986070 1986350  (942749) + rnd-2_family-50   Unknown            1    292  (204) 2851  
 1471   11.6  0.4  0.4  contig_31_pilon  2005633 2005858  (923241) C rnd-1_family-17   Unknown          (3)    226      1 2852  
 1326   18.1  6.6  8.8  contig_31_pilon  2010455 2010849  (918250) + rnd-2_family-156  DNA/TcMar-Tc1      2    388 (1206) 2853  
  233    3.1  0.0  0.0  contig_31_pilon  2010846 2010877  (918222) + rnd-2_family-156  DNA/TcMar-Tc1   1185   1216  (378) 2854 *
 1009   18.8  5.9  6.6  contig_31_pilon  2010881 2011170  (917929) + rnd-2_family-156  DNA/TcMar-Tc1   1307   1594    (0) 2855  
  330   26.4  0.8  0.0  contig_31_pilon  2011441 2011561  (917538) + rnd-2_family-272  Unknown         3313   3434 (4637) 2856  
17113   10.0  0.3  0.9  contig_31_pilon  2022583 2025041  (904058) C rnd-1_family-90   Unknown          (0)   2444      1 2857  
  227   26.9  2.9  6.0  contig_31_pilon  2028036 2028138  (900961) + rnd-1_family-97   Unknown         3062   3161 (1458) 2858  
  248   23.6  9.0  0.0  contig_31_pilon  2028221 2028309  (900790) + rnd-1_family-97   Unknown         3174   3270 (1349) 2858  
 1186   21.2  5.1  1.8  contig_31_pilon  2038498 2038867  (890232) + rnd-1_family-40   Unknown            1    382    (0) 2859  
  729   32.4  1.1  0.8  contig_31_pilon  2039113 2039489  (889610) + ltr-1_family-8    LTR/Gypsy       4779   5156 (3444) 2860  
  490   37.0  3.4  0.9  contig_31_pilon  2039666 2040107  (888992) + rnd-1_family-21   LTR/Gypsy       6247   6699 (2397) 2861  
  228   17.6  3.5  0.0  contig_31_pilon  2040089 2040173  (888926) C rnd-1_family-81   Unknown        (556)   2313   2226 2862 *
  879   33.3  1.4  1.1  contig_31_pilon  2040174 2040726  (888373) + rnd-1_family-21   LTR/Gypsy       6718   7272 (1824) 2861  
 2599   11.9  0.0  4.4  contig_31_pilon  2041252 2041682  (887417) C rnd-1_family-8    Unknown          (0)    416      4 2863  
  548   29.8  4.1  5.4  contig_31_pilon  2057397 2057790  (871309) C rnd-2_family-195  Unknown         (45)    507    119 2864 *
  802   29.4  1.5  1.0  contig_31_pilon  2057453 2057844  (871255) + rnd-2_family-50   Unknown            1    394  (102) 2865  
  570   25.2  0.0  0.0  contig_31_pilon  2058514 2058648  (870451) + rnd-3_family-310  Unknown           18    152  (400) 2866  
  681   22.3  6.5  1.8  contig_31_pilon  2058782 2058996  (870103) C rnd-2_family-11   Unknown          (6)    225      1 2867  
  525   11.7  7.4 13.6  contig_31_pilon  2060468 2060615  (868484) C rnd-2_family-80   Unknown          (0)    140      1 2868  
  383   19.5  3.2  1.6  contig_31_pilon  2064472 2064596  (864503) C rnd-2_family-270  Unknown        (340)    439    313 2869  
 1605   22.1  4.6  2.1  contig_31_pilon  2068401 2068921  (860178) C rnd-3_family-333  Unknown        (170)    539      6 2870  
  292   31.8  0.0  0.8  contig_31_pilon  2069226 2069352  (859747) C rnd-1_family-30   DNA/TcMar-Tc1  (741)    348    223 2871  
  276   14.7  1.7  0.8  contig_31_pilon  2070971 2071087  (858012) C rnd-1_family-81   Unknown        (531)   2338   2221 2872  
 1494   23.5  7.5  7.5  contig_31_pilon  2072803 2073414  (855685) + rnd-2_family-149  Unknown          161    772   (40) 2873  
  765   24.7 11.4  3.1  contig_31_pilon  2075477 2076066  (853033) + rnd-2_family-272  Unknown          759   1395 (6676) 2874  
  773   27.7  2.5  1.5  contig_31_pilon  2076127 2076464  (852635) + rnd-1_family-66   Unknown            5    369  (350) 2875  
 1176   20.1  5.6  2.6  contig_31_pilon  2077777 2078154  (850945) C rnd-2_family-50   Unknown        (101)    395      7 2876  
  369   20.0  6.1  4.7  contig_31_pilon  2078317 2078463  (850636) C rnd-2_family-50   Unknown        (314)    182     34 2877  
  225   20.4  0.0  6.8  contig_31_pilon  2078901 2078963  (850136) C rnd-2_family-80   Unknown         (81)     59      1 2878  
  641   18.9 20.3  0.9  contig_31_pilon  2079494 2079675  (849424) + rnd-2_family-48   Unknown            3    219    (9) 2879  
 2311    4.3  0.0  0.0  contig_31_pilon  2081289 2081569  (847530) + rnd-1_family-2    Unknown            1    281    (0) 2880  
  531   11.0  0.0  0.0  contig_31_pilon  2081578 2081650  (847449) C rnd-1_family-8    Unknown         (11)    405    333 2881  
 1383   23.7  6.1  3.9  contig_31_pilon  2082626 2083130  (845969) + rnd-3_family-310  Unknown            6    521   (31) 2882  
  299   17.2  0.0  1.7  contig_31_pilon  2083894 2083952  (845147) + rnd-2_family-80   Unknown            1     58   (82) 2883 *
  327   21.3 16.0  1.5  contig_31_pilon  2083915 2084033  (845066) C rnd-2_family-80   Unknown          (4)    136      1 2884  
  787   25.1 10.3  1.8  contig_31_pilon  2086026 2086498  (842601) + rnd-2_family-270  Unknown           37    718   (61) 2885  
  708   25.6  9.9  1.3  contig_31_pilon  2086403 2086747  (842352) C rnd-1_family-66   Unknown        (202)    517    144 2886 *
 1222    9.9 14.8  0.0  contig_31_pilon  2087385 2087586  (841513) C rnd-1_family-48   Unknown          (0)    232      1 2887  
  570   14.7  9.0  2.8  contig_31_pilon  2088413 2088545  (840554) C rnd-2_family-48   Unknown         (85)    143      3 2888  
  776   19.9 12.4  2.2  contig_31_pilon  2088550 2088759  (840340) C rnd-2_family-11   Unknown          (0)    231      1 2889  
  444   22.2  2.7 14.4  contig_31_pilon  2089293 2089439  (839660) C rnd-2_family-430  Unknown          (0)   1814   1683 2890  
 1530   22.3  1.1  1.3  contig_31_pilon  2089440 2089820  (839279) C rnd-1_family-4    Unknown         (12)    484    105 2891  
  300   31.1  1.3  1.3  contig_31_pilon  2089882 2090034  (839065) C rnd-1_family-62   Unknown        (607)   1029    877 2892  
 1167   15.1  3.1  0.4  contig_31_pilon  2091369 2091594  (837505) C rnd-2_family-399  Unknown          (0)    232      1 2893  
 1766   25.0  4.1  3.9  contig_31_pilon  2094661 2095276  (833823) + rnd-2_family-149  Unknown           74    690  (122) 2894  
  350   25.2  0.0  2.5  contig_31_pilon  2095458 2095579  (833520) C rnd-3_family-9    Unknown          (4)    588    470 2895  
  705   26.2  1.9  0.0  contig_31_pilon  2095599 2095861  (833238) C rnd-3_family-9    Unknown        (289)    303     36 2895  
 1587   33.7  1.1  2.1  contig_31_pilon  2096775 2097571  (831528) C ltr-1_family-14   LTR/Gypsy      (498)   4804   4016 2896  
 1781   36.5  3.3  0.8  contig_31_pilon  2097918 2099207  (829892) C ltr-1_family-14   LTR/Gypsy     (1632)   3670   2349 2896  
  819   35.1  2.5  2.9  contig_31_pilon  2100198 2100717  (828382) C ltr-1_family-14   LTR/Gypsy     (4250)   1052    535 2896  
 8766    2.0  0.5  0.1  contig_31_pilon  2104940 2106269  (822830) + rnd-1_family-57   Unknown            1   1044    (0) 2897  
 2530   11.0  1.4  1.7  contig_31_pilon  2106696 2107111  (821988) + rnd-1_family-94   Unknown           16    430   (13) 2898  
 8657    2.3  1.6  0.2  contig_31_pilon  2107895 2108924  (820175) + rnd-1_family-57   Unknown            1   1044    (0) 2899  
 2594   10.5  1.9  2.1  contig_31_pilon  2109346 2109774  (819325) + rnd-1_family-94   Unknown           16    443    (0) 2900  
  276   27.1  2.9  0.0  contig_31_pilon  2111606 2111675  (817424) + rnd-1_family-96   Unknown          947   1018 (1699) 2901  
 1368   11.1  1.8  0.9  contig_31_pilon  2114575 2114792  (814307) C rnd-1_family-17   Unknown          (5)    224      5 2902  
 6587   15.1  1.4  0.6  contig_31_pilon  2115078 2116156  (812943) C rnd-1_family-30   DNA/TcMar-Tc1    (1)   1088      2 2903  
  529    8.8  0.0  0.0  contig_31_pilon  2116181 2116260  (812839) + rnd-1_family-30   DNA/TcMar-Tc1    905    984  (105) 2904  
 3769   17.6  2.9  2.7  contig_31_pilon  2116812 2117617  (811482) C rnd-2_family-110  Unknown          (0)    807      1 2905  
  479   31.5  1.1  0.0  contig_31_pilon  2117829 2118012  (811087) + rnd-3_family-310  Unknown           54    239  (313) 2906  
  469   23.5  3.6 11.8  contig_31_pilon  2118118 2118392  (810707) + rnd-1_family-62   Unknown           76    330 (1306) 2907  
  562   17.9  0.0  0.9  contig_31_pilon  2120140 2120246  (808853) + rnd-3_family-310  Unknown          324    429  (123) 2908  
  331   22.7  2.7  0.0  contig_31_pilon  2120427 2120501  (808598) + rnd-3_family-331  Unknown           21     97    (0) 2909  
  386   20.8 18.5  0.0  contig_31_pilon  2120514 2120643  (808456) + rnd-2_family-26   Unknown          136    289   (36) 2910  
 1222   23.1  2.7  3.0  contig_31_pilon  2121377 2121710  (807389) + rnd-3_family-57   Unknown          925   1257    (0) 2911  
  633   23.1  4.9  1.6  contig_31_pilon  2121811 2121995  (807104) + rnd-2_family-48   Unknown           13    203   (25) 2912  
  258   20.6  1.5  0.0  contig_31_pilon  2122036 2122103  (806996) + rnd-3_family-9    Unknown           46    114  (478) 2913  
  424   23.6  3.6  3.0  contig_31_pilon  2123204 2123369  (805730) C rnd-2_family-11   Unknown         (64)    167      1 2914  
 4470   15.6  0.1  1.5  contig_31_pilon  2123762 2124574  (804525) C rnd-2_family-110  Unknown          (5)    802      1 2915  
  323   31.9  3.5  0.7  contig_31_pilon  2134824 2134968  (794131) + rnd-2_family-26   Unknown           27    175  (150) 2916  
  458   29.1  0.0  0.0  contig_31_pilon  2135125 2135227  (793872) C rnd-1_family-97   Unknown       (1343)   3276   3174 2917  
  264   20.1  1.4  6.1  contig_31_pilon  2135632 2135700  (793399) C rnd-1_family-97   Unknown       (1495)   3124   3059 2917  
  689   26.2 10.6  0.4  contig_31_pilon  2139961 2140186  (788913) + rnd-2_family-26   Unknown           24    272   (53) 2918  
 1156   27.5  5.2  1.8  contig_31_pilon  2140624 2141063  (788036) + rnd-1_family-66   Unknown           46    500  (219) 2919  
 1049   24.2  4.2  8.1  contig_31_pilon  2140993 2141517  (787582) C rnd-2_family-270  Unknown         (61)    718    312 2920 *
 4186    4.8  1.2  0.2  contig_31_pilon  2142365 2142864  (786235) + rnd-1_family-58   Unknown            1    505    (1) 2921  
  285   23.3  7.8  5.1  contig_31_pilon  2149850 2150003  (779096) C rnd-2_family-50   Unknown        (304)    192     35 2922  
  390   25.9  2.4  2.0  contig_31_pilon  2151896 2152117  (776982) + rnd-1_family-3    Unknown            2    326  (393) 2923  
  696   20.0  1.3  0.7  contig_31_pilon  2157207 2157357  (771742) C rnd-2_family-48   Unknown          (1)    227     76 2924  
  755   14.2 31.8  0.0  contig_31_pilon  2157363 2157576  (771523) C rnd-2_family-110  Unknown        (525)    282      1 2925  
  226   30.6  8.8  2.6  contig_31_pilon  2157734 2157914  (771185) + rnd-1_family-66   Unknown          272    463  (256) 2926  
  904   26.0  2.4  2.1  contig_31_pilon  2157956 2158289  (770810) + rnd-2_family-50   Unknown            2    336  (160) 2927  
  261   13.5  0.0  0.0  contig_31_pilon  2170751 2170787  (758312) + rnd-2_family-251  Unknown           37     73   (76) 2928 *
  451   27.9  5.2  7.7  contig_31_pilon  2170784 2171035  (758064) + rnd-2_family-26   Unknown           24    269   (56) 2929  
 7524   12.3  0.3  0.2  contig_31_pilon  2172624 2173710  (755389) C rnd-1_family-30   DNA/TcMar-Tc1    (0)   1089      2 2930  
 1106   13.8  0.0  0.0  contig_31_pilon  2173735 2173901  (755198) + rnd-1_family-30   DNA/TcMar-Tc1    905   1071   (18) 2931  
  267   13.9  0.0  0.0  contig_31_pilon  2191970 2192012  (737087) + rnd-1_family-70   Unknown            1     43  (223) 2932  
  502   22.4  4.4  1.8  contig_31_pilon  2192040 2192198  (736901) + rnd-1_family-70   Unknown          104    266    (0) 2932  
 2464   24.9  0.6  0.7  contig_31_pilon  2192532 2193262  (735837) + rnd-1_family-78   Unknown           24    753    (0) 2933  
  282   20.4  5.6  2.1  contig_31_pilon  2193793 2193882  (735217) + rnd-1_family-70   Unknown          174    266    (0) 2934  
 1561   15.7  2.1  0.3  contig_31_pilon  2195380 2195667  (733432) C ltr-1_family-17   LTR/Gypsy      (732)   4493   4201 2935  
11828   14.7  3.8  1.4  contig_31_pilon  2197555 2199690  (729409) C ltr-1_family-17   LTR/Gypsy     (1016)   4209   2024 2935  
  293   17.2  6.7  2.1  contig_31_pilon  2200532 2200620  (728479) C rnd-1_family-70   Unknown          (0)    266    174 2936  
  236   22.8 13.2  3.5  contig_31_pilon  2200982 2201140  (727959) C rnd-3_family-9    Unknown         (22)    570    397 2937  
 2550   24.6  0.4  0.7  contig_31_pilon  2201149 2201880  (727219) C rnd-1_family-78   Unknown          (0)    753     24 2938  
  502   22.4  4.4  1.8  contig_31_pilon  2202214 2202372  (726727) C rnd-1_family-70   Unknown          (0)    266    104 2939  
  267   13.9  0.0  0.0  contig_31_pilon  2202400 2202442  (726657) C rnd-1_family-70   Unknown        (223)     43      1 2939  
  488   25.1  4.2  5.0  contig_31_pilon  2221362 2221625  (707474) C rnd-1_family-81   Unknown        (292)   2577   2316 2940  
  778   30.8  0.6  5.7  contig_31_pilon  2221800 2222275  (706824) C rnd-1_family-81   Unknown        (811)   2058   1606 2940  
  725   14.7  7.5  1.2  contig_31_pilon  2222533 2222547  (706552) + rnd-1_family-2    Unknown            1    107  (174) 2941  
  307   27.1 18.5  0.0  contig_31_pilon  2222548 2222698  (706401) C rnd-1_family-37   Unknown         (15)    183      5 2942  
  725   14.7  7.5  1.2  contig_31_pilon  2222699 2222719  (706380) + rnd-1_family-2    Unknown          108    281    (0) 2941  
  246   31.4  1.1  3.5  contig_31_pilon  2223039 2223213  (705886) C rnd-1_family-77   Unknown       (2057)    693    523 2943  
23589    6.3  1.6  0.3  contig_31_pilon  2227772 2230983  (698116) + rnd-1_family-41   LTR/Gypsy          1   3253 (3521) 2944  
 3737    3.5  1.9  0.0  contig_31_pilon  2231030 2231492  (697607) + rnd-1_family-92   Unknown            1    472    (0) 2945 *
20842    2.5  0.2  0.0  contig_31_pilon  2231489 2233940  (695159) + rnd-1_family-73   Unknown            2   2458    (0) 2946  
  277   28.4  1.0  1.0  contig_31_pilon  2234965 2235067  (694032) + rnd-1_family-73   Unknown          374    476 (1982) 2947  
21489   11.5  1.6  0.3  contig_31_pilon  2236399 2239616  (689483) + ltr-1_family-6    LTR/Gypsy       8141  11401 (2001) 2948  
  363   18.1  2.8  1.5  contig_31_pilon  2242257 2242419  (686680) + rnd-1_family-81   Unknown         2219   2337  (532) 2949  
  700   26.6  3.9  0.0  contig_31_pilon  2256457 2256663  (672436) C rnd-3_family-310  Unknown          (1)    551    337 2950  
  401   12.5  1.2  3.7  contig_31_pilon  2260524 2260606  (668493) + rnd-3_family-333  Unknown            1     81  (628) 2951  
 2066   14.2  9.2  6.8  contig_31_pilon  2260633 2261078  (668021) C rnd-1_family-52   Unknown          (0)    458      3 2952  
 1871   23.1  6.1  0.8  contig_31_pilon  2261077 2261647  (667452) + rnd-3_family-333  Unknown          103    703    (6) 2953 *
 3044   23.1  2.5  5.5  contig_31_pilon  2262612 2263555  (665544) C rnd-2_family-247  Unknown          (6)   1222    305 2954  
  572   21.6  0.7  0.7  contig_31_pilon  2263567 2263706  (665393) C rnd-2_family-247  Unknown       (1028)    200     61 2954  
  882   22.5  1.8  0.9  contig_31_pilon  2263898 2264126  (664973) + rnd-2_family-11   Unknown            1    231    (0) 2955  
 1291   11.5  0.0  0.0  contig_31_pilon  2265130 2265321  (663778) C rnd-1_family-79   Unknown          (0)    192      1 2956  
 2890   19.5  3.7  2.7  contig_31_pilon  2265486 2266250  (662849) + rnd-2_family-110  Unknown           15    786   (21) 2957  
 1515   26.0  1.6  4.6  contig_31_pilon  2268907 2269398  (659701) C rnd-1_family-61   Unknown       (1203)   2795   2318 2958  
 9916   25.0  1.2  0.5  contig_31_pilon  2269520 2272111  (656988) C rnd-1_family-35   Unknown         (13)   2619      1 2958  
 1841   23.1  1.9  0.2  contig_31_pilon  2273943 2274367  (654732) + rnd-2_family-247  Unknown          791   1222    (6) 2959  
 1224   18.3  8.1  1.7  contig_31_pilon  2274394 2274859  (654240) C rnd-2_family-153  Unknown        (313)    436      1 2960  
  470   20.7  0.0  1.1  contig_31_pilon  2281521 2281613  (647486) + rnd-3_family-331  Unknown            1     92    (5) 2961 *
 1081   11.9  0.6  1.2  contig_31_pilon  2281611 2281772  (647327) C rnd-1_family-8    Unknown          (0)    416    256 2962  
 2356   19.5  8.8  0.0  contig_31_pilon  2283802 2284345  (644754) C rnd-1_family-90   Unknown          (0)   2444   1853 2963  
  436   30.4  4.3  1.8  contig_31_pilon  2284348 2284511  (644588) C rnd-1_family-59   LTR/Gypsy     (8712)    281    114 2964  
 6928   19.7  0.5  1.7  contig_31_pilon  2284527 2285852  (643247) C rnd-1_family-90   Unknown       (1131)   1313      4 2963  
 1392   17.3  3.6  0.8  contig_31_pilon  2286753 2287003  (642096) C rnd-1_family-8    Unknown        (158)    258      1 2965  
  379   28.4  3.7  0.6  contig_31_pilon  2287008 2287170  (641929) + rnd-2_family-26   Unknown          123    290   (35) 2966  
 1247   18.3  9.0  8.7  contig_31_pilon  2292376 2292753  (636346) C rnd-2_family-149  Unknown         (49)    763    385 2967  
 1484   18.9  6.4  1.4  contig_31_pilon  2293112 2293454  (635645) C rnd-2_family-149  Unknown        (422)    390     31 2967  
 1074   18.6  0.0  0.0  contig_31_pilon  2294381 2294568  (634531) + rnd-1_family-97   Unknown         3073   3260 (1359) 2968  
  570   21.2  4.4  2.9  contig_31_pilon  2294889 2295024  (634075) + rnd-1_family-37   Unknown           60    197    (1) 2969  
  251    9.6  2.7  1.3  contig_31_pilon  2309193 2309266  (619833) + rnd-1_family-81   Unknown         2216   2290  (579) 2970  
  290   11.3 10.7  5.1  contig_31_pilon  2324668 2324723  (604376) + rnd-2_family-19   Unknown          183    241    (3) 2971  
  738   29.4  5.6  2.0  contig_31_pilon  2341841 2342235  (586864) C rnd-1_family-66   Unknown        (242)    477     69 2972  
  787   19.7 10.1  1.8  contig_31_pilon  2342384 2342590  (586509) C rnd-2_family-11   Unknown          (7)    224      1 2973  
 5409   11.5  0.6  4.8  contig_31_pilon  2342713 2343605  (585494) C rnd-1_family-33   Unknown          (0)    857      1 2974  
 1100   19.7  0.0  1.0  contig_31_pilon  2352793 2352997  (576102) + rnd-1_family-97   Unknown         3059   3261 (1358) 2975  
  521   15.9  2.8 19.8  contig_31_pilon  2353114 2353254  (575845) C rnd-2_family-430  Unknown          (0)   1814   1694 2976  
  453   26.7  3.0  0.7  contig_31_pilon  2353452 2353583  (575516) + rnd-1_family-5    Unknown          276    410  (627) 2977  
  576   30.2  1.5  5.9  contig_31_pilon  2356102 2356146  (572953) + rnd-2_family-195  Unknown           29    235  (317) 2978  
  878   23.8  4.1  1.6  contig_31_pilon  2356147 2356514  (572585) C rnd-2_family-50   Unknown        (107)    389     13 2979  
  576   30.2  1.5  5.9  contig_31_pilon  2356515 2356562  (572537) + rnd-2_family-195  Unknown          236    470   (82) 2978  
  645   21.4  7.1  6.2  contig_31_pilon  2358364 2358602  (570497) C rnd-2_family-19   Unknown          (3)    241      1 2980  
  496   22.4  4.3  1.4  contig_31_pilon  2379157 2379296  (549803) C rnd-2_family-108  Unknown        (120)    181     38 2981  
  774   20.4 13.2  0.5  contig_31_pilon  2390085 2390281  (538818) + rnd-1_family-97   Unknown         3056   3277 (1342) 2982  
  356   24.8  2.0  0.0  contig_31_pilon  2390739 2390839  (538260) C rnd-3_family-57   Unknown          (0)   1257   1155 2983  
  421   24.0  3.1 10.3  contig_31_pilon  2392926 2393153  (535946) + rnd-2_family-11   Unknown            1    213   (18) 2984  
  242   28.8  0.8  3.4  contig_31_pilon  2393166 2393287  (535812) C rnd-2_family-19   Unknown        (124)    120      2 2985  
  869   20.7  0.0  0.5  contig_31_pilon  2393388 2393576  (535523) C rnd-2_family-48   Unknown          (5)    223     36 2986  
  669   24.7  1.8  3.7  contig_31_pilon  2407853 2408071  (521028) + rnd-1_family-97   Unknown         3062   3276 (1343) 2987  
  226   18.7  3.1  5.3  contig_31_pilon  2408915 2409010  (520089) + rnd-2_family-50   Unknown           80    173  (323) 2988 *
  516   28.7  4.1  7.1  contig_31_pilon  2408981 2409415  (519684) C rnd-2_family-272  Unknown       (7405)    666    244 2989  
  373   29.6  3.1  3.1  contig_31_pilon  2409176 2409527  (519572) + rnd-2_family-50   Unknown            1    352  (144) 2990 *
  354   27.3  9.2  3.2  contig_31_pilon  2409661 2409898  (519201) C rnd-2_family-26   Unknown         (51)    274     23 2991  
  319   26.4  0.9  3.6  contig_31_pilon  2410374 2410487  (518612) + rnd-2_family-323  Unknown          191    301   (78) 2992  
  353   10.1  0.0  6.7  contig_31_pilon  2410491 2410554  (518545) C rnd-3_family-331  Unknown         (37)     60      1 2993  
  230   19.4  7.1  4.2  contig_31_pilon  2412181 2412250  (516849) C rnd-2_family-194  Unknown        (144)     72      1 2994  
  935   24.1  3.0  8.0  contig_31_pilon  2412653 2413141  (515958) + rnd-2_family-270  Unknown          267    718   (61) 2995 *
 1066   28.7  4.6  2.6  contig_31_pilon  2413045 2413541  (515558) C rnd-1_family-66   Unknown        (212)    507      1 2996  
 3102   18.8  3.9  1.1  contig_31_pilon  2413571 2414260  (514839) C rnd-3_family-333  Unknown          (0)    709      1 2997  
  998   20.3 13.5  0.3  contig_31_pilon  2414277 2414543  (514556) C rnd-2_family-323  Unknown         (77)    302      1 2998  
  412   25.2  2.8  1.4  contig_31_pilon  2414551 2414691  (514408) + rnd-2_family-26   Unknown           24    166  (159) 2999  
  697   20.5 12.4  3.6  contig_31_pilon  2417466 2417698  (511401) + rnd-2_family-108  Unknown           38    290   (11) 3000  
  277   20.9  0.7  2.7  contig_31_pilon  2421599 2421750  (507349) C rnd-1_family-81   Unknown        (551)   2318   2170 3001  
15272   18.7  0.6  0.3  contig_31_pilon  2423754 2426256  (502843) C ltr-1_family-12   LTR/Gypsy     (3191)   4273   1762 3002  
 8195   21.9  0.7  0.3  contig_31_pilon  2426259 2427710  (501389) C ltr-1_family-15   LTR/Unknown     (13)   1459      2 3003  
 5912   23.2  0.9  2.6  contig_31_pilon  2427713 2429024  (500075) C ltr-1_family-12   LTR/Gypsy     (5679)   1785    496 3002  
  756   18.7  3.1  8.3  contig_31_pilon  2429234 2429460  (499639) C ltr-1_family-12   LTR/Gypsy     (7248)    216      1 3002  
 1174   22.1  2.6  0.7  contig_31_pilon  2429461 2429729  (499370) C ltr-1_family-11   LTR/Unknown      (0)    289     16 3004  
13539   14.6  4.4  1.2  contig_31_pilon  2429755 2432144  (496955) C ltr-1_family-17   LTR/Gypsy      (739)   4486   2021 3005  
  987   20.8  3.3  1.4  contig_31_pilon  2450327 2450536  (478563) + rnd-2_family-194  Unknown            2    215    (1) 3006  
  546   20.0  3.6  0.0  contig_31_pilon  2450776 2450885  (478214) + rnd-3_family-57   Unknown         1102   1215   (42) 3007  
  384   28.1  9.2  3.0  contig_31_pilon  2452570 2452819  (476280) C rnd-2_family-108  Unknown          (8)    293     29 3008  
  871   23.4  4.0  7.6  contig_31_pilon  2454999 2455298  (473801) + rnd-2_family-323  Unknown           47    336   (43) 3009  
 1296   10.6 11.5  0.4  contig_31_pilon  2455666 2455874  (473225) + rnd-1_family-48   Unknown            1    232    (0) 3010  
  399   26.1  2.5 11.8  contig_31_pilon  2456398 2456601  (472498) + rnd-1_family-97   Unknown         3091   3277 (1342) 3011  
  594   20.1 20.3  1.4  contig_31_pilon  2460735 2460916  (468183) + rnd-1_family-69   Unknown            1    216    (0) 3012  
  396   28.4  6.6  4.0  contig_31_pilon  2466716 2466986  (462113) + rnd-1_family-66   Unknown          217    494  (225) 3013 *
  646   27.1  6.8  9.0  contig_31_pilon  2466899 2467340  (461759) C rnd-2_family-195  Unknown          (0)    552    120 3014 *
 1326   18.8  2.9  4.7  contig_31_pilon  2466996 2467407  (461692) + rnd-2_family-50   Unknown            1    405   (91) 3015  
 1957   12.6  0.7  0.4  contig_31_pilon  2468064 2468343  (460756) + rnd-1_family-2    Unknown            1    281    (0) 3016  
 1758   13.6  4.8  1.0  contig_31_pilon  2473930 2474307  (454792) + rnd-3_family-9    Unknown          200    591    (1) 3017  
  376   29.4  2.0  0.7  contig_31_pilon  2475945 2476091  (453008) C rnd-2_family-26   Unknown         (54)    271    123 3018  
  274   27.5  1.1  1.1  contig_31_pilon  2476090 2476181  (452918) C rnd-3_family-331  Unknown          (0)     97      6 3019 *
 1074    7.7  0.0  0.0  contig_31_pilon  2476348 2476502  (452597) + rnd-1_family-20   Unknown            1    155    (5) 3020  
  421   17.9  9.1  3.5  contig_31_pilon  2477239 2477348  (451751) C rnd-2_family-251  Unknown         (32)    117      2 3021  
  405   30.5  2.6  0.0  contig_31_pilon  2479142 2479292  (449807) + rnd-1_family-5    Unknown          237    391  (646) 3022  
  304   29.6  0.0  0.0  contig_31_pilon  2481457 2481554  (447545) + rnd-1_family-97   Unknown         3062   3159 (1460) 3023  
  404   27.8  2.6  0.7  contig_31_pilon  2492079 2492230  (436869) C rnd-2_family-26   Unknown         (53)    272    118 3024  
  615   23.0 11.9  5.6  contig_31_pilon  2492294 2492528  (436571) + rnd-1_family-97   Unknown         3038   3286 (1333) 3025  
  543   27.4  4.2  1.2  contig_31_pilon  2497337 2497576  (431523) + rnd-2_family-26   Unknown           24    270   (55) 3026  
  330   22.9  2.0 10.4  contig_31_pilon  2499938 2500083  (429016) + rnd-2_family-108  Unknown           30    164  (137) 3027  
  233    5.4  0.0  2.7  contig_31_pilon  2500083 2500120  (428979) + rnd-2_family-108  Unknown          255    291   (10) 3027 *
 7936    3.2  0.8  0.1  contig_31_pilon  2506782 2508104  (420995) + rnd-1_family-34   Unknown            1   1044    (0) 3028  
 3101    4.7  3.1  0.0  contig_31_pilon  2508570 2508992  (420107) + rnd-1_family-94   Unknown            8    443    (0) 3029  
 1088   22.6  0.4  0.4  contig_31_pilon  2509176 2509424  (419675) C rnd-2_family-247  Unknown          (1)   1227    979 3030  
  462   24.3 11.3  5.3  contig_31_pilon  2509761 2509973  (419126) C rnd-2_family-247  Unknown        (815)    413    189 3030  
  558   12.9  8.9  2.8  contig_31_pilon  2510038 2510172  (418927) C rnd-2_family-247  Unknown       (1004)    224     82 3031  
  884   17.9  7.1  0.0  contig_31_pilon  2513060 2513271  (415828) C rnd-2_family-190  Unknown        (220)    227      1 3032  
  370   19.4 14.3  0.0  contig_31_pilon  2513277 2513374  (415725) C rnd-2_family-26   Unknown         (88)    237    126 3033  
  309   30.1  1.1  0.0  contig_31_pilon  2513373 2513465  (415634) C rnd-3_family-331  Unknown          (3)     94      1 3034 *
40364    3.6  0.4  0.3  contig_31_pilon  2513929 2519062  (410037) + rnd-1_family-82   Unknown            1   5135    (0) 3035  
  263   10.3  0.0  0.0  contig_31_pilon  2519117 2519155  (409944) + rnd-1_family-82   Unknown         5049   5087   (48) 3036 *
  271    3.1  0.0  0.0  contig_31_pilon  2519125 2519156  (409943) C rnd-1_family-82   Unknown         (48)   5087   5056 3037  
  234    5.9  5.9  0.0  contig_31_pilon  2519127 2519160  (409939) C rnd-1_family-93   Unknown        (113)   7626   7591 3038 *
  270    5.7  0.0  0.0  contig_31_pilon  2519257 2519291  (409808) + rnd-1_family-82   Unknown         5053   5087   (48) 3039  
 3334   27.5  2.3  2.3  contig_31_pilon  2519555 2520874  (408225) + rnd-1_family-64   Unknown         4623   5942  (533) 3040  
  250    9.1  0.0  0.0  contig_31_pilon  2521525 2521557  (407542) C rnd-1_family-82   Unknown         (48)   5087   5055 3037  
15919   12.8  1.6  1.1  contig_31_pilon  2528667 2532040  (397059) + rnd-1_family-43   DNA/Sola-1         1   3075    (2) 3041  
  960   23.2  0.0  0.9  contig_31_pilon  2552675 2552896  (376203) C rnd-2_family-247  Unknown          (6)   1222   1003 3042  
  600   25.0  0.0  0.0  contig_31_pilon  2552897 2553032  (376067) C rnd-2_family-247  Unknown        (824)    404    269 3042  
  660   16.5 13.8  0.5  contig_31_pilon  2553039 2553233  (375866) + rnd-2_family-247  Unknown           62    282  (946) 3043  
 1655   21.7  1.0  1.8  contig_31_pilon  2553284 2553673  (375426) + rnd-2_family-247  Unknown          803   1189   (39) 3043  
  572   26.4  3.0  0.0  contig_31_pilon  2555166 2555332  (373767) C rnd-1_family-70   Unknown          (0)    266     95 3044  
  307   14.8  2.8  0.0  contig_31_pilon  2556457 2556564  (372535) + rnd-1_family-81   Unknown         2238   2348  (521) 3045  
  248   35.8  3.0  0.0  contig_31_pilon  2556654 2556787  (372312) C ltr-1_family-25   LTR/Copia     (1124)   3368   3231 3046  
  639   33.4  3.5  3.0  contig_31_pilon  2557363 2557983  (371116) C ltr-1_family-29   LTR/Copia      (842)   2417   1794 3047  
  271   22.7  3.0  2.0  contig_31_pilon  2559707 2559805  (369294) C rnd-1_family-70   Unknown        (161)    105      6 3048  
  382   30.1  0.7  1.4  contig_31_pilon  2560275 2560419  (368680) C ltr-1_family-2    LTR/Copia     (1147)   3351   3208 3049  
  306   32.9  5.2  3.7  contig_31_pilon  2560549 2560816  (368283) C ltr-1_family-2    LTR/Copia     (1496)   3002   2731 3049  
  231   22.2  1.4  1.4  contig_31_pilon  2561408 2561480  (367619) + rnd-1_family-81   Unknown         2243   2315  (554) 3050  
 1318   19.6  2.9  2.5  contig_31_pilon  2565314 2565590  (363509) + rnd-1_family-86   Unknown          193    470  (317) 3051  
 6433    6.6  0.7  0.1  contig_31_pilon  2565799 2566629  (362470) C rnd-1_family-77   Unknown       (1071)   1679    844 3052  
 1732   21.6  0.0  0.0  contig_31_pilon  2566644 2566948  (362151) + rnd-1_family-72   Unknown          107    411  (355) 3053  
  306   36.2  4.2  4.2  contig_31_pilon  2568090 2568490  (360609) C ltr-1_family-2    LTR/Copia     (3718)    780    380 3054  
  317   22.5  0.0 16.2  contig_31_pilon  2569480 2569601  (359498) + rnd-1_family-97   Unknown         3174   3278 (1341) 3055  
  242   22.8  1.7  1.7  contig_31_pilon  2571703 2571760  (357339) + rnd-2_family-11   Unknown          174    231    (0) 3056  
 1138    8.3  0.0  0.0  contig_31_pilon  2576397 2576540  (352559) C rnd-1_family-8    Unknown        (271)    145      2 3057  
  514   20.0  1.1  0.0  contig_31_pilon  2577889 2577983  (351116) + rnd-3_family-310  Unknown            4     99  (453) 3058  
  868   25.6  1.3  1.7  contig_31_pilon  2577985 2578215  (350884) C rnd-2_family-11   Unknown          (1)    230      1 3059  
  225   19.6  2.0  0.0  contig_31_pilon  2578214 2578264  (350835) + rnd-3_family-310  Unknown          131    182  (370) 3058 *
  578   18.2  0.9  0.9  contig_31_pilon  2578357 2578467  (350632) + rnd-3_family-310  Unknown          362    472   (80) 3058  
  628   23.7  4.2  0.0  contig_31_pilon  2584161 2584375  (344724) + rnd-2_family-153  Unknown            1    224  (525) 3060  
  820   21.5  3.6  3.0  contig_31_pilon  2585173 2585474  (343625) + rnd-2_family-50   Unknown           48    351  (145) 3061  
  395   25.1  9.4  6.4  contig_31_pilon  2585212 2585530  (343569) C rnd-2_family-195  Unknown        (188)    364     37 3062 *
  272   26.9 17.6  2.8  contig_31_pilon  2585658 2585844  (343255) + rnd-2_family-194  Unknown            2    215    (1) 3063  
 1595   10.5  0.0  0.4  contig_31_pilon  2588429 2588657  (340442) + rnd-1_family-17   Unknown            1    228    (1) 3064  
  981   20.3  0.0  9.4  contig_31_pilon  2592200 2592455  (336644) C ltr-1_family-3    LTR/Unknown      (0)    254     21 3065  
 2645   12.2  0.2  0.2  contig_31_pilon  2592572 2592967  (336132) C rnd-1_family-11   Unknown          (4)    396      1 3066  
  748   26.6  1.4  0.0  contig_31_pilon  2593022 2593239  (335860) C rnd-2_family-48   Unknown          (5)    223      3 3067  
 2152   22.4  5.5  1.7  contig_31_pilon  2593244 2593975  (335124) + rnd-2_family-110  Unknown           49    807    (0) 3068  
 3162   18.8  0.9  4.8  contig_31_pilon  2595161 2595860  (333239) + rnd-2_family-156  DNA/TcMar-Tc1    848   1521   (73) 3069  
  592   25.6  1.8  3.6  contig_31_pilon  2602763 2602985  (326114) C rnd-2_family-11   Unknown         (10)    221      3 3070  
  614   19.7  8.3  0.0  contig_31_pilon  2605918 2606049  (323050) C rnd-2_family-48   Unknown         (74)    154     12 3071  
  466   24.5  0.0  0.0  contig_31_pilon  2606213 2606318  (322781) C rnd-1_family-97   Unknown       (1343)   3276   3171 3072  
 2375   16.8  0.0  0.0  contig_31_pilon  2606976 2607367  (321732) C rnd-2_family-1080 Unknown          (0)    392      1 3073  
  262   23.1  6.4 10.4  contig_31_pilon  2607528 2607667  (321432) C rnd-2_family-26   Unknown         (53)    272    138 3074  
  430   18.5  2.1  1.1  contig_31_pilon  2607706 2607798  (321301) C rnd-3_family-331  Unknown          (2)     95      2 3075  
  699   24.3  2.9  2.9  contig_31_pilon  2608313 2608558  (320541) C rnd-2_family-26   Unknown         (56)    269     24 3076  
  379   16.9 18.9  2.8  contig_31_pilon  2610202 2610323  (318776) C rnd-2_family-26   Unknown         (55)    270    130 3077  
 1070   20.2  0.0  0.5  contig_31_pilon  2617843 2618066  (311033) + rnd-2_family-247  Unknown          422    644  (584) 3078  
  381   22.7 18.4  0.0  contig_31_pilon  2618209 2618349  (310750) + rnd-2_family-247  Unknown          844   1010  (218) 3078  
  985   10.7 12.9  3.8  contig_31_pilon  2625822 2626015  (303084) C rnd-2_family-436  Unknown          (0)    211      1 3079  
  255   23.1 11.4  0.9  contig_31_pilon  2630320 2630424  (298675) + rnd-2_family-26   Unknown          159    274   (51) 3080  
  282    9.1  2.3  0.0  contig_31_pilon  2630569 2630612  (298487) + rnd-2_family-80   Unknown           14     58   (82) 3081 *
  629   15.8  7.1  0.0  contig_31_pilon  2630577 2630703  (298396) C rnd-2_family-80   Unknown          (4)    136      1 3082  
  631   19.9  6.6  4.3  contig_31_pilon  2631494 2631719  (297380) C rnd-2_family-11   Unknown          (0)    231      1 3083  
  446   25.7  0.0  0.9  contig_31_pilon  2631720 2631829  (297270) + rnd-2_family-251  Unknown           40    148    (1) 3084  
 2714   32.1  3.2  2.2  contig_31_pilon  2639663 2641347  (287752) C ltr-1_family-4    LTR/Copia        (0)   5370   3669 3085  
 1493   36.1  1.2  1.4  contig_31_pilon  2641700 2642779  (286320) C ltr-1_family-32   LTR/Copia      (283)   2563   1486 3086  
  861   26.3  1.6  3.3  contig_31_pilon  2642885 2643191  (285908) C ltr-1_family-4    LTR/Copia     (3161)   2209   1908 3087  
  788    7.1  0.0  0.0  contig_31_pilon  2643228 2643339  (285760) C ltr-1_family-12   LTR/Gypsy        (9)   7455   7344 3088 *
 2368    1.8  0.3  0.3  contig_31_pilon  2643335 2643622  (285477) C ltr-1_family-11   LTR/Unknown      (0)    289      2 3089  
36505    8.4  1.8  0.9  contig_31_pilon  2643637 2649253  (279846) C ltr-1_family-12   LTR/Gypsy       (14)   7450   1784 3090  
 8366   11.4  2.0  1.0  contig_31_pilon  2649272 2650714  (278385) C ltr-1_family-15   LTR/Unknown     (13)   1459      3 3091  
11956    6.8  1.6  1.7  contig_31_pilon  2650716 2652503  (276596) C ltr-1_family-12   LTR/Gypsy     (5677)   1787      1 3090  
 2414    2.4  0.0  0.0  contig_31_pilon  2652504 2652792  (276307) C ltr-1_family-11   LTR/Unknown      (0)    289      1 3092  
  298   34.9  0.7  0.7  contig_31_pilon  2652830 2652976  (276123) C ltr-1_family-32   LTR/Copia     (1637)   1209   1063 3086  
  637   36.7  1.8  2.3  contig_31_pilon  2653348 2653910  (275189) C ltr-1_family-4    LTR/Copia     (3939)   1431    872 3093  
  291   27.6  0.8  3.4  contig_31_pilon  2670224 2670343  (258756) C rnd-1_family-96   Unknown       (1703)   1014    898 3094  
  312   27.5  0.0  0.0  contig_31_pilon  2672678 2672757  (256342) + ltr-1_family-14   LTR/Gypsy        342    421 (4881) 3095  
 1376   33.8  0.0  0.0  contig_31_pilon  2672834 2673392  (255707) + ltr-1_family-14   LTR/Gypsy        525   1083 (4219) 3095  
  517   31.3  2.8  5.0  contig_31_pilon  2673840 2674125  (254974) + ltr-1_family-14   LTR/Gypsy       1620   1899 (3403) 3095  
 1398   32.9  2.5  0.3  contig_31_pilon  2674325 2674931  (254168) + ltr-1_family-14   LTR/Gypsy       2341   2960 (2342) 3095  
 2879   15.3  0.0  0.0  contig_31_pilon  2678780 2679250  (249849) + rnd-1_family-92   Unknown            2    472    (0) 3096  
 1166   25.7  0.9  5.8  contig_31_pilon  2679247 2679860  (249239) + rnd-1_family-73   Unknown            2    709 (1749) 3097 *
 1767   24.5  1.0  4.3  contig_31_pilon  2680086 2680593  (248506) + rnd-1_family-73   Unknown         1009   1500  (958) 3097  
 1214   27.2  2.5  3.1  contig_31_pilon  2681174 2681652  (247447) + rnd-1_family-73   Unknown         1908   2383   (75) 3097  
  293   30.4  0.0  0.0  contig_31_pilon  2682705 2682806  (246293) + rnd-1_family-73   Unknown          375    476 (1982) 3098  
  277   15.9  2.8  6.9  contig_31_pilon  2686780 2686889  (242210) C rnd-1_family-81   Unknown        (536)   2333   2234 3099  
 1752   31.6  0.8  0.4  contig_31_pilon  2687567 2688277  (240822) + ltr-1_family-14   LTR/Gypsy       2966   3679 (1623) 3100  
 2651   32.2  1.8  1.9  contig_31_pilon  2688512 2689901  (239198) + ltr-1_family-14   LTR/Gypsy       3914   5302    (0) 3100  
 1108   26.7  6.6  5.4  contig_31_pilon  2690159 2690704  (238395) C rnd-3_family-310  Unknown          (0)    552      1 3101  
  334   27.4  0.0  1.0  contig_31_pilon  2690798 2690900  (238199) + rnd-2_family-251  Unknown           47    148    (1) 3102  
  431   21.2  3.4  0.0  contig_31_pilon  2698082 2698199  (230900) C rnd-3_family-57   Unknown        (548)    709    588 3103  
 1039   18.3  9.8  0.4  contig_31_pilon  2699109 2699344  (229755) + ltr-1_family-11   LTR/Unknown       16    273   (16) 3104  
 1003   19.1  3.6  6.9  contig_31_pilon  2699400 2699652  (229447) + ltr-1_family-12   LTR/Gypsy          1    245 (7219) 3105  
 5806   21.7  1.6  3.6  contig_31_pilon  2699756 2701100  (227999) + ltr-1_family-12   LTR/Gypsy        458   1776 (5688) 3105  
 7739   22.0  1.5  1.1  contig_31_pilon  2701112 2702562  (226537) + ltr-1_family-15   LTR/Unknown        2   1458   (14) 3106  
 1332   21.9  0.0  0.0  contig_31_pilon  2702587 2702819  (226280) + ltr-1_family-12   LTR/Gypsy       1786   2018 (5446) 3105 *
23123   18.3  0.5  0.3  contig_31_pilon  2702809 2706530  (222569) + ltr-1_family-12   LTR/Gypsy       3725   7452   (12) 3105  
  323   18.2  0.0  0.0  contig_31_pilon  2719659 2719713  (209386) + rnd-2_family-323  Unknown           67    121  (258) 3107  
  600   16.0  0.9  0.0  contig_31_pilon  2720008 2720113  (208986) + ltr-1_family-12   LTR/Gypsy       7344   7450   (14) 3108  
  471   25.2  0.7  3.8  contig_31_pilon  2724451 2724586  (204513) + rnd-3_family-57   Unknown         1099   1230   (27) 3109  
 2078    8.0  0.7  1.0  contig_31_pilon  2733441 2733730  (195369) + ltr-1_family-11   LTR/Unknown        1    289    (0) 3110  
 2817   10.4  2.5  2.5  contig_31_pilon  2733731 2734250  (194849) + ltr-1_family-12   LTR/Gypsy          1    520 (6944) 3111  
21459    2.3  0.2  0.2  contig_31_pilon  2734267 2736698  (192401) + rnd-1_family-90   Unknown           10   2441    (3) 3112 *
77520    2.4  0.6  0.5  contig_31_pilon  2735402 2744389  (184710) + rnd-1_family-59   LTR/Gypsy          1   8993    (0) 3113  
21285    2.7  0.4  0.2  contig_31_pilon  2743075 2745512  (183587) + rnd-1_family-90   Unknown            4   2444    (0) 3114 *
 9643    4.9  1.3  1.4  contig_31_pilon  2745509 2746773  (182326) + ltr-1_family-12   LTR/Gypsy        525   1787 (5677) 3111 *
10199    8.4  1.7  0.4  contig_31_pilon  2746775 2748213  (180886) + ltr-1_family-15   LTR/Unknown        3   1459   (13) 3115  
 5916   10.2  1.2  1.5  contig_31_pilon  2748235 2749126  (179973) + ltr-1_family-12   LTR/Gypsy       1787   2676 (4788) 3111  
 5394    7.8  1.5  0.7  contig_31_pilon  2749123 2749861  (179238) + ltr-1_family-12   LTR/Gypsy       6720   7464    (0) 3116 *
 1959    7.1  2.1  2.1  contig_31_pilon  2749863 2750150  (178949) + ltr-1_family-11   LTR/Unknown        2    289    (0) 3117  
  801    7.1  0.0  0.0  contig_31_pilon  2750146 2750257  (178842) + ltr-1_family-12   LTR/Gypsy       7344   7455    (9) 3118 *
  336   29.6  7.8  4.1  contig_31_pilon  2750669 2750925  (178174) C rnd-2_family-323  Unknown        (113)    266      1 3119  
  948   21.9  4.1  2.4  contig_31_pilon  2754773 2755015  (174084) + rnd-2_family-323  Unknown            1    247  (132) 3120  
  483   20.1  5.3  4.0  contig_31_pilon  2755570 2755719  (173380) C rnd-2_family-399  Unknown          (1)    231     80 3121  
  334   21.1  5.0  0.7  contig_31_pilon  2765778 2766045  (163054) + rnd-1_family-81   Unknown         2131   2368  (501) 3122  
  560   14.3  0.9  2.6  contig_31_pilon  2771798 2771912  (157187) + rnd-2_family-399  Unknown           40    152   (80) 3123  
  311   21.2 11.5  9.2  contig_31_pilon  2774694 2774979  (154120) C rnd-2_family-153  Unknown        (451)    298      7 3124  
 4339   16.1  0.9  1.1  contig_31_pilon  2775830 2776572  (152527) + rnd-1_family-86   Unknown           42    783    (4) 3125  
 3831   19.6  0.1  4.2  contig_31_pilon  2776968 2777752  (151347) + rnd-1_family-72   Unknown           12    765    (1) 3126  
  229   24.5  0.0  0.0  contig_31_pilon  2778722 2778774  (150325) + rnd-1_family-61   Unknown         3040   3092  (906) 3127  
21780   13.3  0.3  1.5  contig_31_pilon  2779571 2782868  (146231) C ltr-1_family-6    LTR/Gypsy     (2001)  11401   8141 3128  
  755   26.1  2.4  2.4  contig_31_pilon  2782873 2783127  (145972) + rnd-1_family-26   Unknown         4158   4412  (136) 3129  
17333   12.3  0.2  1.6  contig_31_pilon  2783625 2786192  (142907) C ltr-1_family-6    LTR/Gypsy     (1984)  11418   8885 3130  
23739    8.9  0.8  0.7  contig_31_pilon  2786193 2789442  (139657) + rnd-1_family-41   LTR/Gypsy          1   3253 (3521) 3131  
  450   23.5  0.0  0.0  contig_31_pilon  2789443 2789540  (139559) + rnd-1_family-31   Unknown          229    326 (1939) 3132 *
 9471   17.6  0.3  0.1  contig_31_pilon  2789538 2791088  (138011) + rnd-1_family-26   Unknown          307   1859 (2689) 3133  
 6101    8.4  0.7  0.3  contig_31_pilon  2791088 2791930  (137169) + rnd-1_family-77   Unknown          837   1682 (1068) 3134 *
 9045   17.0  0.0  0.0  contig_31_pilon  2791923 2793345  (135754) + rnd-1_family-26   Unknown         1846   3268 (1280) 3133  
  388    9.1  0.0  0.0  contig_31_pilon  2793346 2793400  (135699) C rnd-1_family-55   Unknown          (0)   3653   3599 3135  
  382   12.1  4.5  0.0  contig_31_pilon  2793353 2793418  (135681) + rnd-1_family-15   DNA/MULE-F         7     75 (3632) 3136 *
  238   24.4  6.6  1.0  contig_31_pilon  2793699 2793789  (135310) C rnd-1_family-81   Unknown        (556)   2313   2218 3137  
  294    7.7  0.0  0.0  contig_31_pilon  2800640 2800678  (128421) C rnd-1_family-68   DNA/Sola-1       (5)   2401   2363 3138  
10334   23.8  1.7  1.5  contig_31_pilon  2801140 2803883  (125216) C rnd-1_family-43   DNA/Sola-1     (253)   2824     76 3139  
25305    6.1  0.7  0.3  contig_31_pilon  2810770 2813994  (115105) C rnd-1_family-47   LTR/Gypsy     (2402)   3238      1 3140 *
40606    4.5  0.2  0.2  contig_31_pilon  2812321 2818679  (110420) + rnd-1_family-56   LTR/Gypsy          1   6773    (1) 3141  
14031    3.2  0.1  0.1  contig_31_pilon  2817425 2819006  (110093) C rnd-1_family-47   LTR/Gypsy        (0)   5640   4059 3142 *
 7584    5.5  0.5  0.1  contig_31_pilon  2819005 2819999  (109100) C rnd-1_family-21   LTR/Gypsy     (8097)    999      1 3143 *
  281   12.2  0.0  0.0  contig_31_pilon  2819998 2820038  (109061) C rnd-1_family-21   LTR/Gypsy        (0)  13402  13362 3144 *
75411    4.5  0.8  0.5  contig_31_pilon  2820190 2829438   (99661) C rnd-1_family-21   LTR/Gypsy      (180)  13222      1 3144  
30226    6.5  1.4  0.8  contig_31_pilon  2829433 2833480   (95619) C rnd-1_family-47   LTR/Gypsy     (1569)   4071      1 3145 *
50843    5.9  1.6  0.7  contig_31_pilon  2835122 2842212   (86887) C rnd-1_family-64   Unknown          (0)   6475      1 3146  
 1424   24.9  1.6  0.3  contig_31_pilon  2842558 2842875   (86224) C rnd-1_family-90   Unknown        (290)   2154   1833 3147  
20713    3.1  0.5  0.6  contig_31_pilon  2846409 2848854   (80245) + rnd-1_family-90   Unknown            1   2444    (0) 3148  
 5073   12.2  0.5  0.9  contig_31_pilon  2849269 2850053   (79046) + rnd-1_family-86   Unknown            6    787    (0) 3149  
 5091   11.1  0.8  0.7  contig_31_pilon  2850449 2851207   (77892) + rnd-1_family-72   Unknown            1    760    (6) 3150  
  262   29.7  6.5  1.6  contig_31_pilon  2851801 2851923   (77176) + rnd-1_family-61   Unknown         2627   2755 (1243) 3151  
  239   28.4  1.0  1.0  contig_31_pilon  2852151 2852246   (76853) + rnd-1_family-61   Unknown         2997   3092  (906) 3151  
 8509   20.1  1.9  1.9  contig_31_pilon  2855846 2857646   (71453) C rnd-1_family-26   Unknown        (128)   4420   2620 3152  
25814    6.0  0.8  0.6  contig_31_pilon  2857652 2860899   (68200) C rnd-1_family-41   LTR/Gypsy     (3521)   3253      1 3153  
16670   14.5  1.2  0.2  contig_31_pilon  2860903 2863472   (65627) C rnd-1_family-26   Unknown       (1932)   2616     20 3152  
 1315   23.8  1.7  0.8  contig_31_pilon  2864132 2864487   (64612) C rnd-1_family-31   Unknown       (1906)    359      1 3154  
 1236   21.8  0.4  2.1  contig_31_pilon  2865546 2865789   (63310) C rnd-1_family-90   Unknown       (2204)    240      1 3155  
  238   36.4  0.0  0.0  contig_31_pilon  2865791 2865911   (63188) + rnd-1_family-67   Unknown         2319   2439 (1637) 3156 *
  279   24.6  0.0  1.4  contig_31_pilon  2865852 2865921   (63178) C rnd-1_family-46   Unknown        (352)   7165   7097 3157  
 5877    9.4  0.6  0.5  contig_31_pilon  2868145 2868998   (60101) C rnd-1_family-33   Unknown          (1)    856      2 3158  
  598   14.1  0.0  0.0  contig_31_pilon  2869802 2869893   (59206) + rnd-2_family-153  Unknown            1     92  (657) 3159  
  905   24.2  4.3 11.1  contig_31_pilon  2869914 2870374   (58725) + rnd-2_family-153  Unknown          188    620  (129) 3160  
 1361   15.7  0.9  0.4  contig_31_pilon  2875618 2875841   (53258) C rnd-1_family-17   Unknown          (0)    229      5 3161  
 1461   22.4  8.1 11.0  contig_31_pilon  2876869 2877436   (51663) + rnd-2_family-247  Unknown           93    645  (583) 3162  
  294   14.6  0.0  0.0  contig_31_pilon  2877505 2877552   (51547) + rnd-2_family-247  Unknown          662    709  (519) 3162 *
 1677   24.6  1.0  0.2  contig_31_pilon  2877549 2877952   (51147) + rnd-2_family-247  Unknown          822   1228    (0) 3163  
24991    7.0  1.2  0.4  contig_31_pilon  2878684 2881894   (47205) + rnd-1_family-47   LTR/Gypsy          1   3238 (2402) 3164  
  523   31.1  7.0  1.2  contig_31_pilon  2883243 2883486   (45613) C ltr-1_family-17   LTR/Gypsy      (813)   4412   4155 3165  
 1111    9.4  0.6  0.0  contig_31_pilon  2883652 2883810   (45289) C rnd-1_family-20   Unknown          (0)    160      1 3166  
  781   26.2  0.0  0.0  contig_31_pilon  2884884 2885104   (43995) C rnd-2_family-190  Unknown         (79)    368    148 3167  
  610   28.1  2.9  6.7  contig_31_pilon  2885120 2885504   (43595) + rnd-2_family-195  Unknown           69    439  (113) 3168  
  257   21.0  3.1  1.0  contig_31_pilon  2889322 2889417   (39682) C rnd-1_family-81   Unknown        (545)   2324   2227 3169  
  334   16.7  8.3  0.0  contig_31_pilon  2898056 2898115   (30984) + rnd-2_family-80   Unknown           34     98   (42) 3170  
  407   19.6  1.9  3.9  contig_31_pilon  2898247 2898352   (30747) + rnd-3_family-57   Unknown         1149   1252    (5) 3171  
 2319    5.4  0.0  0.7  contig_31_pilon  2898582 2898862   (30237) + rnd-1_family-2    Unknown            1    279    (2) 3172  
  276   18.4  0.0  0.0  contig_31_pilon  2899900 2899948   (29151) + rnd-2_family-270  Unknown          534    582  (197) 3173  
 1083   20.1  1.3  1.3  contig_31_pilon  2900833 2901064   (28035) + rnd-1_family-48   Unknown            1    232    (0) 3174  
  598   26.6  7.4  0.4  contig_31_pilon  2901190 2901404   (27695) + rnd-1_family-97   Unknown         3047   3276 (1343) 3175  
 7679    5.3  0.3  0.1  contig_35_pilon      2   997 (24709) C rnd-1_family-21  LTR/Gypsy     (8098)    998      1 3176  
  278   12.2  0.0  0.0  contig_35_pilon    996  1036 (24670) C ltr-1_family-6   LTR/Gypsy        (0)  13402  13362 3177 *
78651    2.8  0.4  0.3  contig_35_pilon   1366 10450 (15256) C rnd-1_family-21  LTR/Gypsy        (0)   9096      1 3178  
  298   29.8  7.7  5.7  contig_35_pilon  11268 11855 (13851) + rnd-2_family-156 DNA/TcMar-Tc1    748   1346  (248) 3179  
 1919    6.9  2.1  1.4  contig_35_pilon  13507 13787 (11919) + ltr-1_family-11  LTR/Unknown        1    283    (6) 3180  
10487    7.8  7.6  1.7  contig_35_pilon  13793 15480 (10226) + ltr-1_family-12  LTR/Gypsy          1   1787 (5677) 3181  
 1906    5.0  2.5  0.7  contig_35_pilon  15481 15762  (9944) + ltr-1_family-15  LTR/Unknown        2    288 (1184) 3182  
 1428    8.8  2.1  0.0  contig_35_pilon  15762 15954  (9752) C ltr-1_family-15  LTR/Unknown    (987)    485    289 3183 *
 5668   12.4  2.7  1.0  contig_35_pilon  15951 16926  (8780) + ltr-1_family-15  LTR/Unknown      480   1471    (1) 3182  
 5682   11.8  1.0  1.4  contig_35_pilon  16936 17829  (7877) + ltr-1_family-12  LTR/Gypsy       1786   2676 (4788) 3181  
 5126    8.3  1.5  1.1  contig_35_pilon  17826 18558  (7148) + ltr-1_family-12  LTR/Gypsy       6720   7455    (9) 3184 *
  584   26.0  9.0  1.1  contig_35_pilon  19496 19830  (5876) + rnd-1_family-66  Unknown          148    508  (211) 3185 *
 1079   22.8 10.7  3.3  contig_35_pilon  19735 20210  (5496) C rnd-2_family-195 Unknown          (0)    552     43 3186  
  395   19.9  1.7  4.4  contig_35_pilon  23284 23399  (2307) + rnd-2_family-50  Unknown           14    126  (370) 3187  
  337   22.7  1.8  0.9  contig_35_pilon  23509 23619  (2087) + rnd-2_family-50  Unknown          284    395  (101) 3187  
  295   28.8  6.9  6.5  contig_35_pilon  23743 24077  (1629) C rnd-2_family-195 Unknown         (23)    529    194 3188 *
  334   25.7  7.8  1.1  contig_35_pilon  23856 24099  (1607) + rnd-2_family-50  Unknown           23    282  (214) 3189  
  974   16.9 19.1  1.6  contig_44_pilon      2   368 (17143) + rnd-2_family-153 Unknown        56    485  (264) 3190  
  685   17.7  0.0  2.9  contig_44_pilon    630   769 (16742) + rnd-2_family-153 Unknown       488    623  (126) 3190  
  319   32.9  2.5  1.9  contig_44_pilon   1954  2114 (15397) + rnd-1_family-46  Unknown      5570   5731 (1786) 3191  
  302   28.0  4.3  4.3  contig_44_pilon   2429  2566 (14945) C rnd-1_family-67  Unknown     (609)   3467   3330 3192  
  440   32.8  5.5  5.0  contig_44_pilon   2863  3050 (14461) + rnd-1_family-26  Unknown      1416   2031  (234) 3193  
  410   32.9  2.6  1.7  contig_44_pilon   3051  3279 (14232) + rnd-1_family-15  DNA/MULE-F   1815   2045 (1662) 3194 *
 1367   30.9  5.9  3.6  contig_44_pilon   3133  3359 (14152) C rnd-1_family-67  Unknown    (1625)   2451   1594 3192  
 1625   30.0  1.8  1.9  contig_44_pilon   3360  4035 (13476) + rnd-1_family-26  Unknown      1761   2435 (2113) 3195  
 1367   30.9  5.9  3.6  contig_44_pilon   4036  4294 (13217) C rnd-1_family-67  Unknown    (1625)   1593    605 3192  
  405   32.9  4.7  4.7  contig_44_pilon   4442  4802 (12709) + rnd-1_family-26  Unknown      2839   3199 (1349) 3195  
  253   15.8  5.3  0.0  contig_44_pilon  17446 17502     (9) C rnd-1_family-46  Unknown    (2415)   5102   5043 3196  
   458   21.1  3.6  4.2  contig_45_pilon    51484   51676 (1858533) + rnd-2_family-50   Unknown            65    256   (240) 3197  
   235   19.0  0.0 10.9  contig_45_pilon    53925   53995 (1856214) + rnd-1_family-81   Unknown          2288   2351   (518) 3198  
   324   17.0  0.5  1.6  contig_45_pilon    57634   57747 (1852462) C rnd-1_family-81   Unknown         (534)   2335    2207 3199  
   264   16.9  1.7  0.0  contig_45_pilon    65194   65252 (1844957) C rnd-1_family-2    Unknown          (62)    219     160 3200  
  5080   12.5  0.6  0.3  contig_45_pilon    68397   69125 (1841084) C ltr-1_family-12   LTR/Gypsy        (14)   7450    6720 3201 *
  5961   15.0  0.5  0.2  contig_45_pilon    69122   70012 (1840197) C ltr-1_family-12   LTR/Gypsy      (4788)   2676    1784 3202  
  9622   15.3  0.8  0.1  contig_45_pilon    70026   71479 (1838730) C ltr-1_family-15   LTR/Unknown       (8)   1464       2 3203  
   336   13.7 11.9  7.8  contig_45_pilon    73042   73141 (1837068) C rnd-1_family-2    Unknown         (124)    157       1 3200  
  1255   16.1  2.7  0.0  contig_45_pilon    79116   79338 (1830871) + rnd-1_family-97   Unknown          3049   3277  (1342) 3204  
  1660   31.7  3.7  6.3  contig_45_pilon    82237   83082 (1827127) C rnd-1_family-47   LTR/Gypsy      (2617)   3023    2199 3205  
  6621    9.9  2.0  1.1  contig_45_pilon    83084   84013 (1826196) C ltr-1_family-6    LTR/Gypsy      (2000)  11402   10464 3206  
  2147   12.1  0.0  0.0  contig_45_pilon    84766   85070 (1825139) C ltr-1_family-6    LTR/Gypsy      (2941)  10461   10157 3206 *
  9032   20.3  1.5  2.1  contig_45_pilon    85064   86990 (1823219) + rnd-1_family-55   Unknown          1739   3653     (0) 3207  
  7093   14.0  0.3  0.2  contig_45_pilon    86995   88019 (1822190) + ltr-1_family-4    LTR/Copia        2498   3523  (1847) 3208 *
  7620    5.4  0.5  1.6  contig_45_pilon    88018   89029 (1821180) C rnd-1_family-21   LTR/Gypsy      (8095)   1001       1 3209  
 79146    3.6  0.6  0.7  contig_45_pilon    89030   98494 (1811715) C rnd-1_family-21   LTR/Gypsy         (0)   9096       1 3210  
  1056   14.4  1.9  0.0  contig_45_pilon    98494   98653 (1811556) + ltr-1_family-4    LTR/Copia        3518   3680  (1690) 3211 *
 21578   12.8  0.8  0.9  contig_45_pilon    98654  101908 (1808301) + rnd-1_family-41   LTR/Gypsy           1   3253  (3521) 3212  
 11764   14.2  0.6  0.1  contig_45_pilon   101909  103592 (1806617) + ltr-1_family-4    LTR/Copia        3676   5367     (3) 3211  
  1013   15.8 16.3  0.0  contig_45_pilon   103591  103793 (1806416) + ltr-1_family-3    LTR/Unknown        19    254     (0) 3213 *
   306   37.4  0.0  0.0  contig_45_pilon   118936  119066 (1791143) + rnd-1_family-41   LTR/Gypsy         879   1009  (5765) 3214  
   521   26.4  0.7  0.0  contig_45_pilon   121622  121765 (1788444) C rnd-1_family-81   Unknown         (317)   2552    2408 3215  
   316   22.6  0.0  0.9  contig_45_pilon   121772  121887 (1788322) C rnd-1_family-77   Unknown          (12)   2738    2624 3216  
  2284   20.6  6.2  0.9  contig_45_pilon   122035  122684 (1787525) C rnd-1_family-77   Unknown        (2062)    688       5 3216  
   788   22.4 28.4  1.0  contig_45_pilon   129676  129981 (1780228) + rnd-2_family-1080 Unknown             1    390     (2) 3217  
   434   11.1  0.0  0.0  contig_45_pilon   129993  130055 (1780154) + rnd-1_family-16   Unknown           184    246     (0) 3218  
   791   26.4  1.8  0.0  contig_45_pilon   130239  130458 (1779751) + rnd-1_family-97   Unknown          3062   3285  (1334) 3219  
   646   28.1  2.5  0.0  contig_45_pilon   137996  138194 (1772015) + rnd-1_family-73   Unknown          1908   2111   (347) 3220 *
  1995   18.0 10.8  0.2  contig_45_pilon   138194  138611 (1771598) + ltr-1_family-9    LTR/Unknown        32    493     (0) 3221  
 32502   15.4  0.9  0.5  contig_45_pilon   138612  144154 (1766055) + ltr-1_family-10   LTR/Gypsy           1   5568     (0) 3222  
  1695   17.1  4.4  0.6  contig_45_pilon   144153  144660 (1765549) + ltr-1_family-9    LTR/Unknown        30    493     (0) 3223 *
   496   26.9  2.6 15.9  contig_45_pilon   144661  145000 (1765209) + rnd-1_family-73   Unknown          2106   2406    (52) 3220  
   300   13.6  2.0  1.2  contig_45_pilon   146034  146138 (1764071) + rnd-1_family-81   Unknown          2223   2327   (542) 3224  
   450   22.8  6.9  2.4  contig_45_pilon   163080  163281 (1746928) + rnd-2_family-270  Unknown           483    693    (86) 3225  
   272   21.3  4.5  3.5  contig_45_pilon   163503  163614 (1746595) C rnd-2_family-50   Unknown         (307)    189      77 3226  
   367   22.2  1.9  2.3  contig_45_pilon   177490  177604 (1732605) C rnd-1_family-49   Unknown         (283)    213      29 3227  
   402   27.9  2.4  2.4  contig_45_pilon   178307  178431 (1731778) C rnd-3_family-57   Unknown           (6)   1251    1127 3228  
   395   25.2  4.8  1.0  contig_45_pilon   178948  179233 (1730976) + rnd-2_family-270  Unknown           352    778     (1) 3229 *
   813   26.8  1.1  2.7  contig_45_pilon   179231  179591 (1730618) C rnd-1_family-66   Unknown         (391)    328       5 3227  
  4795   11.2  0.6  0.6  contig_45_pilon   185053  185732 (1724477) C rnd-1_family-30   DNA/TcMar-Tc1     (3)   1086     407 3230  
  3476   18.7  0.7  0.3  contig_45_pilon   185731  186310 (1723899) + rnd-1_family-90   Unknown          1860   2441     (3) 3231 *
  2596   26.1  6.1  1.9  contig_45_pilon   186395  187135 (1723074) + ltr-1_family-12   LTR/Gypsy        1037   1807  (5657) 3232 *
  3935   26.3  0.8  1.7  contig_45_pilon   187112  187988 (1722221) + ltr-1_family-15   LTR/Unknown         2    870   (602) 3233  
   315   16.3  5.7  0.0  contig_45_pilon   188670  188792 (1721417) + rnd-1_family-81   Unknown          2222   2351   (518) 3234  
  5496   13.7  2.4  0.8  contig_45_pilon   189601  190587 (1719622) C ltr-1_family-7    LTR/Unknown       (0)   1003       1 3235  
   233   15.7  1.9  5.8  contig_45_pilon   190688  190741 (1719468) + rnd-1_family-46   Unknown          5042   5093  (2424) 3236 *
   292   21.7  0.0  0.0  contig_45_pilon   190705  190764 (1719445) C rnd-1_family-55   Unknown           (5)   3648    3589 3237  
  2677   20.4  0.9  1.1  contig_45_pilon   191833  192402 (1717807) + rnd-1_family-35   Unknown           395    963  (1669) 3238  
 17560   18.1  0.7  2.8  contig_45_pilon   192403  195707 (1714502) + rnd-1_family-47   LTR/Gypsy           1   3238  (2402) 3239  
  1541   23.6  3.1  1.9  contig_45_pilon   195708  196122 (1714087) + rnd-1_family-35   Unknown           959   1378  (1254) 3238  
  3415   22.4  1.6  2.0  contig_45_pilon   196147  196956 (1713253) + rnd-1_family-35   Unknown          1320   2126   (506) 3240  
  5699    2.6  0.4  0.5  contig_45_pilon   197838  199130 (1711079) + rnd-1_family-57   Unknown             1   1044     (0) 3241  
  3835    1.8  0.0  0.2  contig_45_pilon   199531  199974 (1710235) + rnd-1_family-94   Unknown             1    443     (0) 3242  
   842   31.3  2.2  2.4  contig_45_pilon   205384  205795 (1704414) + rnd-1_family-21   LTR/Gypsy        4837   5247  (3849) 3243  
   396   28.8  3.2  3.2  contig_45_pilon   206325  206617 (1703592) + rnd-1_family-21   LTR/Gypsy        4871   4989  (3611) 3243  
  1133   31.9  4.5  4.1  contig_45_pilon   206828  207717 (1702492) + rnd-1_family-21   LTR/Gypsy        5624   7074  (2022) 3244  
  5707    2.7  0.9  0.1  contig_45_pilon   209822  211101 (1699108) + rnd-1_family-34   Unknown             1   1042     (2) 3245  
  3884    1.6  0.0  0.0  contig_45_pilon   211513  211955 (1698254) + rnd-1_family-94   Unknown             1    443     (0) 3246  
  6005   12.4  1.4  1.7  contig_45_pilon   212735  213736 (1696473) C rnd-1_family-21   LTR/Gypsy      (8097)    999       1 3247  
   280   10.0  0.0  0.0  contig_45_pilon   213735  213774 (1696435) C ltr-1_family-6    LTR/Gypsy         (0)  13402   13363 3248 *
  3205   16.8  3.7  0.2  contig_45_pilon   214108  214697 (1695512) C rnd-1_family-21   LTR/Gypsy         (0)   9096    8486 3249 *
 46831    7.0  0.2  0.2  contig_45_pilon   214695  220505 (1689704) C rnd-1_family-21   LTR/Gypsy      (1739)   7357    1551 3250  
 45608    7.6  0.7  0.4  contig_45_pilon   220506  226339 (1683870) + rnd-1_family-21   LTR/Gypsy           1   5850  (3246) 3251  
   884   37.3  1.5  4.1  contig_45_pilon   228289  229007 (1681202) C ltr-1_family-26   LTR/Gypsy       (807)   1197     497 3252  
   305   25.0  1.2  2.4  contig_45_pilon   229925  230010 (1680199) C rnd-2_family-19   Unknown         (136)    108      24 3253  
   258   30.3  2.2  3.7  contig_45_pilon   230526  230662 (1679547) C rnd-1_family-89   DNA/TcMar-Tc1   (210)   1500    1366 3254  
  1441   22.2  3.9  2.4  contig_45_pilon   234527  234933 (1675276) + rnd-2_family-149  Unknown            11    423   (389) 3255  
   304   29.7  4.0  0.0  contig_45_pilon   234969  235069 (1675140) + rnd-1_family-5    Unknown           249    353   (684) 3256  
  1097   24.4  4.0  1.3  contig_45_pilon   235378  235747 (1674462) + rnd-1_family-40   Unknown             1    380     (2) 3257  
   980   25.5  5.6  1.2  contig_45_pilon   236423  236815 (1673394) C rnd-1_family-74   Unknown           (0)    410       1 3258  
   639   20.5  7.0  3.8  contig_45_pilon   237182  237409 (1672800) C rnd-1_family-81   Unknown         (300)   2569    2335 3259  
   339   15.7  0.0  1.2  contig_45_pilon   237421  237504 (1672705) C rnd-1_family-77   Unknown          (42)   2708    2626 3260  
  1352   20.8  3.5  0.6  contig_45_pilon   237831  238169 (1672040) C rnd-1_family-77   Unknown        (2288)    462     114 3261  
   494   26.7  4.0  0.0  contig_45_pilon   239421  239570 (1670639) C rnd-2_family-26   Unknown          (50)    275     120 3262  
   277   19.7  2.7  2.7  contig_45_pilon   239568  239640 (1670569) C rnd-3_family-331  Unknown           (1)     96      24 3263 *
  1219   16.1  1.6  0.8  contig_45_pilon   239677  239932 (1670277) + rnd-3_family-399  Unknown             2    259   (684) 3264 *
  2050   15.3  2.7  0.3  contig_45_pilon   239718  240091 (1670118) C rnd-3_family-399  Unknown           (0)    943     561 3265  
  1234   21.8  4.7  1.9  contig_45_pilon   240098  240462 (1669747) + rnd-1_family-40   Unknown             8    382     (0) 3266  
   295   15.9  2.9  1.4  contig_45_pilon   241177  241246 (1668963) C rnd-1_family-74   Unknown           (0)    410     340 3267  
   430   20.4  4.2  1.4  contig_45_pilon   241453  241596 (1668613) C rnd-1_family-74   Unknown         (262)    148       1 3267  
   569   17.0  6.9  2.6  contig_45_pilon   241600  241744 (1668465) C rnd-3_family-399  Unknown         (380)    563     413 3265  
  1016   25.2  1.4  1.0  contig_45_pilon   242438  242734 (1667475) + rnd-1_family-66   Unknown            68    365   (354) 3268  
   940   24.3  3.9  0.9  contig_45_pilon   242850  243185 (1667024) C rnd-2_family-270  Unknown          (62)    717     372 3269  
   892   16.6  0.0  0.0  contig_45_pilon   250103  250259 (1659950) C rnd-1_family-20   Unknown           (0)    160       4 3270  
  6609    8.7  0.3  3.9  contig_45_pilon   251691  252725 (1657484) C rnd-1_family-21   LTR/Gypsy      (8097)    999       1 3271  
   318    9.8  0.0  0.0  contig_45_pilon   252724  252764 (1657445) C ltr-1_family-6    LTR/Gypsy         (0)  13402   13362 3272 *
   277   31.7  1.2  3.1  contig_45_pilon   252910  253072 (1657137) C ltr-1_family-6    LTR/Gypsy       (174)  13228   13069 3272  
  4036   14.1  0.3  0.3  contig_45_pilon   253109  253778 (1656431) C rnd-1_family-21   LTR/Gypsy        (10)   9086    8417 3273  
 20573   13.1  1.3  0.6  contig_45_pilon   253782  257021 (1653188) C ltr-1_family-6    LTR/Gypsy      (2001)  11401    8141 3274  
 61671    8.4  0.6  1.0  contig_45_pilon   257027  265471 (1644738) C rnd-1_family-21   LTR/Gypsy       (683)   8413       1 3273  
   317   24.1  7.9  4.5  contig_45_pilon   268391  268542 (1641667) C rnd-1_family-26   Unknown         (235)   4313    4157 3275  
  9716   22.5  0.6  0.7  contig_45_pilon   268714  270620 (1639589) C rnd-1_family-26   Unknown         (583)   3965    2061 3275  
   329   16.1  0.0  1.8  contig_45_pilon   270897  270953 (1639256) C rnd-1_family-26   Unknown        (2470)   2078    2023 3275  
  5204   13.5  2.7  2.0  contig_45_pilon   270954  271949 (1638260) C ltr-1_family-7    LTR/Unknown       (0)   1003       1 3276  
   685   23.4  0.0  0.0  contig_45_pilon   271950  272077 (1638132) C rnd-1_family-26   Unknown        (2521)   2027    1900 3275  
   429   25.3  8.2  0.8  contig_45_pilon   284334  284552 (1625657) C rnd-2_family-50   Unknown         (106)    390     156 3277  
   292   30.1  6.3  2.0  contig_45_pilon   284385  284574 (1625635) + rnd-2_family-195  Unknown           119    316   (236) 3278 *
   407   24.6  0.0  2.2  contig_45_pilon   284871  285007 (1625202) C rnd-2_family-272  Unknown        (7111)    960     827 3279  
   327   27.8  2.6  0.0  contig_45_pilon   285399  285513 (1624696) C rnd-2_family-272  Unknown        (6691)   1380    1263 3280  
   474   25.8  2.8  3.2  contig_45_pilon   285523  285770 (1624439) C rnd-2_family-272  Unknown        (7035)   1036     790 3280  
  1020   23.1  3.4  2.1  contig_45_pilon   286100  286480 (1623729) C rnd-2_family-50   Unknown         (110)    386       1 3281  
   473   28.9  1.4  8.7  contig_45_pilon   286251  286621 (1623588) + rnd-2_family-272  Unknown           254    599  (7472) 3282 *
  2359    9.4  0.0  8.2  contig_45_pilon   286889  287284 (1622925) C rnd-1_family-52   Unknown           (0)    458      93 3283  
 11185   23.0  1.8  1.9  contig_45_pilon   292486  292937 (1617272) C rnd-1_family-55   Unknown           (1)   3652    1044 3284  
 11686   20.6  0.5  0.1  contig_45_pilon   292938  295097 (1615112) + rnd-1_family-15   DNA/MULE-F        286   2453  (1254) 3285  
 11455   24.3  1.4  2.2  contig_45_pilon   295097  298000 (1612209) C rnd-1_family-24   Unknown         (422)   4126    1245 3286 *
  4515    1.4  0.0  0.2  contig_45_pilon   298467  298972 (1611237) + ltr-1_family-27   LTR/Unknown         1    505     (0) 3287 *
 10956    3.5  0.8  0.0  contig_45_pilon   298967  300254 (1609955) + ltr-1_family-26   LTR/Gypsy           1   1298   (706) 3288  
  6364   27.8  2.2  1.7  contig_45_pilon   300245  302346 (1607863) + ltr-1_family-10   LTR/Gypsy        1563   3675  (1893) 3289 *
  1965    3.4  0.0  0.4  contig_45_pilon   302342  302574 (1607635) + ltr-1_family-26   LTR/Gypsy        1284   1515   (489) 3290 *
  3154   29.2  1.5  0.9  contig_45_pilon   302575  303597 (1606612) + ltr-1_family-10   LTR/Gypsy        3811   4839   (729) 3289  
 18494   16.5  0.7  2.6  contig_45_pilon   303607  306908 (1603301) + rnd-1_family-47   LTR/Gypsy           1   3241  (2399) 3291  
   951   32.0  2.2  0.7  contig_45_pilon   306911  307326 (1602883) + ltr-1_family-10   LTR/Gypsy        4849   5270   (298) 3289  
  3991    5.2  0.0  0.0  contig_45_pilon   307327  307803 (1602406) + ltr-1_family-26   LTR/Gypsy        1528   2004     (0) 3292  
  4655    0.0  0.0  0.0  contig_45_pilon   307804  308308 (1601901) + ltr-1_family-27   LTR/Unknown         1    505     (0) 3293  
   277   30.0  0.0  0.0  contig_45_pilon   308330  308399 (1601810) C rnd-3_family-189  Unknown         (323)     73       4 3294  
 25391    6.0  0.8  0.3  contig_45_pilon   308712  311948 (1598261) + rnd-1_family-41   LTR/Gypsy           1   3253  (3521) 3295  
  1171   20.3  1.5  1.9  contig_45_pilon   312463  312728 (1597481) + rnd-1_family-70   Unknown             2    266     (0) 3296  
  6818    8.2  0.4  1.5  contig_45_pilon   312843  313852 (1596357) + rnd-1_family-21   LTR/Gypsy           1    999  (8097) 3297  
  1521   10.3  1.8  0.4  contig_45_pilon   324893  325117 (1585092) + rnd-1_family-17   Unknown             1    228     (1) 3298  
   355   29.6  2.9  1.9  contig_45_pilon   325317  325523 (1584686) C rnd-3_family-399  Unknown         (226)    717     509 3299  
  2739   26.8  4.9  4.4  contig_45_pilon   326471  327472 (1582737) C rnd-2_family-247  Unknown           (0)   1228     222 3300  
   391   25.3  8.3  4.0  contig_45_pilon   327470  327638 (1582571) C rnd-2_family-247  Unknown         (938)    290     115 3301 *
   638   23.9  4.5 12.8  contig_45_pilon   328858  329102 (1581107) C rnd-2_family-323  Unknown         (152)    227       1 3302  
   310   23.8  2.4  0.0  contig_45_pilon   329124  329207 (1581002) + rnd-2_family-149  Unknown           677    762    (50) 3303  
   283   17.2  0.8  7.2  contig_45_pilon   331104  331342 (1578867) C rnd-1_family-81   Unknown         (533)   2336    2217 3304  
   461   18.3 10.8  4.9  contig_45_pilon   332668  332880 (1577329) C rnd-2_family-153  Unknown         (331)    418     194 3305  
   525   25.0  7.1  2.8  contig_45_pilon   348016  348396 (1561813) C rnd-2_family-270  Unknown          (62)    717     175 3306  
  1258   22.7  6.0  1.9  contig_45_pilon   348928  349394 (1560815) + rnd-3_family-9    Unknown            31    516    (76) 3307  
  6338    7.2  0.6  0.1  contig_45_pilon   349551  350379 (1559830) C rnd-1_family-77   Unknown        (1074)   1676     844 3308  
  1205   18.5  2.6  4.0  contig_45_pilon   355177  355480 (1554729) + rnd-2_family-110  Unknown           508    807     (0) 3309  
   524   30.1  4.1  5.3  contig_45_pilon   360623  360984 (1549225) C rnd-3_family-399  Unknown          (54)    889     532 3310  
  2227    7.6  0.3  0.7  contig_45_pilon   361618  361907 (1548302) + ltr-1_family-11   LTR/Unknown         1    289     (0) 3311  
  9595   14.2  5.0  2.9  contig_45_pilon   361908  363658 (1546551) + ltr-1_family-12   LTR/Gypsy           1   1787  (5677) 3312  
  9694   14.3  0.8  0.1  contig_45_pilon   363659  365103 (1545106) + ltr-1_family-15   LTR/Unknown         2   1456    (16) 3313  
 40384   11.9  0.5  0.3  contig_45_pilon   365124  370780 (1539429) + ltr-1_family-12   LTR/Gypsy        1784   7450    (14) 3312  
  2299    6.6  0.3  0.0  contig_45_pilon   370795  371082 (1539127) + ltr-1_family-11   LTR/Unknown         1    289     (0) 3314  
   718    8.5  0.9  0.0  contig_45_pilon   371079  371184 (1539025) + ltr-1_family-12   LTR/Gypsy        7345   7451    (13) 3315 *
  6159   12.4  1.7  0.3  contig_45_pilon   371308  372294 (1537915) C rnd-1_family-21   LTR/Gypsy      (8095)   1001       1 3316  
   277   38.0  1.3  1.3  contig_45_pilon   375438  375589 (1534620) + rnd-1_family-47   LTR/Gypsy        2267   2418  (3222) 3317  
   463   37.0  1.9  2.2  contig_45_pilon   378740  379060 (1531149) + ltr-1_family-21   LTR/Gypsy        2721   3040  (2722) 3318  
   263   12.5  0.0  0.0  contig_45_pilon   396795  396834 (1513375) C rnd-3_family-310  Unknown           (3)    549     510 3319  
  1232   20.2  2.5  0.7  contig_45_pilon   396873  397151 (1513058) C rnd-3_family-310  Unknown          (12)    540     257 3319  
   435   18.7  0.0  0.0  contig_45_pilon   405271  405345 (1504864) C rnd-1_family-37   Unknown          (18)    180     106 3320  
  7944   17.2  0.4  0.2  contig_45_pilon   406274  407534 (1502675) C ltr-1_family-12   LTR/Gypsy        (14)   7450    6188 3321 *
 18390   17.8  3.0  0.7  contig_45_pilon   407530  411250 (1498959) C ltr-1_family-12   LTR/Gypsy      (1428)   6036    2231 3321  
  2771   18.9  0.4  0.4  contig_45_pilon   411288  411766 (1498443) C ltr-1_family-12   LTR/Gypsy      (5202)   2262    1784 3321  
  7905   21.7  1.0  0.3  contig_45_pilon   411785  413231 (1496978) C ltr-1_family-15   LTR/Unknown      (13)   1459       2 3322  
  1936   27.3  1.3  2.2  contig_45_pilon   413237  413697 (1496512) C ltr-1_family-12   LTR/Gypsy      (5682)   1782    1326 3321  
  1001   23.9  6.8  5.2  contig_45_pilon   413698  414419 (1495790) C rnd-1_family-21   LTR/Gypsy     (12921)    481       1 3323 *
  4836   21.7  4.6  5.2  contig_45_pilon   414419  415757 (1494452) C ltr-1_family-12   LTR/Gypsy      (6133)   1331       1 3321  
  1393   15.5  3.4  1.5  contig_45_pilon   415758  416025 (1494184) C ltr-1_family-11   LTR/Unknown       (0)    289      17 3324  
   475   22.1  0.0  0.0  contig_45_pilon   416928  417013 (1493196) C rnd-1_family-37   Unknown         (103)     95      10 3320  
   300   21.1  7.9  0.0  contig_45_pilon   417384  417459 (1492750) + rnd-1_family-97   Unknown          3187   3268  (1351) 3325  
   339   30.6  5.7  0.6  contig_45_pilon   420034  420191 (1490018) + rnd-1_family-5    Unknown           236    401   (636) 3326  
   478   29.1  6.8  1.8  contig_45_pilon   421377  421698 (1488511) + rnd-2_family-50   Unknown            86    423    (73) 3327  
   512   28.1  3.4  2.0  contig_45_pilon   422119  422617 (1487592) + rnd-1_family-3    Unknown             1    509   (210) 3328 *
  1936   22.4  3.8  1.2  contig_45_pilon   422516  423017 (1487192) C rnd-2_family-195  Unknown           (0)    552      38 3329  
  1104   24.9  9.0  1.7  contig_45_pilon   423198  423657 (1486552) + rnd-2_family-270  Unknown           151    774     (5) 3330  
   781    4.7  0.9  0.0  contig_45_pilon   429322  429427 (1480782) C ltr-1_family-12   LTR/Gypsy        (14)   7450    7344 3331 *
  2543    1.7  0.3  0.0  contig_45_pilon   429423  429710 (1480499) C ltr-1_family-11   LTR/Unknown       (0)    289       1 3332  
 42298    6.4  0.9  0.9  contig_45_pilon   429714  435391 (1474818) C ltr-1_family-12   LTR/Gypsy         (2)   7462    1784 3333  
 10664    8.4  0.9  0.4  contig_45_pilon   435410  436860 (1473349) C ltr-1_family-15   LTR/Unknown      (13)   1459       2 3334  
 12187    7.8  2.4  1.4  contig_45_pilon   436861  438629 (1471580) C ltr-1_family-12   LTR/Gypsy      (5677)   1787       1 3333  
  2560    1.7  0.0  0.0  contig_45_pilon   438630  438918 (1471291) C ltr-1_family-11   LTR/Unknown       (0)    289       1 3335  
   236   30.2  2.0  2.0  contig_45_pilon   445150  445247 (1464962) + ltr-1_family-10   LTR/Gypsy        4458   4555  (1013) 3336  
   351   14.8  4.0  1.6  contig_45_pilon   457709  457848 (1452361) C rnd-1_family-81   Unknown         (503)   2366    2232 3337  
   293   25.8  6.8  4.1  contig_45_pilon   458633  458822 (1451387) C rnd-2_family-50   Unknown         (136)    360     166 3338  
   241   22.0  0.0  1.7  contig_45_pilon   458839  458898 (1451311) C rnd-2_family-50   Unknown         (437)     59       1 3338  
   538   23.7  2.1  2.1  contig_45_pilon   461239  461428 (1448781) C rnd-2_family-50   Unknown         (306)    190       1 3339  
   296   28.8  6.5  7.3  contig_45_pilon   461259  461520 (1448689) + rnd-2_family-195  Unknown           281    540    (12) 3340 *
   290   32.1  2.2  1.5  contig_45_pilon   463183  463318 (1446891) C rnd-2_family-80   Unknown           (2)    138       2 3341  
   339   23.4 12.3  4.0  contig_45_pilon   464495  464632 (1445577) + rnd-2_family-26   Unknown           123    271    (54) 3342  
   344   22.6 10.9  3.4  contig_45_pilon   464697  464861 (1445348) C rnd-1_family-96   Unknown        (1754)    963     787 3343  
   296   25.0  0.8 14.0  contig_45_pilon   465406  465526 (1444683) C rnd-2_family-80   Unknown           (0)    140      34 3344  
   405   23.5  1.0  0.0  contig_45_pilon   467595  467692 (1442517) + rnd-1_family-97   Unknown          3174   3272  (1347) 3345  
   308   16.1  0.0  0.0  contig_45_pilon   478311  478366 (1431843) + rnd-2_family-50   Unknown           122    177   (319) 3346  
   745   24.2  3.7  1.8  contig_45_pilon   478493  478761 (1431448) + rnd-2_family-50   Unknown           101    374   (122) 3347  
  2063   22.9  1.7  2.2  contig_45_pilon   478803  479487 (1430722) + rnd-1_family-4    Unknown             1   1145   (491) 3348  
   324   23.9  0.9 16.5  contig_45_pilon   479491  479595 (1430614) + rnd-2_family-80   Unknown            48    138     (2) 3349  
   581   22.8  1.4  2.2  contig_45_pilon   479742  479880 (1430329) + rnd-2_family-80   Unknown             3    140     (0) 3350  
   390   29.0  7.8  5.6  contig_45_pilon   480698  481296 (1428913) + rnd-2_family-156  DNA/TcMar-Tc1     727   1338   (256) 3351  
  1944    7.2  2.1  1.1  contig_45_pilon   482974  483256 (1426953) + ltr-1_family-11   LTR/Unknown         1    286     (3) 3352  
 11473    6.5  7.2  1.3  contig_45_pilon   483259  484947 (1425262) + ltr-1_family-12   LTR/Gypsy           1   1787  (5677) 3353  
  2009    8.8  1.4  0.3  contig_45_pilon   484948  485231 (1424978) + ltr-1_family-15   LTR/Unknown         2    288  (1184) 3354  
  1634    4.1  0.5  0.0  contig_45_pilon   485231  485426 (1424783) C ltr-1_family-15   LTR/Unknown     (987)    485     289 3355 *
  7496    8.5  0.4  0.1  contig_45_pilon   485423  486411 (1423798) + ltr-1_family-15   LTR/Unknown       480   1471     (1) 3354  
  6939    7.7  0.7  0.2  contig_45_pilon   486421  488040 (1422169) + ltr-1_family-12   LTR/Gypsy        1786   2710  (4754) 3353  
   653   27.4  7.2  0.8  contig_45_pilon   488960  489319 (1420890) + rnd-1_family-66   Unknown           126    508   (211) 3356 *
  1132   24.9  8.7  1.9  contig_45_pilon   489224  489706 (1420503) C rnd-2_family-195  Unknown           (0)    552      38 3357  
   481   20.2  1.6  2.4  contig_45_pilon   492772  492898 (1417311) + rnd-2_family-50   Unknown             1    126   (370) 3358  
   382   21.6  0.9  0.9  contig_45_pilon   493012  493123 (1417086) + rnd-2_family-50   Unknown           284    395   (101) 3358  
   449   20.8  3.5  0.0  contig_45_pilon   493380  493523 (1416686) + rnd-2_family-50   Unknown            46    194   (302) 3359  
   437   29.6  3.9  2.1  contig_45_pilon   493524  493605 (1416604) C rnd-2_family-195  Unknown         (143)    404     175 3360  
  3334    6.1  0.2  1.7  contig_45_pilon   500741  501210 (1408999) C ltr-1_family-6    LTR/Gypsy     (12921)    481      19 3361  
  1578   11.9  1.9  1.4  contig_45_pilon   501076  501444 (1408765) C ltr-1_family-5    LTR/Unknown     (629)    374       1 3362 *
   702   26.7 13.5  3.4  contig_45_pilon   506177  506702 (1403507) + rnd-1_family-66   Unknown             1    525   (194) 3363  
   633   25.8 10.5  0.9  contig_45_pilon   506589  506954 (1403255) C rnd-2_family-270  Unknown          (27)    752     158 3364 *
   399   28.3  0.7  0.7  contig_45_pilon   507203  507348 (1402861) C rnd-2_family-270  Unknown         (325)    454     309 3364  
   262   25.7  0.0  1.4  contig_45_pilon   511985  512059 (1398150) C rnd-1_family-69   Unknown           (6)    210     137 3365  
   791   22.5  1.2  0.0  contig_45_pilon   515259  515427 (1394782) C rnd-2_family-194  Unknown           (0)    216      46 3366  
   290   27.8  2.9  4.4  contig_45_pilon   515854  515992 (1394217) C rnd-1_family-44   Unknown         (374)   1240    1104 3367  
  2099   18.2  0.2  1.0  contig_45_pilon   516097  516512 (1393697) C rnd-2_family-149  Unknown         (383)    429      17 3368  
   474   26.7  1.2  1.2  contig_45_pilon   516516  516678 (1393531) C rnd-2_family-50   Unknown         (102)    394     232 3369  
   497   28.4  7.8  2.8  contig_45_pilon   517141  517448 (1392761) C rnd-1_family-66   Unknown         (241)    478     156 3370  
   233   10.9  0.0  8.1  contig_45_pilon   521047  521086 (1389123) C rnd-2_family-26   Unknown          (73)    252     216 3371  
   549   24.2 15.2  0.0  contig_45_pilon   521107  521271 (1388938) C rnd-3_family-57   Unknown          (23)   1234    1045 3372  
  1518   17.2  0.0  8.4  contig_45_pilon   521321  521681 (1388528) C rnd-3_family-57   Unknown         (504)    753     421 3372  
  1193   22.7  4.0  5.0  contig_45_pilon   524969  525395 (1384814) C rnd-2_family-50   Unknown          (73)    423       1 3373  
   492   28.3  4.8  9.0  contig_45_pilon   525396  525593 (1384616) + rnd-2_family-272  Unknown            39    662  (7409) 3374  
   391   32.7  3.0  5.2  contig_45_pilon   525511  525807 (1384402) C rnd-1_family-66   Unknown         (351)    368      78 3375 *
   497   22.4  1.7  0.0  contig_45_pilon   525902  526017 (1384192) C rnd-2_family-149  Unknown         (596)    216      99 3376  
   996   24.6 11.1  1.6  contig_45_pilon   531356  531806 (1378403) + rnd-3_family-9    Unknown            66    558    (34) 3377  
   263   19.7  6.1  0.0  contig_45_pilon   536883  536948 (1373261) + rnd-2_family-26   Unknown           182    251    (74) 3378  
   710   12.7 11.9 10.2  contig_45_pilon   543852  544044 (1366165) C rnd-2_family-436  Unknown           (0)    211      16 3379  
   561   28.0  5.2  1.4  contig_45_pilon   552191  552400 (1357809) + rnd-2_family-26   Unknown            57    274    (51) 3380  
   435   25.3  3.7  2.4  contig_45_pilon   554098  554259 (1355950) + rnd-2_family-11   Unknown            61    224     (7) 3381  
  1783    9.3  8.9  0.4  contig_45_pilon   554628  554886 (1355323) + rnd-1_family-2    Unknown             1    281     (0) 3382  
   967   23.8  2.2  0.4  contig_45_pilon   554934  555157 (1355052) C rnd-1_family-97   Unknown        (1343)   3276    3049 3383  
   676   27.0  5.4  3.1  contig_45_pilon   555691  556042 (1354167) C rnd-2_family-50   Unknown         (107)    389      30 3384  
   449   28.0  8.7  3.8  contig_45_pilon   555770  556148 (1354061) + rnd-2_family-195  Unknown           156    552     (0) 3385 *
   436   22.3  0.7  8.3  contig_45_pilon   560040  560181 (1350028) + rnd-1_family-97   Unknown          3146   3277  (1342) 3386  
   510   18.2 17.4  0.0  contig_45_pilon   572953  573084 (1337125) + rnd-2_family-194  Unknown            62    216     (0) 3387  
  4095    3.5  3.3  0.2  contig_45_pilon   584911  585400 (1324809) C rnd-1_family-58   Unknown           (1)    505       1 3388  
  1736   17.3  6.0  1.9  contig_45_pilon   585550  585896 (1324313) C rnd-1_family-8    Unknown          (53)    363       3 3389  
   539   25.8  1.9  0.0  contig_45_pilon   586269  586423 (1323786) C rnd-1_family-97   Unknown        (1416)   3203    3046 3390  
   332   20.0  2.2  1.1  contig_45_pilon   587270  587360 (1322849) + rnd-3_family-9    Unknown            58    149   (443) 3391  
  2139   10.5  0.0  0.7  contig_45_pilon   587920  588207 (1322002) + rnd-1_family-11   Unknown             1    286   (114) 3392  
  1605   11.1  0.4  0.4  contig_45_pilon   588206  588431 (1321778) + rnd-1_family-17   Unknown             2    227     (2) 3393 *
   797   14.3  0.8  0.8  contig_45_pilon   588418  588551 (1321658) + rnd-1_family-11   Unknown           264    397     (3) 3392 *
   510   20.0  1.1  0.0  contig_45_pilon   589329  589423 (1320786) + rnd-3_family-331  Unknown             1     96     (1) 3394  
   463   21.5  3.7  0.0  contig_45_pilon   589434  589540 (1320669) + rnd-2_family-26   Unknown           132    242    (83) 3395  
   414   20.4  1.1  0.0  contig_45_pilon   589694  589781 (1320428) + rnd-1_family-37   Unknown             1     89   (109) 3396  
   486   10.6  1.5  0.0  contig_45_pilon   590132  590197 (1320012) + rnd-1_family-37   Unknown           132    198     (0) 3396  
   914   17.6  4.9  8.5  contig_45_pilon   598341  598735 (1311474) + rnd-2_family-153  Unknown             1    486   (263) 3397  
   659   20.2  3.5  2.3  contig_45_pilon   598857  599028 (1311181) + rnd-2_family-153  Unknown           456    629   (120) 3397  
  3580   20.3  0.4  0.4  contig_45_pilon   599362  600094 (1310115) C rnd-1_family-78   Unknown           (0)    753      21 3398  
  1819    0.0  0.0  0.0  contig_45_pilon   600104  600314 (1309895) + ltr-1_family-28   LTR/Unknown         1    211     (0) 3399  
 28678    0.0  0.0  0.0  contig_45_pilon   600315  603462 (1306747) + ltr-1_family-29   LTR/Copia           1   3148   (111) 3400  
   678   32.3  7.1  6.2  contig_45_pilon   603463  604948 (1305261) + ltr-1_family-2    LTR/Copia        2842   4340   (158) 3401  
  1027    0.0  0.0  0.0  contig_45_pilon   604949  605059 (1305150) + ltr-1_family-29   LTR/Copia        3149   3259     (0) 3402  
  1674    4.7  0.0  0.0  contig_45_pilon   605060  605270 (1304939) + ltr-1_family-28   LTR/Unknown         1    211     (0) 3403  
  1116   21.6  0.8  1.1  contig_45_pilon   605814  606080 (1304129) C rnd-1_family-70   Unknown           (0)    266       1 3404  
   442   33.1  4.2  1.9  contig_45_pilon   606254  606515 (1303694) C rnd-1_family-78   Unknown          (93)    660     393 3405  
   381   24.3  7.6  6.2  contig_45_pilon   607224  607460 (1302749) C rnd-1_family-70   Unknown           (0)    266      27 3406  
   906   28.3 10.7  0.9  contig_45_pilon   607581  608149 (1302060) C rnd-1_family-78   Unknown          (12)    741     117 3407  
   513   27.6  2.7  2.7  contig_45_pilon   608691  608951 (1301258) C rnd-1_family-70   Unknown           (0)    266       6 3408  
   296   27.0  2.1  3.6  contig_45_pilon   608970  609111 (1301098) + rnd-1_family-40   Unknown            40    179   (203) 3409  
   855   20.7  5.2  5.2  contig_45_pilon   624047  624275 (1285934) C rnd-1_family-97   Unknown        (1342)   3277    3049 3410  
   688   25.8  0.6  0.0  contig_45_pilon   629518  629699 (1280510) + rnd-2_family-110  Unknown           540    722    (85) 3411  
   933   17.6  0.0  0.0  contig_45_pilon   629718  629876 (1280333) + rnd-1_family-97   Unknown          3118   3276  (1343) 3412  
   444    9.0  2.5  2.5  contig_45_pilon   629892  629971 (1280238) + rnd-2_family-110  Unknown           722    801     (6) 3413  
   462   19.3  5.3 11.2  contig_45_pilon   651979  652147 (1258062) + rnd-1_family-97   Unknown          3045   3204  (1415) 3414  
   383   24.8 10.8  1.3  contig_45_pilon   656913  657051 (1253158) C rnd-2_family-399  Unknown          (36)    196      45 3415  
  3995    4.1  4.5  0.0  contig_45_pilon   675815  676297 (1233912) C rnd-1_family-58   Unknown           (1)    505       1 3416  
  1315    8.1 10.3  0.0  contig_45_pilon   676299  676483 (1233726) C rnd-1_family-48   Unknown          (17)    215      12 3417  
   648   21.7 17.7  0.0  contig_45_pilon   677397  677599 (1232610) C rnd-2_family-108  Unknown          (22)    279      41 3418  
   522   21.3  2.8  0.0  contig_45_pilon   679101  679208 (1231001) + rnd-1_family-5    Unknown           291    401   (636) 3419  
   507   22.4  4.0  0.8  contig_45_pilon   684386  684511 (1225698) + rnd-1_family-5    Unknown           272    401   (636) 3420  
  1013   24.1  3.4  2.2  contig_45_pilon   685457  685808 (1224401) + rnd-2_family-50   Unknown            29    384   (112) 3421  
   354   26.5  2.3 14.5  contig_45_pilon   714220  714435 (1195774) C rnd-2_family-19   Unknown          (51)    193       1 3422  
   310   25.0  0.0  1.2  contig_45_pilon   715427  715511 (1194698) C rnd-2_family-26   Unknown         (218)    107      24 3423  
   512   29.5  3.6  4.7  contig_45_pilon   716629  717116 (1193093) + rnd-1_family-3    Unknown            10    465   (254) 3424  
  1496   21.5  0.9  2.4  contig_45_pilon   717900  718318 (1191891) C rnd-2_family-195  Unknown         (105)    447      35 3425  
   321   22.5  1.0  6.1  contig_45_pilon   718485  718588 (1191621) C rnd-2_family-110  Unknown           (5)    802     704 3426  
   308   20.8  1.0  3.1  contig_45_pilon   718900  718998 (1191211) + rnd-2_family-110  Unknown           205    301   (506) 3427  
   721   24.2  5.7  4.8  contig_45_pilon   719690  719936 (1190273) C rnd-2_family-26   Unknown          (53)    272      24 3428  
   229   15.8  2.6  0.0  contig_45_pilon   723894  723931 (1186278) C rnd-1_family-37   Unknown           (6)    192     154 3429 *
  1141   16.8  3.6  0.5  contig_45_pilon   723905  724096 (1186113) + rnd-1_family-37   Unknown             1    198     (0) 3430  
  3720    8.9  0.2  6.5  contig_45_pilon   726173  726712 (1183497) C ltr-1_family-21   LTR/Gypsy      (1069)   4693    4186 3431  
   665   18.1  0.0  0.0  contig_45_pilon   727807  727922 (1182287) C rnd-2_family-247  Unknown           (6)   1222    1107 3432  
  1012   21.5  0.0  1.4  contig_45_pilon   727960  728171 (1182038) C rnd-2_family-247  Unknown         (579)    649     441 3432  
   482   29.5  0.8  0.0  contig_45_pilon   728163  728284 (1181925) C rnd-2_family-149  Unknown         (673)    139      17 3433 *
   552   23.2  1.6  4.4  contig_45_pilon   743851  744035 (1166174) + rnd-2_family-11   Unknown            45    224     (7) 3434  
   667   25.5  7.2  1.5  contig_45_pilon   744526  744844 (1165365) + rnd-3_family-310  Unknown            20    356   (196) 3435  
  1088   22.0  0.9  0.4  contig_45_pilon   744848  745080 (1165129) C rnd-3_family-310  Unknown           (0)    552     319 3436  
   627   18.7  0.0  0.0  contig_45_pilon   745197  745303 (1164906) C rnd-3_family-310  Unknown         (419)    133      27 3436  
  1055   18.2  1.0  0.5  contig_45_pilon   745318  745516 (1164693) + rnd-3_family-310  Unknown           353    552     (0) 3435  
  1044   19.7  4.8  0.0  contig_45_pilon   745585  745792 (1164417) C rnd-1_family-97   Unknown        (1343)   3276    3059 3437  
   344   26.3  6.9  1.4  contig_45_pilon   746497  746627 (1163582) + rnd-2_family-251  Unknown             1    138    (11) 3438  
   660   19.8  2.8 12.3  contig_45_pilon   746743  746990 (1163219) + rnd-2_family-399  Unknown             5    231     (1) 3439  
   438   31.9  0.7  0.0  contig_45_pilon   747177  747311 (1162898) C rnd-3_family-57   Unknown           (0)   1257    1122 3440  
   235   25.4  1.2  5.0  contig_45_pilon   747692  747774 (1162435) + rnd-2_family-19   Unknown           164    243     (1) 3441  
   414   22.0  0.0  1.1  contig_45_pilon   748408  748499 (1161710) C rnd-3_family-310  Unknown          (32)    520     430 3442  
   463   26.8  6.0 10.4  contig_45_pilon   748532  748731 (1161478) C rnd-3_family-310  Unknown         (356)    196       5 3442  
   230   25.8  0.0  1.5  contig_45_pilon   749214  749280 (1160929) + rnd-1_family-51   Unknown          4589   4654  (2660) 3443  
  3190    9.4  0.0  1.0  contig_45_pilon   749703  750122 (1160087) C rnd-1_family-8    Unknown           (0)    416       1 3444  
   551   24.0 13.6  0.5  contig_45_pilon   750583  750766 (1159443) C rnd-2_family-436  Unknown           (3)    208       1 3445  
   361   20.2  0.0  9.5  contig_45_pilon   757572  757675 (1152534) + rnd-2_family-26   Unknown           167    261    (64) 3446  
   524    6.2  0.0  0.0  contig_45_pilon   764246  764309 (1145900) + rnd-2_family-156  DNA/TcMar-Tc1      10     73  (1521) 3447 *
  1454    9.8  5.8  0.0  contig_45_pilon   764307  764511 (1145698) C rnd-1_family-11   Unknown           (1)    399     183 3448  
   460   22.4  1.0  0.0  contig_45_pilon   764502  764599 (1145610) + rnd-1_family-58   Unknown           357    455    (51) 3449 *
   701   14.5  5.3  0.7  contig_45_pilon   764623  764754 (1145455) C rnd-2_family-156  DNA/TcMar-Tc1   (605)    989     852 3450  
   619   24.5  8.5  3.3  contig_45_pilon   765266  765680 (1144529) + rnd-1_family-3    Unknown             4    517   (202) 3451 *
  1088   22.5  4.4  5.0  contig_45_pilon   765580  765939 (1144270) C rnd-2_family-195  Unknown           (0)    552     195 3452  
   664   20.6  2.0  0.0  contig_45_pilon   766766  766911 (1143298) + rnd-2_family-399  Unknown            82    230     (2) 3453  
   527   22.5  0.6  6.1  contig_45_pilon   768181  768336 (1141873) C rnd-1_family-2    Unknown           (2)    279     132 3454 *
  1323   13.1  0.5  0.0  contig_45_pilon   768202  768392 (1141817) + rnd-1_family-37   Unknown             5    196     (2) 3455  
  1421   11.3  0.9  1.4  contig_45_pilon   768416  768630 (1141579) C rnd-1_family-17   Unknown           (2)    227      14 3456  
   233   23.6  5.6  0.0  contig_45_pilon   773895  773966 (1136243) C rnd-2_family-26   Unknown         (112)    213     138 3457  
  1443   19.3  8.5  5.4  contig_45_pilon   774121  774590 (1135619) + rnd-2_family-195  Unknown            32    515    (37) 3458  
   555   19.0  4.1  0.8  contig_45_pilon   774672  774793 (1135416) C rnd-2_family-26   Unknown          (69)    256     131 3459  
   486   12.5  9.0  1.0  contig_45_pilon   774803  774891 (1135318) C rnd-3_family-331  Unknown           (1)     96       1 3460  
   459   30.8  8.3  3.3  contig_45_pilon   781094  781298 (1128911) C rnd-1_family-97   Unknown        (1343)   3276    3062 3461  
   761   20.1  9.1  5.2  contig_45_pilon   785458  785699 (1124510) + rnd-2_family-149  Unknown           256    506   (306) 3462  
   463   29.9  2.4  0.0  contig_45_pilon   786179  786342 (1123867) C rnd-1_family-5    Unknown         (635)    402     235 3463  
   233   31.2  8.2  2.6  contig_45_pilon   786384  786567 (1123642) + rnd-1_family-97   Unknown          2285   2478  (2141) 3464  
  2092   10.6  0.0  1.7  contig_45_pilon   787570  787876 (1122333) + rnd-1_family-58   Unknown             1    302   (204) 3465  
  3435   12.7  0.4  0.8  contig_45_pilon   788101  788608 (1121601) C rnd-1_family-58   Unknown           (0)    506       1 3466  
   540   23.4  6.9  0.0  contig_45_pilon   792629  792773 (1117436) C rnd-2_family-26   Unknown          (53)    272     118 3467  
   457   27.4  3.2  9.2  contig_45_pilon   792839  793091 (1117118) C rnd-2_family-26   Unknown          (63)    262      24 3468  
  1716    8.1  0.0  0.9  contig_45_pilon   798057  798280 (1111929) + rnd-1_family-17   Unknown             1    222     (7) 3469  
   311   23.7  0.0  0.0  contig_45_pilon   798284  798342 (1111867) + rnd-3_family-310  Unknown            21     79   (473) 3470  
   575   26.6  5.0  6.7  contig_45_pilon   800154  800395 (1109814) + rnd-2_family-19   Unknown             4    241     (3) 3471  
  1628    9.0  0.9  0.9  contig_45_pilon   801801  802025 (1108184) + rnd-1_family-17   Unknown             1    225     (4) 3472  
   247   29.0  0.0  0.0  contig_45_pilon   802419  802511 (1107698) C rnd-3_family-9    Unknown         (201)    391     299 3473  
   822   26.9  3.7  7.8  contig_45_pilon   802523  802554 (1107655) + rnd-2_family-272  Unknown            37    124  (7947) 3474  
  1036   24.3  3.6  3.1  contig_45_pilon   802555  802941 (1107268) C rnd-2_family-50   Unknown         (107)    389       1 3475  
   822   26.9  3.7  7.8  contig_45_pilon   802942  803122 (1107087) + rnd-2_family-272  Unknown           125    638  (7433) 3474  
   323   19.6  2.6 28.0  contig_45_pilon   810307  810462 (1099747) + rnd-2_family-430  Unknown          1690   1814     (0) 3476  
   595   26.0  3.0  1.0  contig_45_pilon   822840  823037 (1087172) + rnd-2_family-48   Unknown            13    214    (14) 3477  
   384   22.7  8.1  3.5  contig_45_pilon   825026  825361 (1084848) + rnd-2_family-153  Unknown           190    533   (216) 3478  
 19991   13.0  0.9  0.7  contig_45_pilon   826158  829403 (1080806) C rnd-1_family-41   LTR/Gypsy      (3521)   3253       1 3479  
  3770    3.9  0.4  0.0  contig_45_pilon   830768  831261 (1078948) C rnd-1_family-4    Unknown           (0)    496       1 3480  
  1157   16.2  0.0  0.0  contig_45_pilon   831585  831794 (1078415) + rnd-1_family-33   Unknown           197    406   (451) 3481  
  3013   10.9  0.0  0.6  contig_45_pilon   831801  832287 (1077922) + rnd-1_family-33   Unknown           373    856     (1) 3482  
  1254   31.4  3.0  2.5  contig_45_pilon   838698  839369 (1070840) C ltr-1_family-2    LTR/Copia      (3568)    930     256 3483  
   577   25.7  3.5  4.4  contig_45_pilon   839702  840047 (1070162) C ltr-1_family-6    LTR/Gypsy      (1242)  12160   11818 3484  
   417   29.9  2.2  1.3  contig_45_pilon   840081  840304 (1069905) C ltr-1_family-6    LTR/Gypsy      (5264)   8138    7913 3485  
  3810    3.8  0.2  0.0  contig_45_pilon   842938  843432 (1066777) + rnd-1_family-4    Unknown             1    496     (0) 3486  
   384   22.7  8.1  3.5  contig_45_pilon   845590  845925 (1064284) C rnd-2_family-153  Unknown         (216)    533     190 3487  
   350   31.3  5.3  4.2  contig_45_pilon   846698  846884 (1063325) C rnd-1_family-90   Unknown        (2132)    312     124 3488  
  1233   19.6  4.1 13.6  contig_45_pilon   847344  848023 (1062186) C rnd-2_family-153  Unknown         (126)    623       1 3489  
  2495   19.6  5.5  3.0  contig_45_pilon   848442  849113 (1061096) + rnd-2_family-149  Unknown            84    771    (41) 3490  
   278   27.5  4.7  1.5  contig_45_pilon   849372  849500 (1060709) + rnd-1_family-96   Unknown           885   1017  (1700) 3491  
   435   23.7  6.1  5.7  contig_45_pilon   854635  854880 (1055329) C rnd-2_family-108  Unknown          (10)    291      45 3492  
   413   33.0  1.4  0.5  contig_45_pilon   857681  857887 (1052322) + rnd-1_family-97   Unknown          3059   3267  (1352) 3493  
   438   28.4  3.0  2.4  contig_45_pilon   858087  858252 (1051957) C rnd-1_family-5    Unknown         (635)    402     236 3494  
  1413   19.4  7.2  8.1  contig_45_pilon   861856  862355 (1047854) C rnd-3_family-310  Unknown          (51)    501       6 3495  
  2294   12.8  3.6  2.3  contig_45_pilon   877693  878076 (1032133) C rnd-1_family-52   Unknown           (0)    458      70 3496  
   952   15.0  0.0  0.6  contig_45_pilon   901082  901242 (1008967) + rnd-1_family-20   Unknown             1    160     (0) 3497  
   536   22.0  7.5  7.5  contig_45_pilon   901525  901765 (1008444) C rnd-2_family-19   Unknown           (3)    241       1 3498  
  1240   16.3  0.0  6.1  contig_45_pilon   903565  903806 (1006403) C rnd-3_family-399  Unknown          (40)    903     676 3499  
  2428   18.0  1.9  8.8  contig_45_pilon   904040  904768 (1005441) C rnd-3_family-399  Unknown         (260)    683       1 3499  
  1866    2.8  0.0  0.0  contig_45_pilon   908355  908565 (1001644) C rnd-1_family-69   Unknown           (5)    211       1 3500  
  1779   22.3  1.7  7.2  contig_45_pilon   908566  909091 (1001118) C rnd-3_family-310  Unknown          (50)    502       4 3501  
   249   25.0  3.7  2.4  contig_45_pilon   909324  909405 (1000804) C rnd-2_family-26   Unknown          (63)    262     180 3502  
  1302   17.3  3.6  1.4  contig_45_pilon   910957  911231  (998978) + ltr-1_family-11   LTR/Unknown         9    289     (0) 3503  
   587   15.2  2.9  0.0  contig_45_pilon   911227  911331  (998878) + ltr-1_family-12   LTR/Gypsy        7344   7451    (13) 3504 *
   725   24.3  1.7  2.1  contig_45_pilon   912238  912505  (997704) + rnd-1_family-3    Unknown             1    465   (254) 3505  
   308   29.2  6.0  2.3  contig_45_pilon   920214  920381  (989828) + rnd-1_family-5    Unknown           249    422   (615) 3506  
  2456   24.7  2.4  3.4  contig_45_pilon   921985  922738  (987471) + rnd-2_family-149  Unknown            17    763    (49) 3507  
  1517   12.5  0.4  0.9  contig_45_pilon   922763  922988  (987221) + rnd-1_family-17   Unknown             1    225     (4) 3508  
   769   23.1  0.6 15.3  contig_45_pilon   924345  924666  (985543) + rnd-2_family-110  Unknown            39    319   (488) 3509  
   240   21.3  6.6  0.0  contig_45_pilon   924677  924737  (985472) + rnd-2_family-110  Unknown           739    803     (4) 3509  
   402   22.6  2.1  2.1  contig_45_pilon   927784  927878  (982331) + rnd-3_family-331  Unknown             3     97     (0) 3510  
   808   38.4  4.8  2.3  contig_45_pilon   928756  929681  (980528) C ltr-1_family-12   LTR/Gypsy       (770)   6694    5747 3511  
   505   31.9  5.7  3.4  contig_45_pilon   930045  930307  (979902) C ltr-1_family-12   LTR/Gypsy      (2078)   5386    5118 3511  
  6067    9.4  0.1  0.8  contig_45_pilon   930400  931261  (978948) + rnd-1_family-33   Unknown             1    856     (1) 3512  
 21425   10.8  0.4  0.3  contig_45_pilon   931335  934790  (975419) C rnd-1_family-43   DNA/Sola-1        (0)   3077       1 3513  
   851   27.4  8.5  5.3  contig_45_pilon   934651  935144  (975065) C rnd-1_family-83   Unknown           (0)   5835    5327 3514 *
   282   33.1  4.5  5.6  contig_45_pilon   935434  935702  (974507) C rnd-1_family-83   Unknown         (317)   5518    5253 3515  
   437   29.9  5.6  5.4  contig_45_pilon   935831  936361  (973848) C rnd-1_family-83   Unknown         (702)   5133    4461 3515  
  1655   30.8  5.8  6.3  contig_45_pilon   936446  937810  (972399) C rnd-1_family-83   Unknown        (1529)   4306    2949 3515  
   888   25.6  3.9  3.3  contig_45_pilon   938454  938817  (971392) C rnd-1_family-83   Unknown        (2931)   2904    2539 3515  
  3890   27.0  4.0  4.2  contig_45_pilon   939554  941510  (968699) C rnd-1_family-83   Unknown        (3297)   2538     537 3515  
   261   25.1  2.5 14.1  contig_45_pilon   942975  943132  (967077) C rnd-1_family-64   Unknown          (85)   6390    6249 3516  
   255   15.5 16.1 14.5  contig_45_pilon   943111  943253  (966956) + rnd-1_family-64   Unknown          6296   6389    (86) 3517 *
   234   29.9  2.8  1.8  contig_45_pilon   943437  943545  (966664) C rnd-1_family-93   Unknown          (44)   7695    7586 3518  
   348   22.5  9.7  7.5  contig_45_pilon   943759  943902  (966307) C rnd-1_family-93   Unknown          (42)   7697    7551 3519  
 18941   15.8  1.1  0.5  contig_45_pilon   944071  947248  (962961) C rnd-1_family-93   Unknown         (352)   7387    4098 3520  
   238   22.2  2.0 13.5  contig_45_pilon   947375  947473  (962736) + rnd-1_family-83   Unknown          4567   4655  (1180) 3521 *
 13344   18.1  1.4  0.9  contig_45_pilon   947448  951389  (958820) C rnd-1_family-93   Unknown        (3703)   4036       5 3520  
   339   29.0  2.4  1.6  contig_45_pilon   951870  951995  (958214) C rnd-2_family-26   Unknown         (171)    154      28 3522  
   247   29.0  8.9  1.2  contig_45_pilon   952729  952885  (957324) C rnd-1_family-5    Unknown         (641)    396     228 3523  
   247   24.4  5.3  4.2  contig_45_pilon   954028  954121  (956088) C rnd-2_family-272  Unknown        (4661)   3410    3316 3524  
  2119    0.8  0.0  0.0  contig_45_pilon   954179  954412  (955797) + ltr-1_family-3    LTR/Unknown        21    254     (0) 3525  
  1898    5.6  7.1  0.0  contig_45_pilon   954413  954680  (955529) + ltr-1_family-4    LTR/Copia           1    287  (5083) 3526  
 41716    1.3  0.2  0.0  contig_45_pilon   955108  959682  (950527) + ltr-1_family-4    LTR/Copia         785   5370     (0) 3526  
  2122    1.3  0.0  0.0  contig_45_pilon   959681  959916  (950293) + ltr-1_family-3    LTR/Unknown        19    254     (0) 3527 *
   235   33.6  0.0  0.8  contig_45_pilon   960036  960155  (950054) C rnd-2_family-272  Unknown        (4637)   3434    3316 3528  
  7383    4.6  0.0  0.8  contig_45_pilon   963297  964158  (946051) C rnd-1_family-71   DNA/TcMar-Tc1     (0)   1618     764 3529  
  4616   11.9  0.0  0.0  contig_45_pilon   964167  964828  (945381) + rnd-1_family-30   DNA/TcMar-Tc1     426   1087     (2) 3530  
  6818   16.1  0.1  0.2  contig_45_pilon   973300  974389  (935820) C rnd-1_family-30   DNA/TcMar-Tc1     (0)   1089       1 3531  
  5953   16.8  0.4  0.1  contig_45_pilon   973592  974535  (935674) + rnd-1_family-71   DNA/TcMar-Tc1       1    947   (671) 3532 *
  1089   23.6  4.3  0.4  contig_45_pilon   975052  975306  (934903) + rnd-1_family-71   DNA/TcMar-Tc1    1354   1618     (0) 3533  
  1528   14.2  0.0  0.4  contig_45_pilon   979389  979615  (930594) C rnd-1_family-17   Unknown           (3)    226       1 3534  
   621   18.8  9.5  2.1  contig_45_pilon   980518  980696  (929513) C rnd-2_family-399  Unknown           (2)    230      39 3535  
   821   25.2  5.2  2.7  contig_45_pilon   981549  981838  (928371) + rnd-3_family-310  Unknown           255    551     (1) 3536  
   734   25.7  0.0  5.6  contig_45_pilon   983759  983985  (926224) C rnd-1_family-97   Unknown        (1342)   3277    3063 3537  
   861   28.2  2.9  6.8  contig_45_pilon   984069  984448  (925761) + rnd-1_family-97   Unknown          2205   2570  (2049) 3538  
   413   29.0 21.4  0.4  contig_45_pilon   985240  985510  (924699) + rnd-2_family-323  Unknown             9    336    (43) 3539  
   982   18.3  1.3  2.2  contig_45_pilon   985845  986068  (924141) + rnd-2_family-247  Unknown            55    276   (952) 3540  
  1172   20.0  2.7  7.9  contig_45_pilon   986289  986619  (923590) + rnd-2_family-247  Unknown           331    645   (583) 3540  
  2338   23.4  2.5  0.7  contig_45_pilon   986683  987246  (922963) + rnd-2_family-247  Unknown           655   1228     (0) 3540  
   272   24.1 10.1  0.8  contig_45_pilon   995655  995763  (914446) C rnd-2_family-194  Unknown          (82)    134      16 3541  
   630   23.2  5.2  3.4  contig_45_pilon  1001132 1001363  (908846) C rnd-1_family-68   DNA/Sola-1      (133)   2273    2038 3542  
   957   14.9  0.0  0.0  contig_45_pilon  1001376 1001516  (908693) + rnd-1_family-11   Unknown             1    141   (259) 3543  
   620   11.2  0.0  2.2  contig_45_pilon  1001499 1001589  (908620) + rnd-1_family-11   Unknown           312    400     (0) 3543 *
  8447   17.4  2.6  0.8  contig_45_pilon  1005331 1006888  (903321) C rnd-2_family-156  DNA/TcMar-Tc1     (0)   1594      10 3544  
  2992    9.4  3.3  0.5  contig_45_pilon  1007070 1007494  (902715) C ltr-1_family-6    LTR/Gypsy      (1991)  11411   10975 3545 *
  7601    8.3  0.3  0.4  contig_45_pilon  1007480 1008494  (901715) C ltr-1_family-6    LTR/Gypsy      (4248)   9154    8141 3545  
   293   20.6  2.3  1.6  contig_45_pilon  1009538 1009665  (900544) C rnd-1_family-81   Unknown         (545)   2324    2196 3546  
   594   23.0  2.2  1.6  contig_45_pilon  1020909 1021089  (889120) + rnd-2_family-270  Unknown           316    497   (282) 3547  
   464   24.7  8.7  2.7  contig_45_pilon  1021081 1021288  (888921) + rnd-2_family-195  Unknown           333    552     (0) 3548 *
  1169   27.0  3.8  1.6  contig_45_pilon  1021235 1021660  (888549) C rnd-1_family-66   Unknown         (256)    463      29 3549  
  1231   27.3  3.6  1.3  contig_45_pilon  1023442 1023886  (886323) + rnd-1_family-66   Unknown             9    463   (256) 3550  
   464   24.7  8.7  2.7  contig_45_pilon  1023833 1024040  (886169) C rnd-2_family-195  Unknown           (0)    552     333 3551 *
   602   24.7  1.6  0.5  contig_45_pilon  1024032 1024214  (885995) C rnd-2_family-270  Unknown         (282)    497     313 3552  
   372   22.0  0.0  2.0  contig_45_pilon  1024472 1024573  (885636) + rnd-1_family-81   Unknown          2231   2330   (539) 3553  
   699   21.3 19.7  0.5  contig_45_pilon  1030886 1031098  (879111) + rnd-2_family-26   Unknown            22    275    (50) 3554  
   573   18.6  0.8  0.0  contig_45_pilon  1031674 1031791  (878418) + rnd-3_family-9    Unknown            32    150   (442) 3555  
   732   27.7  4.2  3.9  contig_45_pilon  1034691 1035051  (875158) + rnd-3_family-399  Unknown           539    900    (43) 3556  
  3293    6.8  0.2  1.9  contig_45_pilon  1035101 1035522  (874687) + rnd-1_family-8    Unknown             2    416     (0) 3557  
   303   31.0  0.0  0.9  contig_45_pilon  1037458 1037571  (872638) + rnd-2_family-11   Unknown             4    116   (115) 3558  
   885   15.5  1.3  0.0  contig_45_pilon  1042427 1042581  (867628) C rnd-1_family-30   DNA/TcMar-Tc1     (3)   1086     930 3559  
  2738   14.1  0.9  2.1  contig_45_pilon  1042610 1043044  (867165) C rnd-1_family-30   DNA/TcMar-Tc1   (432)    657     228 3559  
   511   24.6  0.0  0.0  contig_45_pilon  1043041 1043166  (867043) C rnd-1_family-71   DNA/TcMar-Tc1   (711)    907     782 3560 *
   360   24.0  0.0  2.5  contig_45_pilon  1044911 1045034  (865175) C rnd-2_family-50   Unknown         (327)    169      49 3561  
   272   14.2  0.0  4.5  contig_45_pilon  1048082 1048168  (862041) C rnd-1_family-25   Unknown        (1155)    761     682 3562 *
   275   24.0  0.0  1.0  contig_45_pilon  1048096 1048196  (862013) + rnd-1_family-81   Unknown          2216   2315   (554) 3563  
   394   35.9  2.6  0.0  contig_45_pilon  1049154 1049270  (860939) + rnd-3_family-189  Unknown             8    127   (269) 3564  
   250   34.6  0.0  1.3  contig_45_pilon  1049339 1049417  (860792) + rnd-3_family-189  Unknown           292    369    (27) 3564  
   231   18.2  3.0  0.0  contig_45_pilon  1051119 1051184  (859025) + rnd-1_family-81   Unknown          2250   2317   (552) 3565  
   890   12.3  0.7  5.4  contig_45_pilon  1055558 1055712  (854497) C rnd-2_family-251  Unknown           (1)    148       1 3566  
   396   16.2  0.0  0.0  contig_45_pilon  1068631 1068704  (841505) C rnd-2_family-190  Unknown         (361)     86      13 3567  
 12134   19.1  1.9  1.7  contig_45_pilon  1069870 1072354  (837855) + ltr-1_family-17   LTR/Gypsy        1994   4483   (742) 3568  
  3872    7.3  0.0  6.1  contig_45_pilon  1072676 1073214  (836995) + ltr-1_family-21   LTR/Gypsy        4186   4693  (1069) 3569  
  1623    5.9  0.0  0.0  contig_45_pilon  1073206 1073407  (836802) + ltr-1_family-26   LTR/Gypsy           1    202  (1802) 3570 *
   285    8.7  0.0  2.2  contig_45_pilon  1073403 1073449  (836760) C ltr-1_family-11   LTR/Unknown     (154)    135      90 3571 *
  2259    7.6  0.0  0.0  contig_45_pilon  1073456 1073744  (836465) C ltr-1_family-11   LTR/Unknown       (0)    289       1 3572  
  8825    4.7  0.4  0.0  contig_45_pilon  1073745 1074798  (835411) + ltr-1_family-26   LTR/Gypsy         243   1300   (704) 3570  
  5749   28.6  2.2  2.2  contig_45_pilon  1074934 1076900  (833309) + ltr-1_family-10   LTR/Gypsy        1717   3684  (1884) 3573  
  1792    7.3  1.3  0.4  contig_45_pilon  1076889 1077121  (833088) + ltr-1_family-26   LTR/Gypsy        1281   1515   (489) 3574 *
  3979   28.7  3.3  2.1  contig_45_pilon  1077122 1078568  (831641) + ltr-1_family-10   LTR/Gypsy        3811   5274   (294) 3573  
  3902    6.9  0.0  0.0  contig_45_pilon  1078567 1079042  (831167) + ltr-1_family-26   LTR/Gypsy        1529   2004     (0) 3575 *
  2701    9.9 11.6  0.2  contig_45_pilon  1079032 1079487  (830722) + ltr-1_family-21   LTR/Gypsy        4186   4693  (1069) 3576 *
  1302   15.0  1.4  0.9  contig_45_pilon  1088649 1088870  (821339) C rnd-1_family-17   Unknown           (6)    223       1 3577  
  1787   19.5  0.5  2.1  contig_45_pilon  1088875 1089299  (820910) + rnd-2_family-190  Unknown            30    447     (0) 3578  
  1114   23.8  3.5  0.4  contig_45_pilon  1089859 1090115  (820094) C rnd-1_family-2    Unknown           (1)    280      16 3579  
  2106   21.8  1.2  7.1  contig_45_pilon  1090136 1090624  (819585) + ltr-1_family-9    LTR/Unknown        32    493     (0) 3580  
   634   25.1  5.1  5.6  contig_45_pilon  1090745 1091119  (819090) + rnd-2_family-50   Unknown             3    375   (121) 3581  
   418   29.8  4.7  3.2  contig_45_pilon  1090818 1091160  (819049) C rnd-2_family-270  Unknown         (118)    661     314 3582 *
  1031   25.1  6.3  4.6  contig_45_pilon  1092713 1093221  (816988) C rnd-3_family-333  Unknown         (190)    519       3 3583  
  4111    4.6  0.6  0.2  contig_45_pilon  1096033 1096532  (813677) + rnd-1_family-58   Unknown             4    505     (1) 3584  
   479   19.4  1.1  0.0  contig_45_pilon  1098323 1098415  (811794) C rnd-3_family-57   Unknown           (2)   1255    1162 3585  
   650   23.0  5.5  4.5  contig_45_pilon  1098531 1098749  (811460) + rnd-1_family-62   Unknown             4    224  (1412) 3586 *
  1117   25.7  5.6  1.9  contig_45_pilon  1098746 1099102  (811107) C rnd-3_family-57   Unknown         (135)   1122     753 3585  
   906   27.0  5.3  1.3  contig_45_pilon  1099292 1099670  (810539) C rnd-3_family-57   Unknown         (747)    510     117 3585  
  6769    9.4  0.3  2.2  contig_45_pilon  1101464 1102481  (807728) + rnd-1_family-21   LTR/Gypsy           1    999  (8097) 3587  
 18090   16.6  0.9  2.6  contig_45_pilon  1102979 1106269  (803940) + rnd-1_family-47   LTR/Gypsy           1   3238  (2402) 3588  
   710   26.6  2.5  3.3  contig_45_pilon  1109469 1109834  (800375) C ltr-1_family-6    LTR/Gypsy      (1235)  12167   11805 3589  
   447   30.0  3.1  3.1  contig_45_pilon  1109689 1109935  (800274) + rnd-1_family-21   LTR/Gypsy         752    986  (8110) 3590 *
   513   26.8  2.5  2.5  contig_45_pilon  1109936 1110138  (800071) C ltr-1_family-6    LTR/Gypsy      (5264)   8138    7936 3591  
   447   30.0  3.1  3.1  contig_45_pilon  1110139 1110151  (800058) + rnd-1_family-21   LTR/Gypsy         987   1000  (8096) 3590  
  7076    8.2  0.4  1.4  contig_45_pilon  1112806 1113815  (796394) + rnd-1_family-21   LTR/Gypsy           1   1000  (8096) 3592  
  6798    9.4  0.3  2.2  contig_45_pilon  1115169 1116187  (794022) C rnd-1_family-21   LTR/Gypsy      (8096)   1000       1 3593  
  6984    9.5  0.6  0.2  contig_45_pilon  1117863 1118807  (791402) + ltr-1_family-6    LTR/Gypsy        8141   9089  (4313) 3594 *
 24757    6.3  1.2  0.4  contig_45_pilon  1118807 1122034  (788175) C rnd-1_family-41   LTR/Gypsy      (3520)   3254       1 3595  
 11439    5.7  0.9  0.6  contig_45_pilon  1122034 1123464  (786745) + rnd-1_family-41   LTR/Gypsy        1818   3253  (3521) 3596 *
 13596    6.4  1.1  0.8  contig_45_pilon  1123465 1125282  (784927) C rnd-1_family-41   LTR/Gypsy      (4951)   1823       1 3597 *
 17272    8.2  0.7  0.2  contig_45_pilon  1125282 1127587  (782622) + ltr-1_family-6    LTR/Gypsy        9084  11401  (2001) 3594  
 23858    9.0  0.8  0.2  contig_45_pilon  1130494 1133735  (776474) C ltr-1_family-6    LTR/Gypsy      (2001)  11401    8141 3598  
  2078    5.9  0.0  0.0  contig_45_pilon  1144511 1144765  (765444) C rnd-1_family-36   Unknown           (0)    255       1 3599  
  2460   19.7  3.8  0.4  contig_45_pilon  1147159 1147658  (762551) + rnd-2_family-247  Unknown           707   1223     (5) 3600  
   619   26.9  3.8  0.8  contig_45_pilon  1149001 1149236  (760973) + rnd-2_family-50   Unknown           141    383   (113) 3601  
   574   21.9  5.9  5.9  contig_45_pilon  1149002 1149273  (760936) C rnd-2_family-195  Unknown         (244)    308      37 3602 *
   469   23.2  6.2  3.8  contig_45_pilon  1150320 1150449  (759760) C rnd-2_family-26   Unknown          (60)    265     133 3603 *
   733   25.0  5.3  0.9  contig_45_pilon  1150447 1150652  (759557) + rnd-2_family-194  Unknown             2    216     (0) 3604  
   274   19.8  4.0  4.0  contig_45_pilon  1151109 1151208  (759001) + rnd-2_family-50   Unknown            94    193   (303) 3605 *
   536   27.9  2.0  7.1  contig_45_pilon  1151157 1151553  (758656) C rnd-2_family-272  Unknown        (7401)    670     293 3606 *
  1086   25.2  3.9  1.5  contig_45_pilon  1151368 1151753  (758456) + rnd-2_family-50   Unknown             1    395   (101) 3607  
  1029   25.0  0.4  0.0  contig_45_pilon  1153304 1153535  (756674) + rnd-1_family-97   Unknown          3059   3291  (1328) 3608  
  1483   13.5  0.5  0.9  contig_45_pilon  1153881 1154104  (756105) C rnd-1_family-17   Unknown           (6)    223       1 3609  
   575   21.9  0.0  0.8  contig_45_pilon  1154138 1154261  (755948) C rnd-1_family-97   Unknown        (1348)   3271    3149 3610  
   323   25.7  0.0  0.0  contig_45_pilon  1154589 1154662  (755547) C rnd-1_family-97   Unknown        (1484)   3135    3062 3610  
  3054   13.4  7.7  0.2  contig_45_pilon  1155794 1156263  (753946) C rnd-1_family-58   Unknown           (1)    505       1 3611  
   710   29.6  7.3  5.4  contig_45_pilon  1156503 1156992  (753217) C rnd-2_family-149  Unknown         (100)    712     214 3612  
   685   25.4  1.9  1.9  contig_45_pilon  1156999 1157203  (753006) C rnd-2_family-48   Unknown          (11)    217      13 3613  
   487   29.6  5.2  1.0  contig_45_pilon  1157218 1157408  (752801) C rnd-2_family-149  Unknown         (596)    216      18 3612  
   346   22.6  4.7  2.3  contig_45_pilon  1157995 1158121  (752088) C rnd-3_family-9    Unknown         (456)    136       7 3614  
   256   28.2  1.8  0.9  contig_45_pilon  1170404 1170593  (739616) + rnd-1_family-49   Unknown            48    368   (351) 3615  
   240   28.3  3.9  1.9  contig_45_pilon  1170762 1170966  (739243) + rnd-2_family-50   Unknown            74    282   (214) 3616  
   669   27.7  4.0  2.2  contig_45_pilon  1171182 1171576  (738633) C rnd-2_family-50   Unknown          (65)    431      30 3617  
   392   28.4  4.5  0.0  contig_45_pilon  1171614 1171768  (738441) C rnd-1_family-66   Unknown         (351)    368     207 3618  
  1653   18.7  5.3  3.8  contig_45_pilon  1178034 1178577  (731632) C rnd-3_family-9    Unknown           (9)    583      32 3619  
   436   25.9  8.2  0.0  contig_45_pilon  1182725 1182859  (727350) C rnd-2_family-194  Unknown          (18)    198      53 3620  
   341   25.5  1.0  0.0  contig_45_pilon  1182981 1183082  (727127) + rnd-2_family-48   Unknown            46    148    (80) 3621  
   526   30.4  3.6  1.6  contig_45_pilon  1188069 1188319  (721890) C rnd-2_family-26   Unknown          (53)    272      17 3622  
   633   31.0  1.9  4.5  contig_45_pilon  1192718 1193197  (717012) + rnd-1_family-34   Unknown           321    788   (176) 3623  
   320   18.1  5.2  9.5  contig_45_pilon  1193444 1193596  (716613) + rnd-1_family-57   Unknown           769    915   (129) 3624  
  6631    7.7  0.4  2.7  contig_45_pilon  1194806 1195827  (714382) + rnd-1_family-21   LTR/Gypsy           1    999  (8097) 3625  
   422   23.2  9.1  4.8  contig_45_pilon  1196194 1196392  (713817) + rnd-2_family-11   Unknown             1    207    (24) 3626  
   289   22.5 20.5  0.5  contig_45_pilon  1206902 1207062  (703147) C rnd-1_family-2    Unknown           (0)    281      89 3627 *
  1117   18.3  0.0  1.0  contig_45_pilon  1206920 1207118  (703091) + rnd-1_family-37   Unknown             1    197     (1) 3628  
   250   19.1  0.0  1.6  contig_45_pilon  1208745 1208808  (701401) + rnd-2_family-190  Unknown           256    318   (129) 3629  
   483   24.9  4.8  2.3  contig_45_pilon  1209541 1209791  (700418) C rnd-2_family-50   Unknown         (118)    378     122 3630  
   285   33.9  0.0  2.9  contig_45_pilon  1212142 1212281  (697928) C rnd-1_family-90   Unknown        (2239)    205      70 3631  
  2120    7.6  0.0  0.0  contig_45_pilon  1212749 1213037  (697172) + ltr-1_family-11   LTR/Unknown         1    289     (0) 3632  
  8541   17.3  2.9  2.6  contig_45_pilon  1213045 1214821  (695388) + ltr-1_family-12   LTR/Gypsy           7   1787  (5677) 3633  
  8968   14.6  0.6  0.2  contig_45_pilon  1214822 1216274  (693935) + ltr-1_family-15   LTR/Unknown         2   1459    (13) 3634  
 17773   12.6  0.7  0.4  contig_45_pilon  1216293 1219024  (691185) + ltr-1_family-12   LTR/Gypsy        1784   4523  (2941) 3633  
   587   13.3  0.0  0.0  contig_45_pilon  1219026 1219123  (691086) C ltr-1_family-6    LTR/Gypsy     (12921)    481     384 3635  
  1263   13.1  0.8  0.4  contig_45_pilon  1219449 1219710  (690499) C ltr-1_family-5    LTR/Unknown     (741)    262       1 3636  
  2282    7.9  1.3  0.3  contig_45_pilon  1219711 1220026  (690183) + ltr-1_family-12   LTR/Gypsy        4520   4838  (2626) 3637  
   621   13.2  0.9  0.0  contig_45_pilon  1220028 1220133  (690076) + ltr-1_family-12   LTR/Gypsy        7344   7450    (14) 3638  
   351   26.2  2.2  2.2  contig_45_pilon  1225432 1225614  (684595) C rnd-2_family-11   Unknown          (47)    184       2 3639  
  2202   12.4  1.4  0.9  contig_45_pilon  1225656 1226083  (684126) + rnd-1_family-66   Unknown           391    719     (0) 3640  
  1469   23.8  5.7  1.7  contig_45_pilon  1225967 1226471  (683738) C rnd-1_family-66   Unknown         (194)    525       1 3641 *
   235   24.1  0.0  2.4  contig_45_pilon  1226741 1226825  (683384) C rnd-2_family-270  Unknown         (377)    402     320 3642  
   249   18.8  3.1  0.0  contig_45_pilon  1226970 1227065  (683144) + rnd-1_family-81   Unknown          2223   2321   (548) 3643  
   300   20.3  2.9  0.0  contig_45_pilon  1233007 1233075  (677134) C rnd-3_family-57   Unknown           (5)   1252    1182 3644  
   227   18.2  0.0  0.0  contig_45_pilon  1233706 1233749  (676460) + rnd-2_family-80   Unknown             2     45    (95) 3645 *
   571   23.1  2.5  0.0  contig_45_pilon  1233726 1233846  (676363) C rnd-2_family-80   Unknown           (4)    136      13 3646  
  1714   10.3  0.0  5.9  contig_45_pilon  1234850 1235118  (675091) C rnd-1_family-8    Unknown           (0)    416     163 3647  
  2207    7.3  4.1  0.0  contig_45_pilon  1237554 1237869  (672340) C rnd-1_family-30   DNA/TcMar-Tc1     (1)   1088     760 3648  
   479    7.3  0.0  0.0  contig_45_pilon  1237878 1237945  (672264) C rnd-1_family-30   DNA/TcMar-Tc1   (262)    827     760 3648  
  3123   12.4  7.0  6.2  contig_45_pilon  1237954 1238565  (671644) C rnd-1_family-30   DNA/TcMar-Tc1   (262)    827     211 3648  
   346   12.5  0.0  0.0  contig_45_pilon  1238600 1238655  (671554) C rnd-1_family-30   DNA/TcMar-Tc1  (1031)     58       3 3648  
   512   14.9  0.0  0.0  contig_45_pilon  1238706 1238799  (671410) + rnd-1_family-30   DNA/TcMar-Tc1     905    998    (91) 3649  
   362   19.9  0.7 16.9  contig_45_pilon  1239273 1239423  (670786) + rnd-2_family-19   Unknown            37    166    (78) 3650  
   610   30.4  2.7  4.3  contig_45_pilon  1247380 1247754  (662455) + ltr-1_family-17   LTR/Gypsy        4075   4443   (782) 3651  
   265   20.3  0.0 12.9  contig_45_pilon  1249475 1249553  (660656) + rnd-2_family-251  Unknown            80    149     (0) 3652  
  1100   12.2  0.0  2.8  contig_45_pilon  1253879 1254063  (656146) + rnd-1_family-8    Unknown            91    270   (146) 3653  
   883   12.8  0.5 16.1  contig_45_pilon  1257067 1257252  (652957) + rnd-1_family-8    Unknown           256    416     (0) 3653  
   338   24.0  2.9  2.9  contig_45_pilon  1258384 1258486  (651723) C rnd-1_family-97   Unknown        (1343)   3276    3174 3654  
   258   31.0  4.4  0.5  contig_45_pilon  1271929 1272132  (638077) C rnd-2_family-48   Unknown           (0)    228      17 3655  
  5232   14.2  1.9  3.0  contig_45_pilon  1294846 1295870  (614339) C rnd-1_family-21   LTR/Gypsy      (8082)   1014       1 3656 *
 37887   10.4  0.5  0.4  contig_45_pilon  1295870 1301217  (608992) + ltr-1_family-8    LTR/Gypsy        1589   6940  (1660) 3657  
  6448   10.1  0.2  2.2  contig_45_pilon  1301216 1302237  (607972) + rnd-1_family-21   LTR/Gypsy           1   1002  (8094) 3658 *
 11663   10.1  0.7  0.1  contig_45_pilon  1302235 1303891  (606318) + ltr-1_family-8    LTR/Gypsy        6934   8600     (0) 3657  
  4783   16.5  2.1  1.1  contig_45_pilon  1303892 1304884  (605325) + ltr-1_family-7    LTR/Unknown         1   1003     (0) 3659  
  3346   15.4  1.0  0.2  contig_45_pilon  1304885 1305404  (604805) C ltr-1_family-15   LTR/Unknown     (947)    525       2 3660  
  7931   17.2  3.9  2.7  contig_45_pilon  1305405 1307114  (603095) C ltr-1_family-12   LTR/Gypsy      (5677)   1787       1 3661  
  2077    9.5  1.1  0.0  contig_45_pilon  1307116 1307400  (602809) C ltr-1_family-11   LTR/Unknown       (1)    288       1 3662  
   806   29.2  2.0  2.4  contig_45_pilon  1317436 1317730  (592479) + ltr-1_family-17   LTR/Gypsy        4119   4412   (813) 3663  
   686   28.8  0.5  0.0  contig_45_pilon  1317908 1318129  (592080) + rnd-1_family-34   Unknown             1    223   (741) 3664  
  1803    3.8  1.7  1.3  contig_45_pilon  1318303 1318595  (591614) + ltr-1_family-5    LTR/Unknown         1    297   (706) 3665  
   460   26.3  6.4  3.7  contig_45_pilon  1318322 1318665  (591544) C ltr-1_family-6    LTR/Gypsy      (1234)  12168   11816 3666 *
123324    0.0  0.0  0.0  contig_45_pilon  1318518 1331919  (578290) + ltr-1_family-6    LTR/Gypsy           1  13402     (0) 3667  
  1830    5.2  0.8  0.8  contig_45_pilon  1331918 1332214  (577995) + ltr-1_family-5    LTR/Unknown         1    297   (706) 3668 *
   730   25.8  4.6  3.1  contig_45_pilon  1331937 1332284  (577925) C ltr-1_family-6    LTR/Gypsy      (1234)  12168   11816 3669 *
  4085    0.0  0.0  0.7  contig_45_pilon  1332151 1332617  (577592) + ltr-1_family-6    LTR/Gypsy          18    481 (12921) 3670  
   298   28.5  2.5  3.4  contig_45_pilon  1332623 1332742  (577467) + rnd-1_family-57   Unknown           179    297   (747) 3671  
  1389   20.9  0.7  2.8  contig_45_pilon  1333647 1333941  (576268) + ltr-1_family-11   LTR/Unknown         1    289     (0) 3672  
   736   29.3  6.5  5.5  contig_45_pilon  1333942 1334248  (575961) + ltr-1_family-12   LTR/Gypsy           2    311  (7153) 3673  
   822   27.4  3.1  3.1  contig_45_pilon  1334374 1334663  (575546) + ltr-1_family-12   LTR/Gypsy         501    790  (6674) 3673  
   498   23.5  1.3  2.7  contig_45_pilon  1334799 1334947  (575262) + ltr-1_family-12   LTR/Gypsy        1037   1183  (6281) 3673  
   257   24.6  1.8  0.0  contig_45_pilon  1336116 1336172  (574037) + ltr-1_family-12   LTR/Gypsy        1191   1248  (6216) 3673  
  2693   26.7  1.0  0.5  contig_45_pilon  1336979 1337561  (572648) + ltr-1_family-15   LTR/Unknown       882   1467     (5) 3674  
  2752   22.4  9.9  0.1  contig_45_pilon  1337573 1338168  (572041) + ltr-1_family-12   LTR/Gypsy        1785   2438  (5026) 3673  
  1430   22.9 10.4  0.0  contig_45_pilon  1338484 1338780  (571429) + ltr-1_family-12   LTR/Gypsy        2434   2761  (4703) 3673  
 20507    5.7  0.2  0.1  contig_45_pilon  1338790 1341228  (568981) C rnd-1_family-90   Unknown           (3)   2441       1 3675  
   316   21.4  0.0  0.0  contig_45_pilon  1341224 1341279  (568930) + ltr-1_family-12   LTR/Gypsy        2765   2820  (4644) 3673 *
 10485   20.5  1.8  0.7  contig_45_pilon  1341277 1343140  (567069) + ltr-1_family-12   LTR/Gypsy        3250   5133  (2331) 3673  
   225   30.9  0.9  0.9  contig_45_pilon  1346661 1346768  (563441) + rnd-2_family-272  Unknown          3314   3421  (4650) 3676  
   472   16.7  2.6  0.0  contig_45_pilon  1350614 1350691  (559518) + rnd-1_family-2    Unknown             1     80   (201) 3677  
 17626   17.9  0.6  2.8  contig_45_pilon  1350692 1354000  (556209) + rnd-1_family-47   LTR/Gypsy           1   3241  (2399) 3678  
   673   18.2  1.6  0.8  contig_45_pilon  1353998 1354119  (556090) + rnd-1_family-2    Unknown           159    281     (0) 3677 *
   589   32.6  6.0  1.3  contig_45_pilon  1354733 1355033  (555176) C ltr-1_family-10   LTR/Gypsy      (1421)   4147    3833 3679  
  3249   33.0  2.2  2.0  contig_45_pilon  1355191 1356767  (553442) C ltr-1_family-10   LTR/Gypsy      (1915)   3653    2073 3679  
   381   30.8  9.0  1.8  contig_45_pilon  1364360 1364614  (545595) + rnd-1_family-96   Unknown           765   1037  (1680) 3680  
   897   12.8  0.8  0.0  contig_45_pilon  1374343 1374475  (535734) C rnd-1_family-30   DNA/TcMar-Tc1     (3)   1086     953 3681  
  6393   17.4  0.6  0.4  contig_45_pilon  1374506 1375576  (534633) + rnd-1_family-30   DNA/TcMar-Tc1       1   1073    (16) 3682  
  4936   17.1  1.5  0.1  contig_45_pilon  1375572 1376395  (533814) C ltr-1_family-17   LTR/Gypsy       (738)   4487    3653 3683 *
  7453   17.8  1.2  2.5  contig_45_pilon  1376401 1377703  (532506) C ltr-1_family-17   LTR/Gypsy      (1687)   3538    2197 3683  
   226   24.4  3.8  3.8  contig_45_pilon  1377704 1377861  (532348) C rnd-1_family-81   Unknown         (470)   2399    2242 3684  
  7453   17.8  1.2  2.5  contig_45_pilon  1377862 1378027  (532182) C ltr-1_family-17   LTR/Gypsy      (1687)   2196    2024 3683  
   228   30.9  0.7  0.7  contig_45_pilon  1382412 1382551  (527658) + ltr-1_family-25   LTR/Copia        2094   2233  (2259) 3685  
   317   38.6  2.0  0.9  contig_45_pilon  1383800 1384356  (525853) C ltr-1_family-19   LTR/Copia       (361)   4125    3563 3686  
   320   32.6  4.1  4.0  contig_45_pilon  1384808 1385227  (524982) C ltr-1_family-19   LTR/Copia       (929)   3563    2895 3686  
   228   30.9  0.7  0.7  contig_45_pilon  1385867 1386006  (524203) C ltr-1_family-19   LTR/Copia      (2259)   2233    2094 3686  
   232   20.4  1.8  1.8  contig_45_pilon  1389361 1389415  (520794) + rnd-1_family-46   Unknown          5046   5100  (2417) 3687 *
 30708    4.8  0.6  0.1  contig_45_pilon  1389368 1393000  (517209) C rnd-1_family-55   Unknown           (0)   3653       1 3688  
 26231    6.5  0.4  0.2  contig_45_pilon  1393008 1396265  (513944) + ltr-1_family-6    LTR/Gypsy        8140  11402  (2000) 3689  
 24676    6.9  0.9  0.1  contig_45_pilon  1396266 1399404  (510805) C rnd-1_family-24   Unknown        (1385)   3163       1 3690  
  5785   15.3  0.4  0.1  contig_45_pilon  1400336 1401256  (508953) C rnd-1_family-61   Unknown           (0)   3998    3075 3691  
  7618    5.2  3.2  0.3  contig_45_pilon  1401257 1402562  (507647) + rnd-1_family-34   Unknown             1   1044     (0) 3692  
   284   26.0  4.3  4.8  contig_45_pilon  1402686 1402895  (507314) + rnd-1_family-94   Unknown             1    209   (234) 3693  
 16242    8.9  1.9  0.1  contig_45_pilon  1403116 1405279  (504930) C rnd-1_family-61   Unknown         (920)   3078     876 3694  
  8066    4.4  0.2  0.2  contig_45_pilon  1406344 1407307  (502902) C rnd-1_family-34   Unknown           (0)    964       1 3695  
  5738   15.4  0.4  0.2  contig_45_pilon  1407308 1408229  (501980) + rnd-1_family-61   Unknown          3075   3998     (0) 3696  
 24699    6.9  0.9  0.1  contig_45_pilon  1409162 1412299  (497910) + rnd-1_family-24   Unknown             1   3163  (1385) 3697  
 26547    6.3  0.3  0.1  contig_45_pilon  1412300 1415558  (494651) C ltr-1_family-6    LTR/Gypsy      (2000)  11402    8140 3698  
 30488    5.0  0.6  0.1  contig_45_pilon  1415566 1419201  (491008) + rnd-1_family-55   Unknown             1   3653     (0) 3699  
   242   21.8  0.0  1.8  contig_45_pilon  1419153 1419208  (491001) C rnd-1_family-46   Unknown        (2417)   5100    5046 3700 *
   238   29.0  1.4  1.4  contig_45_pilon  1422562 1422701  (487508) + ltr-1_family-19   LTR/Copia        2094   2233  (2259) 3701  
   329   32.6  4.1  4.0  contig_45_pilon  1423341 1423760  (486449) + ltr-1_family-19   LTR/Copia        2895   3563   (929) 3701  
   360   38.6  2.1  0.8  contig_45_pilon  1424212 1424691  (485518) + ltr-1_family-19   LTR/Copia        3563   4048   (438) 3701  
 10108   11.7  0.2  0.1  contig_45_pilon  1425113 1426503  (483706) C ltr-1_family-12   LTR/Gypsy      (4288)   3176    1784 3702  
  9675   14.1  0.9  0.1  contig_45_pilon  1426517 1427967  (482242) C ltr-1_family-15   LTR/Unknown       (8)   1464       2 3703  
 10113   14.3  3.5  2.6  contig_45_pilon  1427968 1429739  (480470) C ltr-1_family-12   LTR/Gypsy      (5677)   1787       1 3702  
  2321    5.9  0.7  0.0  contig_45_pilon  1429740 1430026  (480183) C ltr-1_family-11   LTR/Unknown       (0)    289       1 3704  
   262   28.0  0.0  0.0  contig_45_pilon  1430110 1430184  (480025) C rnd-1_family-5    Unknown         (638)    399     325 3705  
   291   21.5  5.3  2.0  contig_45_pilon  1439851 1439945  (470264) C rnd-1_family-97   Unknown        (1342)   3277    3180 3706  
   305   24.7  6.2  0.0  contig_45_pilon  1443642 1443722  (466487) C rnd-1_family-97   Unknown        (1484)   3135    3050 3706  
  1095   10.1 17.4  0.0  contig_45_pilon  1447705 1447882  (462327) + rnd-1_family-69   Unknown             2    210     (6) 3707  
   225    9.7  0.0  0.0  contig_45_pilon  1447856 1447886  (462323) C rnd-1_family-69   Unknown         (184)     32       2 3708 *
   724   21.6  0.7  0.0  contig_45_pilon  1448544 1448691  (461518) C rnd-2_family-399  Unknown           (1)    231      83 3709  
   346   31.6  5.8  4.8  contig_45_pilon  1449979 1450613  (459596) C rnd-2_family-156  DNA/TcMar-Tc1   (227)   1367     727 3710  
 20870    5.1  0.0  0.2  contig_45_pilon  1454150 1456598  (453611) C rnd-1_family-90   Unknown           (1)   2443       1 3711  
  5869   11.4  2.7  1.6  contig_45_pilon  1470888 1471879  (438330) C ltr-1_family-7    LTR/Unknown       (0)   1003       1 3712  
 62723    9.4  1.1  0.8  contig_45_pilon  1471880 1481428  (428781) C ltr-1_family-8    LTR/Gypsy         (0)   8600       1 3713  
   281   27.5  6.2  5.7  contig_45_pilon  1485858 1486050  (424159) + rnd-3_family-9    Unknown            25    218   (374) 3714  
  2022    8.7  0.7  1.0  contig_45_pilon  1486226 1486515  (423694) + ltr-1_family-11   LTR/Unknown         1    289     (0) 3715  
  9505    7.2  2.7  1.7  contig_45_pilon  1486516 1488078  (422131) + ltr-1_family-12   LTR/Gypsy           1   1786  (5678) 3716  
  4058    7.4  2.9  0.2  contig_45_pilon  1488079 1488671  (421538) + ltr-1_family-15   LTR/Unknown         2    610   (862) 3717  
 17459    4.5  1.2  0.9  contig_45_pilon  1488672 1490868  (419341) + rnd-1_family-21   LTR/Gypsy         888   3089  (6007) 3718  
  4178    5.4  0.9  1.1  contig_45_pilon  1490915 1491456  (418753) + rnd-1_family-21   LTR/Gypsy        3663   4203  (4893) 3718  
  4409    5.4  0.5  0.9  contig_45_pilon  1491475 1492032  (418177) + rnd-1_family-21   LTR/Gypsy        4757   5312  (3784) 3718  
  3599    5.7  1.4  0.0  contig_45_pilon  1492279 1492766  (417443) + rnd-1_family-21   LTR/Gypsy        8602   9096     (0) 3719  
   276   27.0  4.4  8.4  contig_45_pilon  1492822 1493137  (417072) + ltr-1_family-6    LTR/Gypsy       13362  13402     (0) 3720 *
  5672    6.9  0.6  0.8  contig_45_pilon  1493136 1493934  (416275) + rnd-1_family-21   LTR/Gypsy           1    798  (8298) 3721  
  6186    7.0  2.8  0.2  contig_45_pilon  1493936 1494760  (415449) + ltr-1_family-15   LTR/Unknown       614   1459    (13) 3722  
  7097    7.2  0.8  0.3  contig_45_pilon  1494763 1495673  (414536) + ltr-1_family-12   LTR/Gypsy        1762   2676  (4788) 3723  
  5649    6.5  0.9  0.5  contig_45_pilon  1495670 1496409  (413800) + ltr-1_family-12   LTR/Gypsy        6720   7462     (2) 3724 *
  2005    7.1  2.1  2.4  contig_45_pilon  1496413 1496702  (413507) + ltr-1_family-11   LTR/Unknown         1    289     (0) 3725  
   812    7.1  0.9  0.0  contig_45_pilon  1496698 1496810  (413399) + ltr-1_family-12   LTR/Gypsy        7344   7457     (7) 3726 *
   426   11.9 10.1  1.6  contig_45_pilon  1497281 1497399  (412810) + rnd-2_family-153  Unknown             3    131   (618) 3727  
  3467   20.5  1.7  1.4  contig_45_pilon  1498981 1499682  (410527) C rnd-2_family-156  DNA/TcMar-Tc1   (771)    823     120 3728  
   881   19.8 14.8  3.2  contig_45_pilon  1508495 1508771  (401438) + rnd-2_family-110  Unknown            93    400   (407) 3729  
  1840   29.6  1.5  1.2  contig_45_pilon  1508775 1509517  (400692) C rnd-1_family-78   Unknown           (0)    753       9 3730  
   283   26.1 19.8  4.0  contig_45_pilon  1509908 1510079  (400130) C rnd-1_family-77   Unknown         (396)   2354    2157 3731  
   365   19.3  0.6  2.4  contig_45_pilon  1511186 1511371  (398838) C rnd-1_family-81   Unknown         (519)   2350    2208 3732  
  1265   13.8  9.0  0.4  contig_45_pilon  1518628 1518838  (391371) C rnd-1_family-17   Unknown           (0)    229       1 3733  
   517   34.8  1.9  0.0  contig_45_pilon  1525336 1525545  (384664) C ltr-1_family-17   LTR/Gypsy       (893)   4332    4119 3734  
   317   20.4  3.2  4.6  contig_45_pilon  1529467 1529620  (380589) + rnd-1_family-81   Unknown          2175   2326   (543) 3735  
   426   22.0  2.8  0.0  contig_45_pilon  1530024 1530132  (380077) + rnd-3_family-57   Unknown          1141   1252     (5) 3736  
   971   24.2  6.7  2.6  contig_45_pilon  1531238 1531695  (378514) + rnd-2_family-270  Unknown           174    778     (1) 3737 *
  1132   25.3  7.8  3.4  contig_45_pilon  1531502 1531987  (378222) C rnd-1_family-66   Unknown         (212)    507       1 3738  
   284   24.5  2.0  0.0  contig_45_pilon  1535767 1535864  (374345) C rnd-1_family-97   Unknown        (1339)   3280    3181 3739  
   272   24.1  1.8  3.6  contig_45_pilon  1540102 1540213  (369996) + rnd-1_family-62   Unknown           177    286  (1350) 3740  
   648   22.8 14.1  0.5  contig_45_pilon  1546495 1546679  (363530) C rnd-2_family-26   Unknown          (85)    240      31 3741  
   251   15.2  3.3  1.6  contig_45_pilon  1558058 1558117  (352092) + rnd-1_family-81   Unknown          2227   2287   (582) 3742  
   725   22.7  3.2  2.1  contig_45_pilon  1578473 1578661  (331548) C rnd-3_family-333  Unknown           (4)    705     515 3743  
   869   24.4 11.1  1.1  contig_45_pilon  1578701 1579098  (331111) C rnd-3_family-333  Unknown         (268)    441       5 3743  
   276   25.7  2.3 13.6  contig_45_pilon  1579124 1579294  (330915) + rnd-2_family-26   Unknown            23    176   (149) 3744  
   545   26.8  6.6  3.6  contig_45_pilon  1582743 1582986  (327223) C rnd-2_family-26   Unknown          (49)    276      26 3745  
   431   15.6  0.8 19.8  contig_45_pilon  1592822 1592941  (317268) + rnd-2_family-430  Unknown          1696   1796    (18) 3746  
   659   24.9  1.0  3.1  contig_45_pilon  1598350 1598544  (311665) C rnd-1_family-97   Unknown        (1359)   3260    3070 3747  
   756   31.2  3.7  9.4  contig_45_pilon  1599318 1599699  (310510) + rnd-1_family-97   Unknown          2197   2558  (2061) 3748  
   506   23.7  3.0  0.0  contig_45_pilon  1599696 1599830  (310379) C rnd-2_family-26   Unknown          (49)    276     138 3749 *
   304   24.4  4.3  4.3  contig_45_pilon  1599868 1599961  (310248) C rnd-3_family-331  Unknown           (1)     96       3 3750  
  6899   14.0  1.7  0.2  contig_45_pilon  1603785 1604855  (305354) C rnd-1_family-30   DNA/TcMar-Tc1     (0)   1089       3 3751  
  5073   21.2  1.8  0.1  contig_45_pilon  1604077 1605006  (305203) + rnd-1_family-71   DNA/TcMar-Tc1       1    946   (672) 3752 *
   593   20.6  0.0  0.0  contig_45_pilon  1605080 1605181  (305028) + rnd-1_family-71   DNA/TcMar-Tc1    1517   1618     (0) 3753  
  1225   23.8 15.9  1.8  contig_45_pilon  1606384 1606729  (303480) C rnd-3_family-189  Unknown           (1)    395       2 3754  
   989   23.2  6.4  3.9  contig_45_pilon  1607840 1608167  (302042) + rnd-2_family-323  Unknown             1    336    (43) 3755  
   504   29.9  5.8  0.5  contig_45_pilon  1625186 1625393  (284816) C rnd-1_family-97   Unknown        (1342)   3277    3059 3756  
   358   14.6 28.9  0.8  contig_45_pilon  1625883 1625979  (284230) + rnd-2_family-80   Unknown             1    124    (16) 3757  
   975   22.4  2.5  0.8  contig_45_pilon  1627471 1627709  (282500) + rnd-2_family-26   Unknown            27    269    (56) 3758  
   439   12.7  0.0  0.0  contig_45_pilon  1632019 1632081  (278128) C rnd-1_family-16   Unknown           (0)    246     184 3759  
   368   29.7  3.4  1.1  contig_45_pilon  1640978 1641154  (269055) C rnd-2_family-156  DNA/TcMar-Tc1   (666)    928     748 3760  
   981   15.6  2.4 21.8  contig_45_pilon  1641670 1641964  (268245) C ltr-1_family-12   LTR/Gypsy        (13)   7451    7204 3761  
   582   16.1  6.4  4.4  contig_45_pilon  1645172 1645327  (264882) + rnd-2_family-26   Unknown           126    284    (41) 3762  
   501   35.3  2.2  2.2  contig_45_pilon  1655116 1655577  (254632) C ltr-1_family-25   LTR/Copia      (1010)   3482    2569 3763  
   310   31.9  2.1  2.1  contig_45_pilon  1656651 1656836  (253373) C ltr-1_family-25   LTR/Copia      (2258)   2234    2049 3763  
   532   11.5  0.0  0.0  contig_45_pilon  1663711 1663788  (246421) C rnd-1_family-69   Unknown           (2)    214     137 3764  
  4856   28.1  1.5  1.1  contig_45_pilon  1667128 1668590  (241619) + rnd-1_family-46   Unknown             6   1474  (6043) 3765  
  1839   23.1  2.9  2.5  contig_45_pilon  1668769 1669212  (240997) + rnd-1_family-46   Unknown          1567   2012  (5505) 3765  
 12515   22.7  2.3  1.4  contig_45_pilon  1669284 1672117  (238092) + rnd-1_family-46   Unknown          2010   4868  (2649) 3765  
 32834    2.3  0.2  0.2  contig_45_pilon  1675440 1680579  (229630) + rnd-1_family-82   Unknown             1   5135     (0) 3766  
   282   10.3  0.0  0.0  contig_45_pilon  1680634 1680672  (229537) + rnd-1_family-82   Unknown          5049   5087    (48) 3767 *
   287    3.1  0.0  0.0  contig_45_pilon  1680642 1680673  (229536) C rnd-1_family-82   Unknown          (48)   5087    5056 3768  
   252    5.9  5.9  0.0  contig_45_pilon  1680644 1680677  (229532) C rnd-1_family-93   Unknown         (113)   7626    7591 3769 *
   288    5.7  0.0  0.0  contig_45_pilon  1680774 1680808  (229401) + rnd-1_family-82   Unknown          5053   5087    (48) 3770  
  3747   27.7  2.1  2.5  contig_45_pilon  1681073 1682399  (227810) + rnd-1_family-64   Unknown          4623   5944   (531) 3771  
   239   13.7  7.7  1.8  contig_45_pilon  1682797 1682848  (227361) + rnd-1_family-82   Unknown          5033   5087    (48) 3772  
   274    8.8  0.0  0.0  contig_45_pilon  1683047 1683080  (227129) C rnd-1_family-82   Unknown          (48)   5087    5054 3768  
 15904   12.7  1.7  1.2  contig_45_pilon  1690190 1693562  (216647) + rnd-1_family-43   DNA/Sola-1          1   3075     (2) 3773  
   268   21.0  2.2  6.8  contig_45_pilon  1703031 1703122  (207087) C rnd-2_family-149  Unknown         (473)    339     252 3774  
  1326   32.6  2.8  3.1  contig_45_pilon  1706702 1707502  (202707) + rnd-1_family-68   DNA/Sola-1        195    992  (1414) 3775  
   345   15.8  0.0  0.0  contig_45_pilon  1708890 1708946  (201263) C rnd-1_family-69   Unknown         (158)     58       2 3776  
   237   14.3  0.0  3.6  contig_45_pilon  1710906 1710992  (199217) + rnd-1_family-81   Unknown          2248   2331   (538) 3777  
   490   16.9  0.0  3.6  contig_45_pilon  1711007 1711092  (199117) C rnd-1_family-69   Unknown           (0)    216     134 3778  
   532   20.8 20.5  1.5  contig_45_pilon  1713504 1713674  (196535) C rnd-1_family-69   Unknown           (8)    208       6 3779  
   613   17.9 20.6  1.0  contig_45_pilon  1713685 1713859  (196350) + rnd-1_family-69   Unknown             2    210     (6) 3780  
 20838   13.7  1.8  0.3  contig_45_pilon  1715186 1718402  (191807) C ltr-1_family-6    LTR/Gypsy      (1998)  11404    8140 3781  
  6744    8.8  1.0  2.1  contig_45_pilon  1719133 1720142  (190067) C rnd-1_family-21   LTR/Gypsy      (8097)    999       1 3782  
 73315    6.9  0.7  0.9  contig_45_pilon  1720143 1729625  (180584) C rnd-1_family-21   LTR/Gypsy         (0)   9096       1 3783  
  1036   30.3  1.3  1.7  contig_45_pilon  1732535 1733007  (177202) C rnd-1_family-78   Unknown          (27)    726     256 3784  
   967   26.6  3.5  8.5  contig_45_pilon  1733437 1733781  (176428) + rnd-2_family-323  Unknown             1    329    (50) 3785  
  1614   14.2  0.0  0.8  contig_45_pilon  1734631 1734886  (175323) + rnd-1_family-36   Unknown             2    255     (0) 3786  
   453   23.6  6.3  0.8  contig_45_pilon  1734901 1735011  (175198) C rnd-2_family-323  Unknown         (240)    139      23 3787  
   449   31.2  6.2  2.3  contig_45_pilon  1736246 1736619  (173590) + rnd-1_family-66   Unknown           108    495   (224) 3788  
   751   16.5  0.8  0.0  contig_45_pilon  1737219 1737345  (172864) + rnd-2_family-80   Unknown             9    136     (4) 3789  
   371   17.5  9.2  8.3  contig_45_pilon  1737236 1737366  (172843) C rnd-2_family-80   Unknown           (8)    132       1 3790 *
   421   14.9  1.1 14.5  contig_45_pilon  1752947 1753040  (157169) C rnd-1_family-97   Unknown        (1342)   3277    3195 3791  
   372   27.4  0.8  0.8  contig_45_pilon  1761164 1761281  (148928) + rnd-1_family-97   Unknown          3151   3268  (1351) 3792  
  2770   10.0  5.6  0.2  contig_45_pilon  1761580 1761971  (148238) C rnd-1_family-8    Unknown           (0)    416       4 3793  
   466   18.8  5.2  0.0  contig_45_pilon  1767726 1767821  (142388) C rnd-2_family-26   Unknown          (92)    233     133 3794  
   234   30.1  1.8  4.9  contig_45_pilon  1769877 1770044  (140165) C rnd-2_family-195  Unknown         (364)    188      26 3795  
   477   20.8 24.3  2.3  contig_45_pilon  1774160 1774336  (135873) C rnd-1_family-97   Unknown        (1344)   3275    3061 3796  
   576   22.1  3.1  0.0  contig_45_pilon  1776509 1776635  (133574) C rnd-2_family-26   Unknown          (68)    257     127 3797  
  1583   12.9  0.0  0.5  contig_45_pilon  1784981 1785205  (125004) + rnd-1_family-17   Unknown             5    228     (1) 3798  
   961   20.5  3.2  0.5  contig_45_pilon  1786703 1786918  (123291) C rnd-2_family-247  Unknown         (351)    877     656 3799  
  1037   19.2  0.0  0.0  contig_45_pilon  1786980 1787161  (123048) C rnd-2_family-247  Unknown         (580)    648     467 3799  
   844   18.0  3.3  1.6  contig_45_pilon  1787156 1787336  (122873) C rnd-2_family-247  Unknown         (978)    250      67 3799 *
   396   35.9  7.9  2.7  contig_45_pilon  1787359 1787988  (122221) + rnd-1_family-46   Unknown          6806   7467    (50) 3800  
   278   31.3  2.2  2.2  contig_45_pilon  1787994 1788127  (122082) + rnd-1_family-26   Unknown          2282   2415  (2133) 3801  
   325   27.6  3.5  1.7  contig_45_pilon  1796370 1796542  (113667) + rnd-1_family-66   Unknown            80    255   (464) 3802  
  1072   20.4  5.0  5.2  contig_45_pilon  1796633 1797035  (113174) C rnd-2_family-270  Unknown          (65)    714     313 3803  
   455   23.6  0.9  0.0  contig_45_pilon  1797103 1797212  (112997) + rnd-2_family-251  Unknown            39    149     (0) 3804  
   361   23.1  6.5  1.0  contig_45_pilon  1798670 1798761  (111448) + rnd-3_family-331  Unknown             1     97     (0) 3805  
   335   27.8  4.2  1.4  contig_45_pilon  1798764 1798905  (111304) + rnd-2_family-26   Unknown           127    272    (53) 3806  
   349   25.5  2.9  0.9  contig_45_pilon  1799153 1799255  (110954) C rnd-2_family-26   Unknown          (54)    271     167 3807  
   292   25.3  3.4  2.2  contig_45_pilon  1799402 1799490  (110719) C rnd-2_family-26   Unknown         (217)    108      19 3807  
   385   17.0  1.0  2.1  contig_45_pilon  1799523 1799618  (110591) + rnd-3_family-331  Unknown             1     95     (2) 3808 *
   677   14.5  3.2  0.0  contig_45_pilon  1799617 1799740  (110469) + rnd-2_family-26   Unknown           120    247    (78) 3809  
   288   27.3 10.4  3.0  contig_45_pilon  1800164 1800412  (109797) C rnd-1_family-96   Unknown        (1664)   1053     787 3810  
  2929   11.2  0.2  2.2  contig_45_pilon  1803051 1803515  (106694) C rnd-1_family-52   Unknown           (0)    458       3 3811  
   510   24.0  7.0  1.5  contig_45_pilon  1803818 1804003  (106206) C rnd-2_family-26   Unknown          (54)    271      76 3812  
   372   23.7  3.0  2.2  contig_45_pilon  1810435 1810568   (99641) C rnd-2_family-26   Unknown          (55)    270     136 3813  
   250   23.5  1.4  1.4  contig_45_pilon  1812422 1812490   (97719) C rnd-2_family-48   Unknown           (1)    227     159 3814  
   388   26.0  1.9  1.4  contig_45_pilon  1822404 1822591   (87618) C ltr-1_family-34   LTR/Copia       (315)   3931    3839 3815  
   275   33.9  1.6  1.6  contig_45_pilon  1823460 1823711   (86498) C ltr-1_family-19   LTR/Copia      (1362)   3124    2873 3816  
   371   26.4  3.0  6.2  contig_45_pilon  1839873 1840005   (70204) C rnd-2_family-26   Unknown          (55)    270     142 3817  
   379   23.9  2.1  1.1  contig_45_pilon  1840027 1840119   (70090) C rnd-3_family-331  Unknown           (3)     94       1 3818  
   471   24.8  3.3 10.8  contig_45_pilon  1841195 1841238   (68971) C rnd-2_family-50   Unknown         (145)    351     267 3819  
   514   19.6  1.6  7.7  contig_45_pilon  1841239 1841431   (68778) + rnd-2_family-195  Unknown           152    333   (219) 3820  
   471   24.8  3.3 10.8  contig_45_pilon  1841432 1841561   (68648) C rnd-2_family-50   Unknown         (145)    266      10 3819  
   254   27.1  7.6  3.3  contig_45_pilon  1852533 1852964   (57245) + rnd-2_family-270  Unknown           306    755    (24) 3821 *
   346   26.9  5.3  2.0  contig_45_pilon  1852928 1853276   (56933) C rnd-1_family-49   Unknown         (193)    526       1 3822  
   580   22.1  4.1  0.0  contig_45_pilon  1853293 1853464   (56745) + rnd-1_family-13   Unknown          3350   3528  (2274) 3823  
 68336    1.1  0.3  0.2  contig_45_pilon  1853642 1910209       (0) + rnd-1_family-51   Unknown             1   7314     (0) 3824  
16909    0.3  0.0  0.0  contig_5_pilon     324   2137 (400983) + rnd-2_family-430  Unknown          1   1814    (0) 3825  
  641   18.7 10.0  6.5  contig_5_pilon    8877   9116 (394004) C rnd-2_family-26   Unknown       (51)    274     27 3826  
 1073   17.1  8.1  0.0  contig_5_pilon   13510  13720 (389400) + rnd-1_family-97   Unknown       3049   3276 (1343) 3827  
  291   26.6  8.0  1.5  contig_5_pilon   14837  15023 (388097) + rnd-2_family-272  Unknown       3332   3530 (4541) 3828  
  460   23.4  1.1  0.0  contig_5_pilon   15252  15345 (387775) + rnd-3_family-331  Unknown          2     96    (1) 3829  
  447   29.4  3.7  0.0  contig_5_pilon   15355  15490 (387630) + rnd-2_family-26   Unknown        131    271   (54) 3830  
  332   23.8  8.5  9.7  contig_5_pilon   15791  16060 (387060) + rnd-1_family-96   Unknown        748   1014 (1703) 3831  
  586   21.7  2.7  3.4  contig_5_pilon   18081  18228 (384892) C rnd-2_family-251  Unknown        (2)    147      1 3832  
 2872   18.6  1.0  0.0  contig_5_pilon   27702  28201 (374919) C rnd-1_family-58   Unknown        (1)    505      1 3833  
  252   22.4  4.4  1.4  contig_5_pilon   32957  33024 (370096) + rnd-1_family-97   Unknown       3208   3277 (1342) 3834  
  292   29.3  4.9  7.6  contig_5_pilon   39908  40029 (363091) C rnd-2_family-149  Unknown      (163)    649    531 3835  
  541   22.7  0.0  0.0  contig_5_pilon   42354  42463 (360657) + rnd-2_family-194  Unknown        104    213    (3) 3836  
  456   26.5  7.2  7.2  contig_5_pilon   42486  42499 (360621) + rnd-2_family-195  Unknown        108    158  (394) 3837  
  748   23.6  6.7  3.8  contig_5_pilon   42500  42830 (360290) C rnd-2_family-50   Unknown      (156)    340      1 3838  
  441   30.7  4.7  2.5  contig_5_pilon   42814  43090 (360030) C rnd-1_family-66   Unknown      (192)    527    245 3839 *
  456   26.5  7.2  7.2  contig_5_pilon   42831  42928 (360192) + rnd-2_family-195  Unknown        159    550    (2) 3837  
  686   24.0  7.5  0.9  contig_5_pilon   43098  43311 (359809) C rnd-2_family-48   Unknown        (0)    228      1 3840  
  400   31.4  5.9  3.9  contig_5_pilon   46091  46444 (356676) + rnd-1_family-66   Unknown        136    496  (223) 3841  
  954   17.5  8.9  2.2  contig_5_pilon   46470  46761 (356359) + rnd-2_family-50   Unknown         74    384  (112) 3842  
 1201   21.1  4.2  3.4  contig_5_pilon   46925  47307 (355813) C rnd-2_family-50   Unknown      (110)    386      1 3843  
  419   28.7  4.4  9.4  contig_5_pilon   47098  47508 (355612) + rnd-2_family-272  Unknown        275    666 (7405) 3844 *
  247   22.7  0.0  6.0  contig_5_pilon   47466  47554 (355566) C rnd-2_family-50   Unknown      (313)    183    100 3845 *
  729    8.5  0.9  0.0  contig_5_pilon   47718  47823 (355297) C ltr-1_family-12   LTR/Gypsy     (14)   7450   7344 3846 *
 2399    3.1  1.1  0.0  contig_5_pilon   47819  48104 (355016) C ltr-1_family-11   LTR/Unknown    (0)    289      1 3847  
  560   25.8  4.1  5.2  contig_5_pilon   50116  50311 (352809) + rnd-3_family-310  Unknown         20    213  (339) 3848  
  663   21.9  0.7  1.3  contig_5_pilon   50313  50465 (352655) C rnd-3_family-310  Unknown      (132)    420    269 3849  
 1356   17.0  0.0  0.0  contig_5_pilon   50665  50887 (352233) + rnd-1_family-97   Unknown       3053   3275 (1344) 3850  
 1705   21.6  3.1  6.2  contig_5_pilon   51924  52470 (350650) + rnd-3_family-9    Unknown         32    562   (30) 3851  
  901   28.8  2.8  0.6  contig_5_pilon   55401  55721 (347399) C rnd-1_family-66   Unknown      (367)    352     25 3852  
  586   19.4  0.8  0.8  contig_5_pilon   58972  59096 (344024) + rnd-2_family-11   Unknown         23    147   (84) 3853  
 1080   17.2 15.8  6.0  contig_5_pilon   59585  60028 (343092) + rnd-2_family-153  Unknown        134    618  (131) 3854  
  331   30.4  2.0  0.0  contig_5_pilon   60253  60354 (342766) C rnd-3_family-57   Unknown       (57)   1200   1097 3855  
  402   26.9  6.0  4.2  contig_5_pilon   60733  61135 (341985) C rnd-3_family-9    Unknown        (1)    591    182 3856  
  444   25.0  4.8  3.0  contig_5_pilon   62073  62237 (340883) C rnd-2_family-11   Unknown        (7)    224     57 3857  
 1985    8.0  1.0  1.0  contig_5_pilon   62296  62584 (340536) + ltr-1_family-11   LTR/Unknown      1    289    (0) 3858  
 2211    5.9  1.0  1.0  contig_5_pilon   62585  62873 (340247) + ltr-1_family-12   LTR/Gypsy        1    289 (7175) 3859  
  555   22.5  5.8  5.6  contig_5_pilon   63063  63442 (339678) + rnd-2_family-153  Unknown          5    437  (312) 3860  
 1045   14.9  4.2  5.4  contig_5_pilon   63828  64110 (339010) + rnd-2_family-153  Unknown          1    280  (469) 3861  
  514   26.3  2.6  2.6  contig_5_pilon   64154  64383 (338737) C rnd-2_family-195  Unknown      (286)    266     37 3862  
 1153    8.8  0.0  0.0  contig_5_pilon   64391  64550 (338570) + rnd-1_family-20   Unknown          1    160    (0) 3863  
  240   29.7  1.0  1.0  contig_5_pilon   64743  64844 (338276) + rnd-2_family-50   Unknown        292    393  (103) 3864  
  299   27.9  2.0 13.4  contig_5_pilon   64935  65083 (338037) C rnd-2_family-26   Unknown      (150)    175     42 3865  
  470   24.9  1.0  7.8  contig_5_pilon   66314  66518 (336602) + rnd-3_family-310  Unknown         55    246  (306) 3866 *
  551   17.2  2.2  3.6  contig_5_pilon   66499  66637 (336483) C rnd-2_family-50   Unknown      (286)    210     74 3867  
  631   29.3  4.6  1.7  contig_5_pilon   66654  67004 (336116) C rnd-1_family-66   Unknown      (214)    505    145 3868  
  470   25.5  6.9  0.0  contig_5_pilon   67358  67502 (335618) + rnd-1_family-5    Unknown        237    391  (646) 3869  
 4597   12.7  1.0  0.3  contig_5_pilon   69031  69740 (333380) + rnd-1_family-66   Unknown          1    715    (4) 3870  
  393   34.9  4.8  0.5  contig_5_pilon   71222  71595 (331525) + rnd-1_family-66   Unknown         78    467  (252) 3871  
  255   31.6  3.4  7.9  contig_5_pilon   71434  71869 (331251) C rnd-2_family-272  Unknown     (7410)    661    244 3872 *
  592   28.2  6.0  2.7  contig_5_pilon   71642  72005 (331115) + rnd-2_family-50   Unknown         11    386  (110) 3873  
  344   21.7  2.0  4.0  contig_5_pilon   73018  73118 (330002) C rnd-3_family-57   Unknown       (43)   1214   1116 3874  
 1347   15.1  8.7  2.1  contig_5_pilon   74729  74992 (328128) + rnd-1_family-2    Unknown          1    281    (0) 3875  
 3392   20.5  1.4  1.6  contig_5_pilon   75408  76210 (326910) C rnd-2_family-110  Unknown        (6)    801      1 3876  
 2247   17.9  2.2  0.3  contig_5_pilon   81293  81661 (321459) + rnd-2_family-1080 Unknown         17    392    (0) 3877  
  411   27.7  0.0  2.3  contig_5_pilon   81889  82021 (321099) + rnd-1_family-66   Unknown          9    138  (581) 3878  
  817   23.4 15.5 10.8  contig_5_pilon   84109  84649 (318471) + rnd-2_family-247  Unknown         67    630  (598) 3879  
  246   29.2  6.9  0.0  contig_5_pilon   84637  84869 (318251) C rnd-3_family-9    Unknown      (304)    288     40 3880 *
 2252   19.0  2.0  2.9  contig_5_pilon   87583  88134 (314986) + rnd-3_family-9    Unknown         42    588    (4) 3881  
 1619   10.2  0.0  0.4  contig_5_pilon   88184  88409 (314711) C rnd-1_family-17   Unknown        (4)    225      1 3882  
  237   14.9  2.1  0.0  contig_5_pilon   89880  89926 (313194) C rnd-1_family-44   Unknown      (382)   1232   1185 3883  
  467   23.4  9.8  0.9  contig_5_pilon   90302  90514 (312606) + rnd-1_family-3    Unknown          8    143    (0) 3884  
  592   27.5  4.1  7.9  contig_5_pilon   90549  90973 (312147) C rnd-2_family-270  Unknown       (74)    705    239 3885  
  992   21.9  6.6  2.4  contig_5_pilon   91532  91895 (311225) + rnd-2_family-153  Unknown         25    403  (346) 3886  
 2238   14.6  7.9  0.2  contig_5_pilon   93744  94121 (308999) C rnd-1_family-8    Unknown        (0)    416     10 3887  
 1008   20.5  7.8  3.9  contig_5_pilon   94285  94684 (308436) + rnd-3_family-333  Unknown        166    580  (129) 3888  
  404   18.3  2.8  0.0  contig_5_pilon   94913  94983 (308137) C rnd-1_family-37   Unknown        (0)    198    126 3889  
 1441   12.0  0.4  3.1  contig_5_pilon   96773  97004 (306116) C rnd-1_family-17   Unknown        (3)    226      1 3890  
  815   19.4 11.6  0.5  contig_5_pilon   97271  97451 (305669) C rnd-2_family-436  Unknown        (1)    210     10 3891  
  349   25.6  2.1  2.1  contig_5_pilon   99184  99323 (303797) + rnd-3_family-333  Unknown          1    140  (569) 3892  
  391   21.8  5.4  4.6  contig_5_pilon   99827  99956 (303164) C rnd-1_family-66   Unknown      (433)    286    156 3893  
  310   31.3  6.2  5.7  contig_5_pilon   99973 100358 (302762) C rnd-1_family-66   Unknown      (331)    388      1 3894  
  234   19.3  0.0  3.5  contig_5_pilon  100569 100627 (302493) C rnd-2_family-19   Unknown      (144)    100     44 3895  
  427   30.9  3.7  1.6  contig_5_pilon  109605 109847 (293273) C rnd-2_family-26   Unknown       (58)    267     20 3896  
  851   20.6  3.8  3.8  contig_5_pilon  110887 111098 (292022) C rnd-1_family-97   Unknown     (1342)   3277   3066 3897  
 2447   14.3  4.0  0.0  contig_5_pilon  114363 114739 (288381) C rnd-2_family-1080 Unknown        (0)    392      1 3898  
  579   22.1  3.3  2.6  contig_5_pilon  115502 115654 (287466) + rnd-2_family-11   Unknown          1    154   (77) 3899  
 1510    9.9  1.8  0.4  contig_5_pilon  117435 117656 (285464) + rnd-1_family-17   Unknown          1    225    (4) 3900  
  387   19.4  0.0  1.5  contig_5_pilon  120554 120621 (282499) + rnd-2_family-26   Unknown         22     88  (237) 3901  
  573   24.5  2.7  0.7  contig_5_pilon  120627 120774 (282346) + rnd-2_family-26   Unknown         52    202  (123) 3902  
  538   22.6  5.9  2.4  contig_5_pilon  133962 134165 (268955) C rnd-2_family-50   Unknown      (244)    252     42 3903  
  420   25.0  4.2  1.4  contig_5_pilon  134271 134490 (268630) C rnd-1_family-49   Unknown      (270)    449     42 3904  
  230   25.7  7.3  2.8  contig_5_pilon  134595 134730 (268390) + rnd-1_family-44   Unknown       1091   1232  (382) 3905  
  484   22.5  6.2  2.6  contig_5_pilon  136054 136199 (266921) C rnd-2_family-26   Unknown       (53)    272    122 3906  
  407   13.3  0.0  0.0  contig_5_pilon  138634 138708 (264412) C rnd-1_family-37   Unknown       (83)    115     41 3907  
 2249   20.8  1.2  0.5  contig_5_pilon  139376 139873 (263247) + rnd-1_family-4    Unknown          2    403   (93) 3908  
  518   16.5  0.0  0.0  contig_5_pilon  140118 140214 (262906) + rnd-1_family-4    Unknown        400    496    (0) 3908  
  513   17.7  0.0  4.2  contig_5_pilon  144075 144174 (258946) + rnd-3_family-331  Unknown          1     96    (1) 3909  
  822   12.5 24.4  0.0  contig_5_pilon  155894 156061 (247059) C rnd-2_family-436  Unknown        (2)    209      1 3910  
  714   19.1  0.7  2.0  contig_5_pilon  159092 159241 (243879) C rnd-2_family-194  Unknown       (68)    148      1 3911  
  708   25.4  2.6  4.8  contig_5_pilon  161289 161520 (241600) C rnd-2_family-26   Unknown       (73)    252     26 3912  
  702   23.3  4.7  5.1  contig_5_pilon  163731 163965 (239155) + rnd-2_family-108  Unknown         60    293    (8) 3913  
  355   28.9 12.1  0.0  contig_5_pilon  167828 168017 (235103) + rnd-2_family-26   Unknown         40    252   (73) 3914  
  950   12.2  4.9  1.6  contig_5_pilon  179638 179821 (223299) + rnd-1_family-17   Unknown         19    208   (21) 3915  
 1009   26.1 13.8  1.7  contig_5_pilon  180053 180618 (222502) + rnd-2_family-149  Unknown         17    649  (163) 3916  
  574   16.3  4.0  1.3  contig_5_pilon  184757 184905 (218215) C rnd-2_family-153  Unknown      (126)    623    471 3917  
 1197   18.4  2.7 13.9  contig_5_pilon  184941 185489 (217631) C rnd-2_family-153  Unknown      (254)    495      1 3917  
  529   16.9 10.4  7.6  contig_5_pilon  187151 187342 (215778) + rnd-2_family-19   Unknown         48    244    (0) 3918  
  592   23.5  0.4 20.4  contig_5_pilon  188815 189049 (214071) + rnd-1_family-37   Unknown          1    196    (2) 3919  
  259   26.3  2.0  4.1  contig_5_pilon  194980 195078 (208042) + rnd-2_family-48   Unknown         61    157   (71) 3920  
  473   20.2  0.0  0.0  contig_5_pilon  196252 196350 (206770) + rnd-2_family-194  Unknown        102    200   (16) 3921  
  530   30.1  4.3  1.1  contig_5_pilon  196432 196800 (206320) C rnd-2_family-50   Unknown      (109)    387      7 3922  
  250   27.3  7.6  0.7  contig_5_pilon  196850 196993 (206127) C rnd-1_family-66   Unknown      (256)    463    310 3923  
  320   26.6  1.1  1.1  contig_5_pilon  197246 197340 (205780) C rnd-3_family-331  Unknown        (2)     95      1 3924  
  536   25.4  2.6  2.1  contig_5_pilon  197613 197805 (205315) C rnd-2_family-323  Unknown       (42)    337    144 3925  
  372   21.5 15.2  1.3  contig_5_pilon  197859 197990 (205130) + rnd-2_family-323  Unknown          5    154  (225) 3926  
 1039   27.5  2.0  8.4  contig_5_pilon  198011 198566 (204554) + rnd-1_family-66   Unknown          2    524  (195) 3927  
  701   23.2  5.0  3.9  contig_5_pilon  198578 198859 (204261) C rnd-2_family-270  Unknown      (182)    597    313 3928  
  796   22.4  0.0 10.1  contig_5_pilon  199061 199278 (203842) + rnd-1_family-37   Unknown          1    198    (0) 3929  
  811   15.9  0.5  1.6  contig_5_pilon  199355 199377 (203743) C rnd-1_family-2    Unknown        (0)    281      3 3930  
  386   23.8  5.1  8.4  contig_5_pilon  199378 199574 (203546) + rnd-1_family-37   Unknown          5    195    (3) 3931  
  564   19.4 17.3  1.5  contig_5_pilon  200838 201010 (202110) C rnd-2_family-194  Unknown        (4)    212     13 3932  
  828   23.4  3.5  4.1  contig_5_pilon  201489 201805 (201315) + rnd-3_family-310  Unknown          5    319  (233) 3933  
  355   20.8  1.4  0.0  contig_5_pilon  201811 201882 (201238) + rnd-3_family-310  Unknown        480    552    (0) 3933  
 1324   11.0 13.3  0.7  contig_5_pilon  202895 203142 (199978) C rnd-1_family-2    Unknown        (2)    279      1 3934  
 1086   10.0  0.0  0.0  contig_5_pilon  210085 210244 (192876) C rnd-1_family-20   Unknown        (0)    160      1 3935  
  425   19.8  1.1  0.0  contig_5_pilon  211440 211530 (191590) + rnd-2_family-430  Unknown       1683   1774   (40) 3936  
  271   27.8  0.0  0.0  contig_5_pilon  211629 211700 (191420) + rnd-1_family-69   Unknown          2     73  (143) 3937  
  543   23.4  0.4 13.3  contig_5_pilon  213313 213549 (189571) + rnd-2_family-399  Unknown         22    231    (1) 3938  
  611   28.0  3.8  0.4  contig_5_pilon  213733 213969 (189151) + rnd-2_family-26   Unknown         28    272   (53) 3939  
  947   17.9  1.4  1.4  contig_5_pilon  214904 215113 (188007) C rnd-2_family-194  Unknown        (2)    214      5 3940  
  343   23.5  0.0  2.5  contig_5_pilon  216197 216279 (186841) + rnd-2_family-430  Unknown       1694   1774   (40) 3941  
  417   16.3 11.6  0.0  contig_5_pilon  219196 219281 (183839) C rnd-2_family-19   Unknown      (144)    100      5 3942  
 1058   12.5  0.0  0.0  contig_5_pilon  247179 247338 (155782) C rnd-1_family-20   Unknown        (0)    160      1 3943  
  553   25.0  7.9  5.5  contig_5_pilon  247342 247696 (155424) + rnd-1_family-66   Unknown        145    507  (212) 3944 *
  849   23.4  2.6 15.5  contig_5_pilon  247600 248166 (154954) C rnd-2_family-195  Unknown        (0)    552     49 3945  
 1333   16.9  1.3  0.0  contig_5_pilon  248586 248810 (154310) C rnd-1_family-97   Unknown     (1342)   3277   3050 3946  
  448   22.1  3.1 10.1  contig_5_pilon  248811 249001 (154119) + rnd-2_family-436  Unknown         30    208    (3) 3947  
 1544   10.6  0.0  0.5  contig_5_pilon  249792 250000 (153120) C rnd-1_family-17   Unknown        (4)    225     18 3948  
 1508   12.4  0.5  0.0  contig_5_pilon  250004 250220 (152900) C rnd-1_family-17   Unknown        (6)    223      6 3949  
  845   24.1  6.2  4.5  contig_5_pilon  250826 251198 (151922) C rnd-3_family-333  Unknown        (4)    705    327 3950  
 1072   27.0  2.6  4.5  contig_5_pilon  251342 251803 (151317) C rnd-2_family-270  Unknown       (66)    713    157 3951  
  398   18.8 23.9  0.0  contig_5_pilon  257905 258021 (145099) C rnd-2_family-26   Unknown       (49)    276    132 3952  
  671   30.6  5.0  0.9  contig_5_pilon  261275 261492 (141628) C rnd-3_family-189  Unknown        (3)    393    167 3953  
  526   23.9  3.6  0.0  contig_5_pilon  263517 263654 (139466) C rnd-1_family-5    Unknown      (635)    402    260 3954  
  303   29.1  1.2  0.0  contig_5_pilon  270875 270960 (132160) + rnd-2_family-26   Unknown         23    109  (216) 3955  
 1515   10.2  0.0  1.0  contig_5_pilon  278764 278971 (124149) + rnd-1_family-48   Unknown          1    206   (26) 3956  
  272   20.6 12.6  3.7  contig_5_pilon  284126 284347 (118773) C rnd-3_family-9    Unknown      (147)    445    205 3957  
  550   25.5  8.1  5.0  contig_5_pilon  285744 285978 (117142) C rnd-2_family-26   Unknown       (57)    268     27 3958  
  332   26.7  1.2  0.0  contig_5_pilon  287026 287111 (116009) + rnd-1_family-44   Unknown       1147   1233  (381) 3959  
  842   27.8  1.3  0.0  contig_5_pilon  292434 292660 (110460) C rnd-1_family-97   Unknown     (1343)   3276   3047 3960  
 2966   14.5  0.0  0.2  contig_5_pilon  303379 303854  (99266) + rnd-1_family-4    Unknown         22    496    (0) 3961  
 1225   30.7  3.0  1.0  contig_5_pilon  304661 305268  (97852) + rnd-1_family-34   Unknown          1    620  (344) 3962  
  458   17.5  0.0  0.0  contig_5_pilon  310688 310767  (92353) C rnd-1_family-69   Unknown        (0)    216    137 3963  
11418   14.4  0.6  1.5  contig_5_pilon  312879 314709  (88411) C rnd-1_family-47   LTR/Gypsy   (2400)   3240   1427 3964  
  289   10.6  0.0  0.0  contig_5_pilon  314679 314725  (88395) + rnd-1_family-31   Unknown          8     54 (2211) 3965 *
  237   12.8 12.1  5.7  contig_5_pilon  314706 314771  (88349) C rnd-1_family-55   Unknown       (26)   3627   3558 3966 *
 4730   12.9  0.9  2.1  contig_5_pilon  316079 316862  (86258) + rnd-1_family-86   Unknown         13    787    (0) 3967  
 5720    9.2  0.0  0.1  contig_5_pilon  317260 318025  (85095) + rnd-1_family-72   Unknown          2    766    (0) 3968  
  308   33.6  0.0  1.5  contig_5_pilon  318167 318302  (84818) + rnd-1_family-61   Unknown       2051   2184 (1814) 3969  
  354   34.7  7.7  3.8  contig_5_pilon  318581 319059  (84061) + rnd-1_family-61   Unknown       2596   3092  (906) 3969  
29342   12.9  1.9  0.6  contig_5_pilon  322555 327027  (76093) C rnd-1_family-26   Unknown        (2)   4546     17 3970  
 1594    4.8  0.5  0.0  contig_5_pilon  327028 327235  (75885) + rnd-1_family-75   Unknown          1    209   (11) 3971  
13682    3.8  0.4  0.4  contig_5_pilon  327514 330300  (72820) + rnd-1_family-44   Unknown          1   1916    (0) 3972  
  228   11.1  2.8  0.0  contig_5_pilon  331120 331155  (71965) C rnd-1_family-26   Unknown     (4511)     37      1 3970 *
 2762   13.2  0.0  0.2  contig_5_pilon  331131 331570  (71550) C rnd-1_family-31   Unknown     (1825)    440      2 3973  
 9967   12.7  1.0  2.4  contig_5_pilon  331574 333086  (70034) C ltr-1_family-6    LTR/Gypsy   (3773)   9629   8138 3974  
  414   33.5  0.0  0.0  contig_5_pilon  334606 334763  (68357) + rnd-1_family-46   Unknown        388    545 (6972) 3975  
  990   23.1  8.9  2.6  contig_5_pilon  335492 335816  (67304) + rnd-1_family-31   Unknown          1    345 (1920) 3976  
20960   13.6  0.4  0.2  contig_5_pilon  336093 339233  (63887) + rnd-1_family-26   Unknown          1   3147 (1401) 3977  
11838    7.3  0.1  0.1  contig_5_pilon  339233 340673  (62447) C rnd-1_family-47   LTR/Gypsy    (365)   5275   3835 3978 *
21695    2.3  0.2  0.3  contig_5_pilon  340667 343112  (60008) C rnd-1_family-90   Unknown        (0)   2444      1 3979  
19465   11.7  1.7  1.1  contig_5_pilon  343101 346937  (56183) C rnd-1_family-47   LTR/Gypsy   (1789)   3851   1128 3978 *
  268    8.5  0.0  0.0  contig_5_pilon  348236 348282  (54838) C rnd-1_family-31   Unknown     (2211)     54      8 3980  
 1553   18.7 11.7  0.2  contig_5_pilon  353881 354249  (48871) + rnd-1_family-58   Unknown         50    460   (46) 3981  
 4128   23.4  2.9  1.3  contig_5_pilon  354671 355753  (47367) + rnd-1_family-35   Unknown       1517   2616   (16) 3982  
  620   31.2  2.9  2.2  contig_5_pilon  355903 356177  (46943) + rnd-1_family-61   Unknown       2870   3146  (852) 3983  
 2554   14.4  0.5  0.5  contig_5_pilon  356834 357245  (45875) C ltr-1_family-12   LTR/Gypsy     (14)   7450   7039 3984  
24209    6.2  1.0  0.5  contig_5_pilon  357246 360482  (42638) + rnd-1_family-41   LTR/Gypsy        1   3253 (3521) 3985  
 2058    9.6  0.4  0.0  contig_5_pilon  360482 360762  (42358) C ltr-1_family-12   LTR/Gypsy    (420)   7044   6763 3984 *
13407   11.9  0.5  0.4  contig_5_pilon  360768 362713  (40407) C ltr-1_family-12   LTR/Gypsy    (889)   6575   4628 3984  
11579   10.8  3.1  0.1  contig_5_pilon  362711 365081  (38039) + rnd-1_family-90   Unknown          1   2441    (3) 3986 *
18998   12.7  0.3  0.3  contig_5_pilon  365093 367930  (35190) C ltr-1_family-12   LTR/Gypsy   (2843)   4621   1784 3984  
 2143   20.6  0.5  0.0  contig_5_pilon  367949 368342  (34778) C ltr-1_family-15   LTR/Unknown   (13)   1459   1064 3987 *
72646    5.2  0.4  0.4  contig_5_pilon  368341 377621  (25499) + rnd-1_family-21   LTR/Gypsy        1  13221  (181) 3988  
  245   12.8  0.0  0.0  contig_5_pilon  377773 377811  (25309) + ltr-1_family-8    LTR/Gypsy     8562   8600    (0) 3989  
 7036    6.5  0.6  1.3  contig_5_pilon  377812 378817  (24303) + rnd-1_family-21   LTR/Gypsy        1    999 (8097) 3990  
  810   15.4  0.0  0.0  contig_5_pilon  378820 378942  (24178) C ltr-1_family-15   LTR/Unknown  (404)   1068    946 3991  
  361   32.5  3.5  2.4  contig_5_pilon  380764 381132  (21988) + rnd-1_family-35   Unknown       1412   1784  (848) 3992  
  746   32.7  6.3  5.2  contig_5_pilon  382864 383592  (19528) + rnd-1_family-61   Unknown       2598   3334  (664) 3993  
  645   26.2  4.7  0.9  contig_5_pilon  387489 387700  (15420) + rnd-1_family-24   Unknown       1540   1759 (2789) 3994  
 3036   30.1  1.7  1.7  contig_5_pilon  388906 390398  (12722) + rnd-1_family-67   Unknown        958   2449 (1627) 3995  
 1524   33.0  2.1  4.8  contig_5_pilon  389980 390984  (12136) C rnd-1_family-46   Unknown        (2)   7515   6537 3996 *
 1025   27.0  1.4  2.0  contig_5_pilon  391102 391453  (11667) + rnd-1_family-67   Unknown       3119   3468  (608) 3995  
  387   29.1  7.1  3.6  contig_5_pilon  391194 391530  (11590) C rnd-1_family-26   Unknown     (3720)    828    595 3997 *
21104    8.6  1.8  0.9  contig_5_pilon  391617 394841   (8279) C rnd-1_family-41   LTR/Gypsy   (3521)   3253      1 3998  
  439   24.8  6.8  8.3  contig_5_pilon  395008 395288   (7832) C rnd-1_family-46   Unknown     (1799)   5718   5442 3999  
 1713   13.3  0.4  0.0  contig_5_pilon  395508 395763   (7357) C ltr-1_family-15   LTR/Unknown  (515)    957    701 4000  
 4247   16.7  0.7  0.1  contig_5_pilon  396512 397211   (5909) C ltr-1_family-15   LTR/Unknown  (767)    705      2 4000  
 1130   21.8  1.3  1.3  contig_5_pilon  397217 397444   (5676) C ltr-1_family-12   LTR/Gypsy   (5682)   1782   1555 4001  
40397    6.1  1.7  0.7  contig_5_pilon  397445 403120      (0) + rnd-1_family-41   LTR/Gypsy        1   5737 (1037) 4002  
 5408   19.7  3.9  1.9  contig_51_pilon      7  1484 (31268) + rnd-1_family-61 Unknown      2005   3511  (487) 4003 *
10723    7.2  1.1  0.5  contig_51_pilon   1091  3567 (29185) C rnd-1_family-6  Unknown       (0)   1813      1 4004  
  229   15.9  0.0  2.3  contig_51_pilon   3872  3916 (28836) C rnd-1_family-6  Unknown    (1491)    322    279 4005  
23633   12.6  1.9  1.2  contig_51_pilon   5572 10195 (22557) + rnd-1_family-67 Unknown         1   4530   (18) 4006 *
25119    6.8  1.4  0.9  contig_51_pilon   7032 10717 (22035) C rnd-1_family-15 DNA/MULE-F    (0)   3707      1 4007  
15241    2.8  1.0  0.2  contig_51_pilon  11267 13317 (19435) C rnd-1_family-25 Unknown       (0)   1916      4 4008  
 2686    6.6  0.3  0.0  contig_51_pilon  13318 13697 (19055) + rnd-1_family-40 Unknown         1    381    (1) 4009  
  333    6.6  1.6  1.6  contig_51_pilon  14490 14551 (18201) C rnd-1_family-74 Unknown       (1)    409    348 4010  
  535   19.5  1.5  1.5  contig_51_pilon  14742 14871 (17881) C rnd-1_family-74 Unknown     (244)    166     37 4011  
  731   31.1  1.5  1.7  contig_51_pilon  19132 19540 (13212) + rnd-1_family-21 LTR/Gypsy    3876   4283 (4813) 4012  
 2614   30.8  2.9  2.6  contig_51_pilon  19932 21287 (11465) + rnd-1_family-21 LTR/Gypsy    4700   6059 (3037) 4012  
 2587   30.9  0.8  0.8  contig_51_pilon  21405 22557 (10195) + rnd-1_family-21 LTR/Gypsy    6193   7345 (1751) 4012  
 2641    6.6  0.5  0.0  contig_51_pilon  29184 29563  (3189) + rnd-1_family-40 Unknown         1    382    (0) 4013  
  333    6.6  1.6  1.6  contig_51_pilon  30358 30419  (2333) C rnd-1_family-74 Unknown       (1)    409    348 4014  
  519   20.3  1.5  1.5  contig_51_pilon  30610 30739  (2013) C rnd-1_family-74 Unknown     (244)    166     37 4015  
 6922    2.9  0.2  0.0  contig_51_pilon  30774 31649  (1103) C rnd-1_family-44 Unknown     (736)    878      1 4016  
 1269    6.6  3.6  5.0  contig_51_pilon  31811 32033   (719) C rnd-1_family-75 Unknown       (0)    220      1 4017  
 7261   17.3  3.1  2.0  contig_52_pilon       7   1496 (254348) + rnd-1_family-61   Unknown         2005   3511  (487) 4018 *
12877    5.3  0.8  0.1  contig_52_pilon    1099   3571 (252273) C rnd-1_family-6    Unknown          (0)   1813      1 4019  
  261   23.1  0.0  0.0  contig_52_pilon    3553   3604 (252240) C rnd-1_family-6    Unknown       (1469)    344    293 4020 *
27176    9.7  0.9  0.6  contig_52_pilon    5198   9375 (246469) + rnd-1_family-67   Unknown            1   4530   (18) 4021  
21317   13.8  1.1  0.2  contig_52_pilon    9376  12607 (243237) + ltr-1_family-6    LTR/Gypsy       8141  11401 (2001) 4022  
  531   13.8  0.0  0.0  contig_52_pilon   15396  15475 (240369) + rnd-1_family-69   Unknown          137    216    (0) 4023  
  705   25.4  3.1 11.6  contig_52_pilon   18037  18392 (237452) C rnd-2_family-156  DNA/TcMar-Tc1    (0)   1594   1266 4024  
  308   30.9  0.0  2.8  contig_52_pilon   18419  18528 (237316) C rnd-1_family-82   Unknown       (4923)    212    106 4025  
  352   18.8  2.9  8.1  contig_52_pilon   19885  19988 (235856) C rnd-2_family-26   Unknown        (104)    221    123 4026  
  331   21.3  7.5  3.6  contig_52_pilon   20037  20143 (235701) + rnd-2_family-48   Unknown           92    202   (26) 4027  
 1781   21.0 10.8  0.2  contig_52_pilon   22399  22814 (233030) C ltr-1_family-9    LTR/Unknown      (2)    491     32 4028  
 4153    1.9  0.0  0.2  contig_52_pilon   25098  25560 (230284) C ltr-1_family-9    LTR/Unknown      (0)    493     32 4029  
  951   25.7  9.6  0.4  contig_52_pilon   27139  27357 (228487) + rnd-3_family-189  Unknown            2    240  (156) 4030  
  576   32.0  8.0  4.0  contig_52_pilon   27348  27585 (228259) + rnd-3_family-189  Unknown          148    394    (2) 4031 *
 2612   12.5  0.3  0.0  contig_52_pilon   28550  28916 (226928) + rnd-1_family-8    Unknown            4    371   (45) 4032  
  867    6.0 17.9  0.0  contig_52_pilon   41220  41353 (214491) + rnd-1_family-20   Unknown            3    160    (0) 4033  
 2326   15.1  4.5  1.0  contig_52_pilon   42293  42693 (213151) + rnd-1_family-8    Unknown            2    416    (0) 4034  
  272   31.4  0.0  2.0  contig_52_pilon   43341  43444 (212400) + rnd-2_family-399  Unknown          131    232    (0) 4035  
  302   25.0  6.2  0.0  contig_52_pilon   48276  48355 (207489) C rnd-3_family-57   Unknown          (1)   1256   1172 4036  
  289   21.9 10.8  4.8  contig_52_pilon   51924  52062 (203782) C rnd-2_family-19   Unknown         (43)    201     55 4037  
  620   23.5  4.2  3.1  contig_52_pilon   52106  52294 (203550) C rnd-1_family-97   Unknown       (1366)   3253   3063 4038  
 2012   20.2  0.8  2.7  contig_52_pilon   62506  62998 (192846) + rnd-3_family-399  Unknown          458    941    (2) 4039  
  958   19.4  1.5  3.8  contig_52_pilon   62774  63041 (192803) C rnd-3_family-399  Unknown        (681)    262      1 4040 *
 2078   16.1  3.1  2.6  contig_52_pilon   63488  63875 (191969) C rnd-2_family-1080 Unknown          (2)    390      1 4041  
 2663   10.4  0.7  5.5  contig_52_pilon   64416  64851 (190993) + rnd-1_family-8    Unknown            1    416    (0) 4042  
  329   21.5  3.8  0.0  contig_52_pilon   66010  66088 (189756) + rnd-2_family-149  Unknown          602    683  (129) 4043  
  262   27.7  1.2  0.0  contig_52_pilon   66594  66676 (189168) C rnd-2_family-149  Unknown        (705)    107     24 4044  
 1581   20.7  3.0  3.4  contig_52_pilon   72253  72757 (183087) C rnd-3_family-9    Unknown         (58)    534     32 4045  
  816   21.0  2.5  3.5  contig_52_pilon   73311  73596 (182248) C rnd-3_family-9    Unknown        (278)    314     32 4046  
  386   23.6 10.5  1.6  contig_52_pilon   73607  73778 (182066) C rnd-2_family-26   Unknown         (63)    262     76 4047  
 1488   12.9  0.0  0.0  contig_52_pilon   74273  74504 (181340) C rnd-1_family-48   Unknown          (0)    232      1 4048  
  514   22.8  8.8 11.0  contig_52_pilon   75278  75583 (180261) C rnd-2_family-323  Unknown         (21)    358     59 4049  
  501   26.0  7.8  2.6  contig_52_pilon   84233  84449 (171395) + rnd-1_family-97   Unknown         3047   3274 (1345) 4050  
  418   26.0  2.6  9.1  contig_52_pilon   84793  85025 (170819) + rnd-2_family-11   Unknown            6    224    (7) 4051  
  495   22.0  4.7  5.8  contig_52_pilon   86151  86343 (169501) + rnd-2_family-153  Unknown           10    200  (549) 4052  
  608    8.4  0.0  0.0  contig_52_pilon   86594  86676 (169168) C rnd-1_family-8    Unknown          (0)    416    334 4053  
 2273   12.8  0.3  3.0  contig_52_pilon   86716  87086 (168758) C rnd-1_family-8    Unknown         (52)    364      4 4053  
  520   19.0 10.8  1.3  contig_52_pilon   87176  87314 (168530) C rnd-1_family-2    Unknown          (0)    281    130 4054 *
  963   14.6 11.2  0.5  contig_52_pilon   87193  87371 (168473) + rnd-1_family-37   Unknown            1    198    (0) 4055  
  463   19.8  1.0  1.0  contig_52_pilon   87991  88087 (167757) + rnd-3_family-331  Unknown            1     97    (0) 4056 *
  563   19.1  3.1  0.8  contig_52_pilon   88085  88211 (167633) + rnd-2_family-26   Unknown          122    251   (74) 4057  
 1833   20.4  3.0  0.8  contig_52_pilon   88539  89031 (166813) + rnd-3_family-9    Unknown           86    589    (3) 4058  
  874   20.9 10.9  0.5  contig_52_pilon   89604  90007 (165837) C rnd-3_family-333  Unknown          (1)    708    263 4059  
  469   30.9  0.0  0.8  contig_52_pilon   93247  93373 (162471) + rnd-2_family-80   Unknown            1    126   (14) 4060  
  359   28.9  0.0  0.9  contig_52_pilon   93787  93901 (161943) C rnd-2_family-251  Unknown          (2)    147     34 4061  
  235   14.0  2.0  2.0  contig_52_pilon   99447  99497 (156347) + rnd-1_family-69   Unknown            9     59  (157) 4062  
 2805   11.2  1.8  0.4  contig_52_pilon  106356 106805 (149039) C rnd-1_family-52   Unknown          (0)    458      3 4063  
  445   30.2  1.9  5.5  contig_52_pilon  107219 107481 (148363) C rnd-1_family-66   Unknown        (398)    321     68 4064  
  499   24.9  5.0  1.1  contig_52_pilon  108908 109086 (146758) + rnd-2_family-399  Unknown           46    231    (1) 4065  
 1370   20.3  8.6  1.4  contig_52_pilon  109371 109834 (146010) + rnd-2_family-195  Unknown           56    552    (0) 4066  
  484   33.5  5.0  1.4  contig_52_pilon  109731 110151 (145693) C rnd-1_family-66   Unknown        (206)    513     78 4067 *
  270   23.3  1.4  0.0  contig_52_pilon  110219 110291 (145553) + rnd-1_family-44   Unknown         1157   1230  (384) 4068  
 1359   11.7  0.4  1.4  contig_52_pilon  110598 110822 (145022) + rnd-1_family-17   Unknown            1    223    (6) 4069  
  345   15.6  0.0  0.0  contig_52_pilon  118271 118334 (137510) C rnd-1_family-69   Unknown         (14)    202    139 4070  
  238   26.2  0.0  0.0  contig_52_pilon  118533 118593 (137251) C rnd-1_family-69   Unknown        (151)     65      5 4071  
  748    7.6  0.9  0.0  contig_52_pilon  119038 119142 (136702) C rnd-1_family-20   Unknown          (0)    160     55 4072  
 2733    9.2  3.2  0.5  contig_52_pilon  119692 120093 (135751) C rnd-1_family-8    Unknown          (0)    416      4 4073  
 5126   10.0  0.1  5.4  contig_52_pilon  121050 121950 (133894) C rnd-1_family-33   Unknown          (1)    856      1 4074  
  468   26.5  4.0  0.0  contig_52_pilon  126237 126387 (129457) + rnd-2_family-149  Unknown           97    253  (559) 4075  
  553   28.1  7.2  0.7  contig_52_pilon  127289 127550 (128294) C rnd-3_family-333  Unknown          (6)    703    425 4076  
  249   24.5  9.4  3.7  contig_52_pilon  127721 127847 (127997) C rnd-2_family-50   Unknown        (319)    177     44 4077  
  494   28.6  0.5  1.5  contig_52_pilon  128331 128532 (127312) C rnd-2_family-48   Unknown         (11)    217     18 4078  
  409   23.6  0.9  0.9  contig_52_pilon  130138 130248 (125596) C rnd-1_family-97   Unknown       (1342)   3277   3167 4079  
  934   18.2  5.3  0.0  contig_52_pilon  131355 131563 (124281) C rnd-2_family-48   Unknown          (0)    228      9 4080  
  310   24.1  0.0  3.7  contig_52_pilon  132581 132692 (123152) C rnd-1_family-49   Unknown         (23)    120     13 4081  
  275   25.3  0.0  0.0  contig_52_pilon  132624 132702 (123142) + rnd-2_family-270  Unknown          536    614  (165) 4082 *
  339    4.5  0.0  0.0  contig_52_pilon  141444 141487 (114357) C rnd-1_family-16   Unknown          (4)    242    199 4083  
  274   22.7  9.1  0.0  contig_52_pilon  142447 142534 (113310) + rnd-3_family-331  Unknown            1     96    (1) 4084  
  290   26.7 13.8  0.0  contig_52_pilon  142537 142652 (113192) + rnd-2_family-26   Unknown          124    255   (70) 4085  
  273   14.1  0.0  4.7  contig_52_pilon  142978 143044 (112800) + rnd-2_family-108  Unknown          225    288   (13) 4086  
  529   24.2  2.7  0.0  contig_52_pilon  152169 152317 (103527) C rnd-2_family-26   Unknown         (55)    270    118 4087  
  424   22.3  1.1  1.1  contig_52_pilon  152312 152406 (103438) C rnd-3_family-331  Unknown          (0)     97      3 4088 *
 1399    8.3  0.0  0.0  contig_52_pilon  159629 159820  (96024) + rnd-1_family-79   Unknown            1    192    (0) 4089  
  553   20.8  1.0 22.1  contig_52_pilon  168692 168888  (86956) + rnd-2_family-19   Unknown            3    165   (79) 4090  
  376    6.1  0.0  0.0  contig_52_pilon  168936 168984  (86860) + rnd-2_family-19   Unknown          168    216   (28) 4091  
  712   24.1  3.5  0.0  contig_52_pilon  169062 169264  (86580) C rnd-2_family-26   Unknown         (70)    255     46 4092  
  427   30.6  4.7  0.8  contig_52_pilon  169448 169704  (86140) C rnd-3_family-310  Unknown          (0)    552    286 4093  
  409   23.0  7.5  4.7  contig_52_pilon  170071 170216  (85628) C rnd-1_family-2    Unknown          (2)    279    130 4094 *
  954   11.5  7.3 11.6  contig_52_pilon  170088 170293  (85551) + rnd-1_family-37   Unknown            1    198    (0) 4095  
  299   25.0  0.0  1.6  contig_52_pilon  170305 170369  (85475) C rnd-1_family-2    Unknown         (25)    256    193 4096  
 3535    4.4  7.2  0.0  contig_52_pilon  179380 179812  (76032) C ltr-1_family-9    LTR/Unknown      (0)    493     30 4097  
46537    4.0  1.1  0.3  contig_52_pilon  179816 185334  (70510) C ltr-1_family-10   LTR/Gypsy        (3)   5565      1 4098  
 3036    4.2 15.5  0.0  contig_52_pilon  185335 185734  (70110) C ltr-1_family-9    LTR/Unknown      (0)    493     32 4099  
 1353   21.7  2.3  2.6  contig_52_pilon  188850 189195  (66649) C rnd-1_family-31   Unknown       (1920)    345      1 4100  
  229   10.0  0.0  0.0  contig_52_pilon  189263 189292  (66552) + rnd-1_family-6    Unknown          302    331 (1482) 4101  
  235   12.6  0.0 10.0  contig_52_pilon  190008 190051  (65793) C rnd-1_family-6    Unknown       (1140)    673    634 4102  
 1921   27.4  2.4  1.2  contig_52_pilon  190293 190886  (64958) + rnd-1_family-6    Unknown         1213   1813    (0) 4103 *
 2615   26.0  0.2  0.2  contig_52_pilon  190489 191073  (64771) C rnd-1_family-61   Unknown        (487)   3511   2927 4104  
  388    0.0  2.2  0.0  contig_52_pilon  191693 191737  (64107) + ltr-1_family-11   LTR/Unknown      244    289    (0) 4105 *
  826    5.6  0.0  0.0  contig_52_pilon  191733 191840  (64004) + ltr-1_family-12   LTR/Gypsy       7344   7451   (13) 4106  
  535   37.0  2.8  2.9  contig_52_pilon  194049 194120  (61724) C rnd-1_family-21   LTR/Gypsy     (2233)   6863   6720 4107  
  520   36.0  1.0  1.8  contig_52_pilon  194121 194516  (61328) + rnd-1_family-47   LTR/Gypsy       3772   4164 (1476) 4108  
  535   37.0  2.8  2.9  contig_52_pilon  194517 194690  (61154) C rnd-1_family-21   LTR/Gypsy     (2233)   6719   6364 4107  
  587   31.8  8.2  4.6  contig_52_pilon  195739 196317  (59527) C rnd-1_family-21   LTR/Gypsy     (3797)   5299   4377 4109  
 2889    8.0  0.3  0.0  contig_52_pilon  197756 198117  (57727) C rnd-1_family-47   LTR/Gypsy     (2398)   3242   2880 4110 *
21771    2.6  0.1  0.0  contig_52_pilon  198115 200557  (55287) C rnd-1_family-90   Unknown          (0)   2444      1 4111  
19145   13.4  0.8  0.7  contig_52_pilon  200555 203437  (52407) + rnd-1_family-41   LTR/Gypsy        355   3239 (3535) 4112 *
22805    7.0  0.5  0.3  contig_52_pilon  203439 206888  (48956) C rnd-1_family-43   DNA/Sola-1       (0)   3077      1 4113 *
48702    1.7  0.4  0.2  contig_52_pilon  206749 212545  (43299) C rnd-1_family-83   Unknown          (0)   5835     25 4114  
  364   24.3  0.0  0.0  contig_52_pilon  212547 212620  (43224) + rnd-1_family-69   Unknown            1     74  (142) 4115  
  381   19.1  1.8  7.3  contig_52_pilon  215196 215402  (40442) C rnd-1_family-81   Unknown        (533)   2336   2207 4116  
  378   18.6  1.1  1.3  contig_52_pilon  215831 216075  (39769) + rnd-1_family-81   Unknown         2204   2341  (528) 4117  
  237   23.1  2.0  2.7  contig_52_pilon  216387 216537  (39307) + rnd-1_family-81   Unknown         2187   2336  (533) 4118 *
  281   20.0  1.1  0.1  contig_52_pilon  216429 216546  (39298) C rnd-1_family-81   Unknown        (546)   2323   2217 4119  
 1414   26.5  0.0  0.0  contig_52_pilon  219942 220318  (35526) C rnd-1_family-46   Unknown       (2929)   4588   4212 4120  
24250    6.9  0.7  0.4  contig_52_pilon  220320 223565  (32279) + rnd-1_family-41   LTR/Gypsy          1   3253 (3521) 4121  
 2804   24.1  3.1  1.5  contig_52_pilon  223573 224383  (31461) C rnd-1_family-46   Unknown       (3309)   4208   3385 4120  
21651    9.0  1.4  0.7  contig_52_pilon  224406 227621  (28223) + rnd-1_family-47   LTR/Gypsy          1   3238 (2402) 4122  
 2855   29.4  2.1  1.9  contig_52_pilon  227627 228722  (27122) C rnd-1_family-46   Unknown       (4155)   3362   2265 4120  
  730   30.8  0.0  0.4  contig_52_pilon  228897 229147  (26697) C rnd-1_family-46   Unknown       (5506)   2011   1762 4120  
  501   13.8  0.0  0.0  contig_52_pilon  234452 234531  (21313) + rnd-1_family-69   Unknown          137    216    (0) 4123  
  237    0.0  0.0  0.0  contig_52_pilon  234532 234559  (21285) C rnd-1_family-83   Unknown       (5807)     28      1 4124  
  229    6.7  0.0  0.0  contig_52_pilon  235417 235446  (20398) + rnd-1_family-93   Unknown         7595   7624  (115) 4125  
  301    9.5  7.5  5.9  contig_52_pilon  235754 235820  (20024) C rnd-1_family-93   Unknown        (121)   7618   7551 4126  
  305   16.9  6.1  6.1  contig_52_pilon  235868 235949  (19895) C rnd-1_family-93   Unknown        (116)   7623   7542 4127  
64342    3.2  0.3  0.2  contig_52_pilon  236070 243799  (12045) C rnd-1_family-93   Unknown          (0)   7739      1 4128  
11628    6.3  0.0  0.0  contig_52_pilon  247063 248520   (7324) C rnd-1_family-56   LTR/Gypsy      (552)   4042   2585 4129 *
56799    3.7  0.9  0.8  contig_52_pilon  248517 255844      (0) C rnd-1_family-46   Unknown        (178)   7339      1 4130  
  659   20.9  0.0  0.0  contig_55_pilon    322   474 (26700) + rnd-1_family-97  Unknown       1047   1199 (3420) 4131  
 2224    5.7  0.0  0.0  contig_55_pilon    475   753 (26421) C ltr-1_family-24  LTR/Unknown    (1)    279      1 4132  
 1901    5.9 18.1  2.8  contig_55_pilon    754  1046 (26128) C ltr-1_family-25  LTR/Copia      (0)   4492   4155 4133  
37434    3.1  0.1  1.0  contig_55_pilon   1187  5509 (21665) C ltr-1_family-25  LTR/Copia    (210)   4282      1 4134  
 2242    3.6  0.0  2.1  contig_55_pilon   5510  5794 (21380) C ltr-1_family-24  LTR/Unknown    (1)    279      1 4135  
 2880   19.8  1.3  2.3  contig_55_pilon   5795  6413 (20761) + rnd-1_family-97  Unknown       1417   2029 (2590) 4131  
 1626   27.2  9.4  3.2  contig_55_pilon   6470  7171 (20003) + rnd-1_family-97  Unknown       2303   3046 (1573) 4131  
  292   10.3  0.0  0.0  contig_55_pilon   8579  8617 (18557) + rnd-3_family-189 Unknown          1     39  (357) 4136  
  390   17.1  1.4  0.0  contig_55_pilon   8849  8918 (18256) + rnd-3_family-189 Unknown        258    328   (68) 4136  
24406    3.9  1.3  1.2  contig_55_pilon   9616 12747 (14427) + rnd-1_family-96  Unknown          1   2717    (0) 4137  
  293   13.3  1.3  2.6  contig_55_pilon  13266 13343 (13831) C rnd-1_family-69  Unknown        (6)    210    139 4138  
42490    2.5  0.7  0.3  contig_55_pilon  13473 18410  (8764) C rnd-1_family-97  Unknown        (1)   4618      1 4139  
 1153   23.3  1.1  0.8  contig_55_pilon  19075 19338  (7836) C rnd-1_family-97  Unknown     (2174)   2445   2181 4140  
42573    1.0  0.1  0.0  contig_55_pilon  19520 24135  (3039) + rnd-1_family-97  Unknown          1   4618    (1) 4141  
  324   22.4  7.6  6.3  contig_55_pilon  24315 24471  (2703) C rnd-1_family-97  Unknown     (3074)   1545   1387 4140 *
24622    1.2  0.3  0.0  contig_55_pilon  24465 27174     (0) C rnd-1_family-96  Unknown        (0)   2717      1 4142  
 1986   21.8  4.0  1.6  contig_58_pilon     373    904 (304555) + rnd-3_family-310  Unknown          3    546    (6) 4143  
 2837   15.1  6.0  0.4  contig_58_pilon    6680   7158 (298301) + rnd-1_family-58   Unknown          1    506    (0) 4144  
  528   26.0  2.7  0.7  contig_58_pilon    8464   8610 (296849) C rnd-2_family-26   Unknown       (56)    269    120 4145  
  305   29.2  2.8  9.6  contig_58_pilon    8783   8926 (296533) C rnd-3_family-57   Unknown        (2)   1255   1121 4146  
  448   18.6 14.2  0.0  contig_58_pilon    9256   9368 (296091) C rnd-2_family-50   Unknown       (88)    408    280 4147  
  381   23.3  3.8 15.2  contig_58_pilon   10080  10372 (295087) C rnd-1_family-62   Unknown     (1297)    339     76 4148  
 1083    5.2  0.7  0.7  contig_58_pilon   10720  10854 (294605) + rnd-1_family-17   Unknown         91    225    (4) 4149  
  404    7.4  0.0  1.9  contig_58_pilon   10854  10908 (294551) + rnd-1_family-17   Unknown        172    225    (4) 4150 *
  386    7.7  0.0  1.9  contig_58_pilon   10908  10960 (294499) + rnd-1_family-17   Unknown        172    223    (6) 4151 *
  906   20.6  7.5  1.5  contig_58_pilon   13006  13257 (292202) C rnd-3_family-333  Unknown      (438)    271      5 4152  
 1659   10.8  0.4  0.0  contig_58_pilon   13362  13592 (291867) C rnd-1_family-48   Unknown        (0)    232      1 4153  
  613   20.7  1.0  9.9  contig_58_pilon   14038  14235 (291224) + rnd-2_family-399  Unknown         50    231    (1) 4154  
 1527   14.7  0.0  0.9  contig_58_pilon   23282  23508 (281951) C rnd-1_family-17   Unknown        (4)    225      1 4155 *
 1957   13.5  0.0  0.7  contig_58_pilon   23505  23787 (281672) + rnd-1_family-2    Unknown          1    281    (0) 4156  
  379   17.3  5.9  7.7  contig_58_pilon   24055  24173 (281286) + ltr-1_family-22   LTR/Unknown      3    119    (1) 4157  
  594   21.5 17.7  1.3  contig_58_pilon   25869  26066 (279393) C rnd-1_family-97   Unknown     (1342)   3277   3048 4158  
  397   19.9  2.8  7.7  contig_58_pilon   26074  26182 (279277) C rnd-2_family-80   Unknown       (25)    115     12 4159  
  665   18.2  0.0  0.7  contig_58_pilon   35791  35928 (269531) + rnd-2_family-247  Unknown         67    203 (1025) 4160  
  627   16.0  0.9  0.0  contig_58_pilon   35935  36040 (269419) C ltr-1_family-12   LTR/Gypsy     (14)   7450   7344 4161 *
 1475   17.2  3.5  1.4  contig_58_pilon   36036  36318 (269141) C ltr-1_family-11   LTR/Unknown    (0)    289      1 4162  
  369   23.9  0.0  0.0  contig_58_pilon   36494  36581 (268878) + rnd-2_family-247  Unknown        536    623  (605) 4160  
 1322   22.2  0.7  1.4  contig_58_pilon   36672  36959 (268500) + rnd-2_family-247  Unknown        651    936  (292) 4160  
  411   27.9  6.7  6.2  contig_58_pilon   37868  38092 (267367) C rnd-1_family-44   Unknown      (382)   1232   1007 4163 *
 4597   12.8  3.2  1.2  contig_58_pilon   37893  38692 (266767) + rnd-1_family-66   Unknown          1    719    (0) 4164  
 1893   24.9  2.5  0.2  contig_58_pilon   38579  39090 (266369) C rnd-1_family-66   Unknown      (195)    524      1 4165 *
  304   31.2  5.2  5.2  contig_58_pilon   38883  39115 (266344) + rnd-1_family-44   Unknown       1000   1232  (382) 4166 *
 1530   10.3  0.0  0.0  contig_58_pilon   41471  41683 (263776) C rnd-1_family-69   Unknown        (2)    214      2 4167  
  261   31.6  2.9  2.9  contig_58_pilon   45319  45455 (260004) + ltr-1_family-2    LTR/Copia     1910   2046 (2452) 4168  
  287   35.7  2.7  2.7  contig_58_pilon   46397  46695 (258764) + ltr-1_family-2    LTR/Copia     2983   3281 (1217) 4168  
  285   18.3  3.3  0.0  contig_58_pilon   52346  52405 (253054) + rnd-3_family-331  Unknown         35     96    (1) 4169  
12920   15.2  2.3  2.9  contig_58_pilon   55236  57715 (247744) C ltr-1_family-17   LTR/Gypsy    (738)   4487   2024 4170  
 2174   10.9  7.4  8.1  contig_58_pilon   58942  59402 (246057) C rnd-1_family-52   Unknown        (0)    458      1 4171  
  501   14.0  2.1  1.1  contig_58_pilon   63592  63685 (241774) + rnd-3_family-331  Unknown          2     96    (1) 4172  
  446   20.7  5.4  0.0  contig_58_pilon   63694  63804 (241655) + rnd-2_family-26   Unknown        130    246   (79) 4173  
  410   22.3  0.0  4.3  contig_58_pilon   63821  63942 (241517) C rnd-2_family-110  Unknown        (5)    802    686 4174  
  492   23.2  3.6  0.7  contig_58_pilon   63943  64081 (241378) C rnd-1_family-5    Unknown      (635)    402    260 4175  
 2495   20.9  3.3  0.7  contig_58_pilon   64104  64777 (240682) C rnd-2_family-110  Unknown      (116)    691      1 4174  
 2706    9.8  0.5  7.2  contig_58_pilon   65097  65538 (239921) + rnd-1_family-8    Unknown          1    414    (2) 4176  
  900   15.4  6.5  8.2  contig_58_pilon   67495  67755 (237704) + rnd-2_family-26   Unknown         23    279   (46) 4177  
  346   31.4  3.1  0.0  contig_58_pilon   74243  74401 (231058) C rnd-1_family-5    Unknown      (637)    400    237 4178  
 1095    7.5  0.6  0.0  contig_58_pilon   75319  75477 (229982) + rnd-1_family-20   Unknown          1    160    (0) 4179  
  600    8.4  0.0  0.0  contig_58_pilon   82675  82757 (222702) C rnd-1_family-8    Unknown        (0)    416    334 4180  
 1073    9.7  0.0  0.7  contig_58_pilon   82881  83035 (222424) C rnd-1_family-8    Unknown       (52)    364    211 4180  
 1026   10.1 17.4  0.0  contig_58_pilon   83038  83215 (222244) C rnd-1_family-69   Unknown        (2)    214      6 4181  
 1546    9.1  0.0  0.0  contig_58_pilon   83221  83430 (222029) C rnd-1_family-8    Unknown      (201)    215      6 4180  
  308   25.9  2.8  4.4  contig_58_pilon   84437  84690 (220769) + rnd-3_family-9    Unknown        123    372  (220) 4182 *
 2182   19.3  0.8  0.3  contig_58_pilon   84686  85075 (220384) + rnd-2_family-1080 Unknown          1    392    (0) 4183  
  721   20.4  5.8  0.0  contig_58_pilon   86059  86230 (219229) C rnd-3_family-310  Unknown        (2)    550    369 4184  
  561   26.2  3.6  2.2  contig_58_pilon   86241  86459 (219000) C rnd-2_family-11   Unknown        (9)    222      1 4185  
  876   21.8  1.8  0.9  contig_58_pilon   86480  86701 (218758) C rnd-2_family-247  Unknown      (354)    874    651 4186  
  732   26.1  1.5  2.3  contig_58_pilon   86775  87040 (218419) C rnd-2_family-195  Unknown      (224)    328     65 4187  
  663   23.8  1.1  1.1  contig_58_pilon   90397  90583 (214876) + rnd-2_family-48   Unknown         16    202   (26) 4188  
  473    7.2  0.0  0.0  contig_58_pilon   90908  90976 (214483) + rnd-1_family-20   Unknown         92    160    (0) 4189  
 1130   22.5  9.8  0.9  contig_58_pilon   95756  96172 (209287) C rnd-3_family-310  Unknown       (97)    455      2 4190  
  326   23.2  6.8  5.2  contig_58_pilon   97989  98120 (207339) C rnd-2_family-399  Unknown       (49)    183     50 4191  
  378   24.1  7.6  4.7  contig_58_pilon  102710 102853 (202606) C rnd-2_family-26   Unknown       (54)    271    124 4192  
  272   29.3  0.0  0.0  contig_58_pilon  102863 102937 (202522) C rnd-3_family-331  Unknown       (22)     75      1 4193  
  534   24.4  7.7  6.0  contig_58_pilon  103234 103543 (201916) + rnd-1_family-40   Unknown          3    317   (65) 4194  
 2751    8.7  1.5  0.5  contig_58_pilon  104117 104522 (200937) + rnd-1_family-74   Unknown          1    410    (0) 4195  
 2830    3.2  1.9  0.5  contig_58_pilon  105401 105777 (199682) C rnd-1_family-40   Unknown        (0)    382      1 4196  
  589   28.4  5.8  0.3  contig_58_pilon  108645 108920 (196539) + rnd-1_family-66   Unknown        159    449  (270) 4197  
  536   26.4 10.0  1.1  contig_58_pilon  108882 109318 (196141) C rnd-2_family-270  Unknown       (61)    718    272 4198 *
 1836   21.6  3.8  2.7  contig_58_pilon  113731 114210 (191249) C rnd-3_family-57   Unknown       (20)   1237    753 4199  
  359   35.4  3.5  5.1  contig_58_pilon  114700 115038 (190421) + rnd-1_family-21   LTR/Gypsy     4954   5287 (3809) 4200  
  251   32.0  4.5  2.2  contig_58_pilon  116183 116316 (189143) + ltr-1_family-6    LTR/Gypsy     6193   6329 (7073) 4201  
 1237   16.9  2.5  3.8  contig_58_pilon  116824 117143 (188316) + rnd-2_family-153  Unknown         12    327  (422) 4202  
  335   38.7  1.8  1.4  contig_58_pilon  118769 119051 (186408) C ltr-1_family-14   LTR/Gypsy     (23)   5279   4996 4203  
  423   23.3  5.8  8.6  contig_58_pilon  121625 121779 (183680) C rnd-3_family-57   Unknown      (634)    623    473 4204  
  330   29.5  5.7  9.2  contig_58_pilon  134092 134248 (171211) C rnd-2_family-19   Unknown        (3)    241     90 4205  
  481   36.5  2.3  1.9  contig_58_pilon  145279 145543 (159916) C ltr-1_family-12   LTR/Gypsy   (1093)   6371   6106 4206  
  728   21.4  4.5  0.4  contig_58_pilon  146797 147040 (158419) + rnd-2_family-272  Unknown       1128   1381 (6690) 4207  
  364   25.6  0.8  0.0  contig_58_pilon  147421 147541 (157918) + rnd-3_family-57   Unknown         94    215 (1042) 4208  
  586   30.8  2.7  1.3  contig_58_pilon  155064 155287 (150172) C rnd-1_family-97   Unknown     (1343)   3276   3050 4209  
 1577    8.7  0.9  0.9  contig_58_pilon  155406 155626 (149833) + rnd-1_family-17   Unknown          3    223    (6) 4210  
  556   29.8  1.5  8.9  contig_58_pilon  156823 157087 (148372) C rnd-1_family-97   Unknown     (2050)   2569   2323 4209  
 1416   12.0  0.5  0.0  contig_58_pilon  161833 162024 (143435) + rnd-1_family-11   Unknown          2    194  (206) 4211  
  331   30.4  6.7  0.0  contig_58_pilon  162061 162195 (143264) + rnd-1_family-62   Unknown        919   1062  (574) 4212  
  516   12.5 26.9  0.0  contig_58_pilon  162280 162383 (143076) C rnd-2_family-1080 Unknown      (260)    132      1 4213  
  292   19.6  1.8  0.0  contig_58_pilon  173975 174030 (131429) + rnd-2_family-436  Unknown        155    211    (0) 4214  
  332   26.0  0.0  0.0  contig_58_pilon  177373 177449 (128010) + rnd-1_family-97   Unknown       3059   3135 (1484) 4215  
21428    2.7  1.0  0.2  contig_58_pilon  178974 181419 (124040) + rnd-1_family-46   Unknown       5052   7517    (0) 4216  
 3996   29.9  2.3  1.6  contig_58_pilon  180731 182390 (123069) C rnd-1_family-67   Unknown     (1347)   2729   1059 4217 *
38444    3.5  0.2  0.8  contig_58_pilon  184917 189902 (115557) + rnd-1_family-26   Unknown          1   4548    (0) 4218  
  353   35.2  6.2  1.5  contig_58_pilon  193823 194272 (111187) C rnd-1_family-61   Unknown      (906)   3092   2622 4219  
 3620   17.9  1.0  3.0  contig_58_pilon  194856 195635 (109824) C rnd-1_family-72   Unknown        (1)    765      1 4220  
 3684   18.5  0.8  1.2  contig_58_pilon  196047 196801 (108658) C rnd-1_family-86   Unknown       (18)    769     18 4221  
  251   10.6  0.0  0.0  contig_58_pilon  199539 199585 (105874) C rnd-1_family-31   Unknown     (2211)     54      8 4222  
 1387   13.5  0.0  0.9  contig_58_pilon  213049 213272  (92187) + rnd-1_family-17   Unknown          5    226    (3) 4223  
 1027   20.3  4.5  3.9  contig_58_pilon  213533 213911  (91548) C rnd-2_family-50   Unknown      (107)    389      9 4224  
  890   25.8  2.8  7.1  contig_58_pilon  213689 214114  (91345) + rnd-2_family-272  Unknown        253    661 (7410) 4225 *
  306   25.2  3.4  1.2  contig_58_pilon  215325 215606  (89853) + rnd-1_family-49   Unknown         13    514  (205) 4226 *
 3212   11.8  0.2  0.5  contig_58_pilon  215505 216058  (89401) C rnd-2_family-195  Unknown        (0)    552      1 4227  
  458   18.9  1.0  1.0  contig_58_pilon  219077 219172  (86287) + rnd-3_family-331  Unknown          1     96    (1) 4228  
  529   19.7  2.9  5.2  contig_58_pilon  219186 219324  (86135) + rnd-2_family-26   Unknown        137    272   (53) 4229  
 2251   20.3 11.2  1.2  contig_58_pilon  220601 221329  (84130) C rnd-2_family-110  Unknown        (0)    807      6 4230  
 2866    8.5  0.0  0.5  contig_58_pilon  222734 223133  (82326) + rnd-1_family-8    Unknown         19    416    (0) 4231  
  849   24.4  8.6  3.4  contig_58_pilon  223904 224379  (81080) + rnd-3_family-9    Unknown         35    534   (58) 4232  
 1390   18.0  4.8  3.5  contig_58_pilon  224785 225205  (80254) C rnd-2_family-50   Unknown       (70)    426      1 4233  
  479   28.1  6.4  7.0  contig_58_pilon  224788 225304  (80155) + rnd-2_family-195  Unknown         38    551    (1) 4234 *
  346   32.8  5.4  0.8  contig_58_pilon  225191 225544  (79915) C rnd-1_family-66   Unknown      (194)    525    156 4235 *
  461    7.4 13.6  0.0  contig_58_pilon  227556 227636  (77823) + rnd-3_family-331  Unknown          5     96    (1) 4236  
  650   20.0  2.8  0.0  contig_58_pilon  227641 227785  (77674) + rnd-2_family-26   Unknown        127    275   (50) 4237  
  525   11.9 15.1  0.0  contig_58_pilon  227960 228085  (77374) + rnd-2_family-26   Unknown        131    275   (50) 4238  
 1254   20.3  4.8  1.8  contig_58_pilon  228433 228803  (76656) + rnd-1_family-40   Unknown          1    382    (0) 4239  
  872   23.1 11.5  2.5  contig_58_pilon  229544 229881  (75578) C rnd-1_family-74   Unknown        (7)    403     36 4240  
  474   21.9  5.5  0.0  contig_58_pilon  236688 236833  (68626) + rnd-2_family-26   Unknown        127    280   (45) 4241  
 1892   11.4  4.0  0.0  contig_58_pilon  238381 238679  (66780) + rnd-1_family-8    Unknown        106    416    (0) 4242  
 1851    8.9  0.3  9.9  contig_58_pilon  239040 239350  (66109) C rnd-1_family-8    Unknown        (0)    416    133 4243  
 1145   17.1  2.4  0.9  contig_58_pilon  254049 254260  (51199) C rnd-2_family-194  Unknown        (0)    216      2 4244  
  628   31.9  0.0  0.5  contig_58_pilon  254275 254482  (50977) C rnd-2_family-194  Unknown        (7)    209      3 4245  
  282   31.9  0.0  2.6  contig_58_pilon  256754 256869  (48590) C rnd-3_family-9    Unknown       (84)    508    396 4246  
 1057   25.3  2.9  2.4  contig_58_pilon  256902 257281  (48178) C rnd-3_family-9    Unknown      (179)    413     32 4246  
  634   27.5 12.9  2.5  contig_58_pilon  262204 262706  (42753) C rnd-3_family-9    Unknown        (7)    585     32 4247  
 1269   25.4  4.3  3.8  contig_58_pilon  263262 263704  (41755) + rnd-2_family-190  Unknown          1    445    (2) 4248  
 1148   21.8  1.4  0.0  contig_58_pilon  263702 263921  (41538) + rnd-1_family-97   Unknown       3048   3270 (1349) 4249 *
  411   21.9 11.2  3.5  contig_58_pilon  263965 264125  (41334) C rnd-1_family-37   Unknown        (4)    194     22 4250  
 4608   13.7  4.0  1.2  contig_58_pilon  274596 274859  (30600) + rnd-1_family-51   Unknown       5272   5974 (1340) 4251  
 2614   22.6  1.8 11.3  contig_58_pilon  274860 275845  (29614) C rnd-1_family-23   Unknown     (3507)    902      1 4252 *
 6626    9.1  4.9  2.5  contig_58_pilon  275752 276764  (28695) C rnd-1_family-5    Unknown        (0)   1037      1 4253  
 4608   13.7  4.0  1.2  contig_58_pilon  275846 275865  (29594) + rnd-1_family-51   Unknown       5975   6032 (1282) 4251 *
 3969   17.9  1.4  2.0  contig_58_pilon  276904 277670  (27789) + rnd-1_family-13   Unknown       2592   3354 (2448) 4251  
  301   26.3  4.8  3.4  contig_58_pilon  277565 277805  (27654) C rnd-1_family-3    Unknown      (371)    348     19 4254 *
  229   30.0  5.2  1.7  contig_58_pilon  277769 277941  (27518) + rnd-1_family-13   Unknown       3350   3528 (2274) 4255 *
 3188   29.1  5.2  4.0  contig_58_pilon  278491 280141  (25318) + rnd-1_family-51   Unknown         27   1696 (5618) 4256 *
 8227   14.1  0.6  0.3  contig_58_pilon  279241 280603  (24856) C rnd-1_family-23   Unknown     (1207)   3202   1836 4257 *
11577    4.1  2.4  0.1  contig_58_pilon  280594 282996  (22463) C rnd-1_family-23   Unknown     (2896)   1513      1 4258  
 1974   28.9  6.7  2.0  contig_58_pilon  283092 284090  (21369) + rnd-1_family-13   Unknown       3873   4917  (885) 4255 *
 3172   18.5  1.9  2.6  contig_58_pilon  283501 284190  (21269) C rnd-1_family-23   Unknown     (1207)   3202   2518 4259  
17747    2.8  0.2  0.1  contig_58_pilon  284194 286237  (19222) C rnd-1_family-32   Unknown      (493)   2046      1 4260 *
38559    2.5  0.8  0.3  contig_58_pilon  285828 290348  (15111) + rnd-1_family-23   Unknown          1   4409    (0) 4261  
 1147   28.0  6.3  2.7  contig_58_pilon  290349 290891  (14568) + rnd-1_family-51   Unknown       3142   3703 (3611) 4262  
  739   29.5  3.9  3.9  contig_58_pilon  290971 291351  (14108) + rnd-1_family-51   Unknown       3733   4113 (3201) 4262 *
  765   29.0  5.0  4.1  contig_58_pilon  291051 291391  (14068) C rnd-1_family-5    Unknown      (268)    769    426 4263  
 2070   25.4  1.4  2.4  contig_58_pilon  293775 294366  (11093) + rnd-1_family-51   Unknown       6727   7312    (2) 4264  
 4593   18.5  1.4  2.2  contig_58_pilon  294925 295888   (9571) + rnd-1_family-23   Unknown       2247   3202 (1207) 4261  
 2068   30.4  6.1  3.9  contig_58_pilon  294981 296299   (9160) C rnd-1_family-13   Unknown      (584)   5218   3873 4265 *
 9192    5.4  0.4  1.4  contig_58_pilon  296395 298600   (6859) + rnd-1_family-23   Unknown          1   1241 (3168) 4266  
  231   24.0  5.2  2.5  contig_58_pilon  298754 298830   (6629) C rnd-1_family-13   Unknown     (5217)    585    507 4267  
  375   29.4  0.8  6.5  contig_58_pilon  299406 299536   (5923) C rnd-1_family-13   Unknown     (5292)    510    387 4267  
  767   28.5  6.0  1.4  contig_58_pilon  302191 302603   (2856) C rnd-1_family-51   Unknown     (6343)    971    540 4268  
 5999    9.0  0.6  2.0  contig_58_pilon  302616 303484   (1975) + rnd-1_family-33   Unknown          1    857    (0) 4269  
 1410   27.4  0.8  1.1  contig_58_pilon  303491 303859   (1600) C rnd-1_family-51   Unknown     (6856)    458     91 4268  
11232    4.0  1.2  0.2  contig_58_pilon  304038 305459      (0) C rnd-1_family-32   Unknown        (0)   2539      5 4270  
68220    7.6  1.6  0.9  contig_6_pilon       1   9391 (373791) + rnd-1_family-21   LTR/Gypsy          9   9096    (0) 4271  
 6959    8.1  0.7  0.6  contig_6_pilon    9392  10389 (372793) + rnd-1_family-21   LTR/Gypsy          1    999 (8097) 4272  
 8539    1.2  0.3  0.0  contig_6_pilon   15370  16369 (366813) C ltr-1_family-7    LTR/Unknown      (0)   1003      1 4273  
76601    2.4  0.9  0.1  contig_6_pilon   16370  25879 (357303) C ltr-1_family-8    LTR/Gypsy        (0)   8600      1 4274  
22820    8.5  1.5  0.9  contig_6_pilon   26600  29836 (353346) + rnd-1_family-41   LTR/Gypsy          1   3255 (3519) 4275  
  842   26.3  4.8  0.0  contig_6_pilon   29947  30197 (352985) + rnd-1_family-24   Unknown         1555   1817 (2731) 4276  
20993    4.4  0.1  0.2  contig_6_pilon   33853  36299 (346883) C rnd-1_family-90   Unknown          (0)   2444      1 4277  
 4160    2.3  0.0  0.2  contig_6_pilon   36501  36973 (346209) + rnd-1_family-92   Unknown            1    472    (0) 4278 *
21034    3.8  1.1  0.2  contig_6_pilon   36970  39404 (343778) + rnd-1_family-73   Unknown            2   2458    (0) 4279  
  316   27.4  1.0  1.0  contig_6_pilon   40429  40531 (342651) + rnd-1_family-73   Unknown          374    476 (1982) 4280  
  341   14.3  3.2  0.0  contig_6_pilon   41959  42021 (341161) + rnd-1_family-46   Unknown         5043   5107 (2410) 4281  
  267   34.3  0.0  0.0  contig_6_pilon   43802  43935 (339247) + rnd-1_family-86   Unknown           47    180  (607) 4282  
  230   26.3  0.0  0.0  contig_6_pilon   45378  45434 (337748) + rnd-1_family-35   Unknown         2410   2466  (166) 4283  
  548   12.5  0.0  0.0  contig_6_pilon   52785  52864 (330318) C rnd-1_family-69   Unknown          (0)    216    137 4284  
  643   30.9  2.9  2.6  contig_6_pilon   58115  58423 (324759) + rnd-1_family-46   Unknown         1702   2011 (5506) 4285  
 7361   27.4  1.8  1.2  contig_6_pilon   58598  60908 (322274) + rnd-1_family-46   Unknown         2265   4588 (2929) 4285  
  273   23.3  1.2  5.7  contig_6_pilon   64263  64426 (318756) C rnd-1_family-81   Unknown        (498)   2371   2215 4286 *
  344   19.9  2.1  1.5  contig_6_pilon   64301  64469 (318713) + rnd-1_family-81   Unknown         2217   2352  (517) 4287  
  300   19.7  3.8  5.3  contig_6_pilon   65178  65374 (317808) C rnd-1_family-81   Unknown        (516)   2353   2217 4288  
  228   15.1  2.1  4.2  contig_6_pilon   65746  65842 (317340) + rnd-1_family-81   Unknown         2233   2327  (542) 4287  
  414   21.6  0.0  0.0  contig_6_pilon   68215  68288 (314894) C rnd-1_family-69   Unknown        (142)     74      1 4289  
20328   15.0  0.9  1.1  contig_6_pilon   68913  69113 (314069) C rnd-1_family-46   Unknown          (0)   7517   7004 4290  
 3805   28.8  1.0  1.2  contig_6_pilon   69114  70493 (312689) + rnd-1_family-24   Unknown         3141   4517   (31) 4291  
20328   15.0  0.9  1.1  contig_6_pilon   70494  72535 (310647) C rnd-1_family-46   Unknown          (0)   7003   1756 4290  
  447   29.7  5.3  9.1  contig_6_pilon   72667  72951 (310231) C rnd-1_family-26   Unknown       (1175)   3373   3099 4292 *
24919    6.4  1.1  0.5  contig_6_pilon   72949  76186 (306996) + rnd-1_family-41   LTR/Gypsy          1   3255 (3519) 4293  
 3315   30.2  1.1  2.4  contig_6_pilon   76187  77555 (305627) + rnd-1_family-67   Unknown         1105   2455 (1621) 4294 *
15220   15.2  1.1  0.3  contig_6_pilon   77129  79572 (303610) C rnd-1_family-46   Unknown          (0)   7517   5055 4295  
 6114    8.1  0.9  0.1  contig_6_pilon   79574  80374 (302808) + rnd-1_family-90   Unknown          943   1749  (695) 4296  
 7681   10.6  0.4  0.2  contig_6_pilon   80393  81423 (301759) + rnd-1_family-90   Unknown         1409   2441    (3) 4297  
 4508   22.4  1.1  0.5  contig_6_pilon   81428  82269 (300913) + ltr-1_family-12   LTR/Gypsy       3601   4447 (3017) 4298  
 2202   29.5  2.3  6.5  contig_6_pilon   82804  83857 (299325) + ltr-1_family-14   LTR/Gypsy        359   1370 (3932) 4299  
 1123   32.8  0.2  1.0  contig_6_pilon   83955  84360 (298822) + ltr-1_family-17   LTR/Gypsy       1349   1751 (3474) 4300  
 4657   29.9  1.2  1.1  contig_6_pilon   84527  86100 (297082) + ltr-1_family-14   LTR/Gypsy       2227   3802 (1500) 4299  
 2551   35.2  0.8  1.3  contig_6_pilon   86223  87568 (295614) + ltr-1_family-14   LTR/Gypsy       3925   5263   (39) 4299  
 3620   17.0  1.1  1.0  contig_6_pilon   87928  88540 (294642) + ltr-1_family-12   LTR/Gypsy       4442   5055 (2409) 4301  
 3597   20.0  0.3  0.8  contig_6_pilon   88508  89142 (294040) + ltr-1_family-12   LTR/Gypsy       6813   7444   (20) 4301 *
  468   26.2  7.3 13.8  contig_6_pilon   89858  90118 (293064) + rnd-2_family-26   Unknown           27    272   (53) 4302  
  377   33.5  2.2  2.2  contig_6_pilon  101787 101966 (281216) + rnd-1_family-31   Unknown         1854   2033  (232) 4303  
  414   37.7  1.0  1.0  contig_6_pilon  102122 102416 (280766) + rnd-1_family-46   Unknown         7173   7467   (50) 4304 *
  519   34.6  1.1  2.2  contig_6_pilon  102264 102535 (280647) C rnd-1_family-67   Unknown       (1848)   2228   1960 4305  
  510   21.6 20.8  0.9  contig_6_pilon  103548 103725 (279457) C rnd-1_family-69   Unknown          (0)    216      4 4306  
  417   20.6  2.3  5.1  contig_6_pilon  104947 105164 (278018) C rnd-1_family-81   Unknown        (533)   2336   2219 4307  
  321   16.1  2.6 13.9  contig_6_pilon  105073 105224 (277958) + rnd-1_family-81   Unknown         2217   2353  (516) 4308 *
  325   19.0  0.0  3.9  contig_6_pilon  105484 105650 (277532) + rnd-1_family-81   Unknown         2218   2352  (517) 4309  
  251   19.4  4.4  0.7  contig_6_pilon  106897 107031 (276151) C rnd-1_family-81   Unknown        (512)   2357   2218 4310  
  246   15.1  0.0  1.7  contig_6_pilon  106955 107075 (276107) + rnd-1_family-81   Unknown         2218   2336  (533) 4311 *
  360   13.5  0.0  6.7  contig_6_pilon  107020 107146 (276036) C rnd-1_family-81   Unknown        (533)   2336   2218 4312  
  247   17.7  0.0  4.9  contig_6_pilon  107064 107170 (276012) + rnd-1_family-81   Unknown         2218   2319  (550) 4313 *
34750    3.0  0.5  0.2  contig_6_pilon  108039 113171 (270011) + rnd-1_family-82   Unknown            1   5135    (0) 4314  
  259    6.2  0.0  0.0  contig_6_pilon  113232 113263 (269919) C rnd-1_family-82   Unknown         (48)   5087   5056 4315  
  245    8.6  0.0  0.0  contig_6_pilon  113367 113401 (269781) + rnd-1_family-82   Unknown         5053   5087   (48) 4316  
 3280   28.3  1.9  2.1  contig_6_pilon  113602 114990 (268192) + rnd-1_family-64   Unknown         4622   6417 (1322) 4317  
  230   10.8  0.0  2.7  contig_6_pilon  115621 115658 (267524) + rnd-1_family-82   Unknown         5051   5087   (48) 4318 *
  250    9.1  0.0  0.0  contig_6_pilon  115628 115660 (267522) C rnd-1_family-82   Unknown         (48)   5087   5055 4315  
  492   32.7  1.1  1.1  contig_6_pilon  122068 122342 (260840) + rnd-1_family-43   DNA/Sola-1        78    352 (2725) 4319  
12482   14.0  3.6  1.0  contig_6_pilon  122445 125384 (257798) + rnd-1_family-43   DNA/Sola-1         1   3070    (7) 4320  
  417   33.4  5.0  1.7  contig_6_pilon  128756 129157 (254025) C rnd-1_family-67   Unknown       (1111)   2965   2551 4321  
 1476   27.8  3.4  3.9  contig_6_pilon  129232 129930 (253252) + rnd-1_family-26   Unknown         1758   2453 (2095) 4322  
  233   19.6  0.0  0.0  contig_6_pilon  134675 134720 (248462) C rnd-1_family-61   Unknown        (902)   3096   3051 4323  
  428   20.8  0.9  0.0  contig_6_pilon  148767 148872 (234310) + rnd-2_family-50   Unknown            1    107  (389) 4324  
  267   14.9  1.6  4.1  contig_6_pilon  149421 149546 (233636) C rnd-1_family-81   Unknown        (552)   2317   2195 4325  
  310   26.6  1.1  1.1  contig_6_pilon  151317 151411 (231771) + rnd-3_family-331  Unknown            2     96    (1) 4326  
  541   22.5  4.0  0.0  contig_6_pilon  151419 151569 (231613) + rnd-2_family-26   Unknown          127    283   (42) 4327  
 1178   20.8  7.0  0.4  contig_6_pilon  151576 152019 (231163) C rnd-3_family-9    Unknown         (65)    527     55 4328  
  743   25.3  6.2  3.7  contig_6_pilon  152191 152563 (230619) + rnd-1_family-66   Unknown          127    508  (211) 4329  
  477   28.5  8.3  0.6  contig_6_pilon  152459 152789 (230393) C rnd-2_family-270  Unknown         (65)    714    200 4330 *
  488   22.8  0.0  3.8  contig_6_pilon  152790 152926 (230256) C rnd-1_family-2    Unknown          (0)    281    150 4331 *
  564   16.6 22.2  6.2  contig_6_pilon  152811 152977 (230205) + rnd-1_family-37   Unknown            3    194    (4) 4332  
  372   21.8  3.5  0.7  contig_6_pilon  153012 153154 (230028) C rnd-2_family-270  Unknown        (319)    460    314 4330  
  256   18.4 14.1  2.3  contig_6_pilon  153522 153599 (229583) + rnd-2_family-80   Unknown            8     94   (46) 4333  
  446   30.4  3.6  0.4  contig_6_pilon  153865 154085 (229097) C rnd-2_family-26   Unknown         (78)    247     20 4334  
 1490   25.9  3.8  3.0  contig_6_pilon  154176 154780 (228402) C rnd-1_family-55   Unknown          (7)   3646   3037 4335 *
13269   23.0  1.7  1.5  contig_6_pilon  154776 158714 (224468) C rnd-1_family-24   Unknown          (0)   4548     12 4336  
 5468   27.1  1.2  0.2  contig_6_pilon  160445 161733 (221449) C ltr-1_family-15   LTR/Unknown    (169)   1303      2 4337  
 2293   27.5  3.2  2.8  contig_6_pilon  161739 162483 (220699) C ltr-1_family-12   LTR/Gypsy     (5682)   1782   1035 4338  
  263   17.7  0.0  0.0  contig_6_pilon  162633 162694 (220488) C ltr-1_family-12   LTR/Gypsy     (6682)    782    721 4339  
  782   26.4  1.7  5.0  contig_6_pilon  163214 163500 (219682) C ltr-1_family-12   LTR/Gypsy     (7177)    287     10 4339  
  856   22.2  0.7  6.1  contig_6_pilon  163502 163779 (219403) C ltr-1_family-11   LTR/Unknown      (3)    286     23 4340  
11392   20.0  2.0  0.6  contig_6_pilon  163877 166118 (217064) C rnd-1_family-35   Unknown         (52)   2580    309 4341  
  422   13.2  0.0  1.5  contig_6_pilon  168587 168655 (214527) C rnd-1_family-15   DNA/MULE-F    (3633)     74      7 4342  
  278   28.8  8.1  0.0  contig_6_pilon  169405 169515 (213667) C rnd-1_family-66   Unknown        (519)    200     81 4343  
 2399   26.6  2.6  7.2  contig_6_pilon  170976 171923 (211259) + rnd-3_family-57   Unknown           92    999  (258) 4344  
  871   24.4  6.7  4.5  contig_6_pilon  172348 172587 (210595) C rnd-2_family-149  Unknown         (40)    772    528 4345  
 1198   23.3  5.2  1.7  contig_6_pilon  172593 172941 (210241) C rnd-2_family-149  Unknown        (433)    379     19 4345  
 4940   14.7  2.6  1.3  contig_6_pilon  179108 180038 (203144) + rnd-3_family-399  Unknown            1    943    (0) 4346  
  364   14.9  1.1  9.8  contig_6_pilon  180618 180706 (202476) C rnd-2_family-399  Unknown         (24)    208    127 4347  
  441   29.3  3.8  0.0  contig_6_pilon  180712 180868 (202314) C rnd-1_family-5    Unknown        (640)    397    235 4348  
  226   12.8  2.1  1.0  contig_6_pilon  182125 182219 (200963) C rnd-1_family-81   Unknown        (548)   2321   2226 4349  
  335   24.4 13.3  0.5  contig_6_pilon  184103 184267 (198915) + rnd-2_family-50   Unknown           47    232  (264) 4350  
  627   16.4  0.0  2.7  contig_6_pilon  185404 185516 (197666) C rnd-1_family-41   LTR/Gypsy     (3520)   3254   3145 4351  
 1274   26.6  5.2  3.4  contig_6_pilon  185749 186243 (196939) + ltr-1_family-6    LTR/Gypsy       8476   8979 (4423) 4352 *
23720    9.1  0.7  0.2  contig_6_pilon  186243 189487 (193695) C ltr-1_family-6    LTR/Gypsy     (2001)  11401   8141 4353  
 3828    7.7  0.0  5.9  contig_6_pilon  192252 192789 (190393) + ltr-1_family-21   LTR/Gypsy       4186   4693 (1069) 4354  
  302   17.3  2.3  3.9  contig_6_pilon  199946 200077 (183105) C rnd-1_family-81   Unknown        (552)   2317   2188 4355  
 3011   18.3  4.1  3.5  contig_6_pilon  202834 203548 (179634) C rnd-2_family-110  Unknown         (88)    719      1 4356  
 1916   11.0  3.3  0.0  contig_6_pilon  204676 204948 (178234) C rnd-1_family-11   Unknown        (117)    283      2 4357  
  277   23.1  0.0  2.2  contig_6_pilon  208734 208826 (174356) C rnd-1_family-62   Unknown       (1350)    286    196 4358  
  689   19.8  6.2  0.0  contig_6_pilon  213042 213203 (169979) C rnd-2_family-48   Unknown         (49)    179      8 4359  
  277   29.6  7.6  4.8  contig_6_pilon  214274 214617 (168565) C rnd-2_family-50   Unknown        (135)    361      9 4360  
  424   31.5  4.7  1.9  contig_6_pilon  214668 214968 (168214) C rnd-1_family-66   Unknown        (259)    460    152 4361  
  326    9.7  3.5  9.3  contig_6_pilon  216039 216152 (167030) C rnd-1_family-81   Unknown        (545)   2324   2217 4362  
  242   13.1  0.0  1.4  contig_6_pilon  216097 216166 (167016) + rnd-1_family-25   Unknown          682    750 (1166) 4363 *
 7799    5.5  0.1  0.3  contig_6_pilon  219336 220679 (162503) + rnd-1_family-57   Unknown            1   1040    (4) 4364  
 2846    5.3  1.4  1.2  contig_6_pilon  221032 221452 (161730) + rnd-1_family-94   Unknown           22    443    (0) 4365  
  810   26.6  2.6  1.3  contig_6_pilon  222098 222329 (160853) C rnd-1_family-97   Unknown       (1342)   3277   3043 4366  
 2603    8.4  1.5  1.0  contig_6_pilon  228821 229228 (153954) + rnd-1_family-74   Unknown            1    410    (0) 4367  
 2507    7.4  0.8  0.3  contig_6_pilon  230046 230425 (152757) C rnd-1_family-40   Unknown          (0)    382      1 4368  
  324   28.3  2.7  3.6  contig_6_pilon  232084 232417 (150765) C rnd-1_family-66   Unknown        (353)    366     43 4369  
  617   17.4  1.5  0.8  contig_6_pilon  243352 243484 (139698) + rnd-3_family-57   Unknown         1123   1256    (1) 4370  
  238   17.8  0.0  0.0  contig_6_pilon  244610 244654 (138528) C rnd-1_family-66   Unknown        (518)    201    157 4371  
 6495   14.4  0.0  0.1  contig_6_pilon  245857 246946 (136236) C rnd-1_family-30   DNA/TcMar-Tc1    (0)   1089      1 4372 *
12885    4.3  1.5  0.0  contig_6_pilon  246149 247742 (135440) + rnd-1_family-71   DNA/TcMar-Tc1      1   1618    (0) 4373  
  664   23.0  0.6  1.1  contig_6_pilon  247983 248162 (135020) C rnd-2_family-399  Unknown          (1)    231     53 4374  
  667   27.9  0.5  0.5  contig_6_pilon  248420 248621 (134561) C rnd-1_family-97   Unknown       (1351)   3268   3067 4375  
  654   24.4  0.0  1.1  contig_6_pilon  248765 248946 (134236) C rnd-3_family-333  Unknown          (1)    708    529 4376  
  520   23.0  1.2  1.8  contig_6_pilon  248949 249112 (134070) C rnd-3_family-333  Unknown        (531)    178     16 4376  
 1141   18.9  0.9  0.9  contig_6_pilon  250187 250410 (132772) C rnd-1_family-17   Unknown          (5)    224      1 4377  
 4553   14.5  3.1  1.1  contig_6_pilon  257424 258283 (124899) C rnd-1_family-55   Unknown          (0)   3653   2777 4378  
  530   28.4  2.5  1.5  contig_6_pilon  262696 262895 (120287) + rnd-1_family-66   Unknown           89    290  (429) 4379  
  554   26.2  4.3  4.3  contig_6_pilon  263023 263253 (119929) C rnd-2_family-247  Unknown        (776)    452    222 4380  
  555   25.4  1.1  1.1  contig_6_pilon  263353 263535 (119647) C rnd-2_family-247  Unknown        (974)    254     72 4381  
 1318   21.7  0.3  0.3  contig_6_pilon  265009 265376 (117806) + ltr-1_family-9    LTR/Unknown       31    491    (2) 4382  
  448   21.1 17.9  6.8  contig_6_pilon  270455 270627 (112555) C rnd-1_family-37   Unknown          (7)    191      1 4383  
 1365   13.3  0.0  2.7  contig_6_pilon  270636 270866 (112316) + rnd-1_family-17   Unknown            1    225    (4) 4384  
  609   21.4  2.9  0.0  contig_6_pilon  280958 281097 (102085) C rnd-2_family-26   Unknown         (51)    274    131 4385  
  409   21.3  1.1  1.1  contig_6_pilon  281107 281201 (101981) C rnd-3_family-331  Unknown          (1)     96      2 4386  
  500   27.0 19.7  2.3  contig_6_pilon  284642 284940  (98242) C rnd-3_family-189  Unknown         (45)    351      2 4387  
  584   24.3  1.1  0.0  contig_6_pilon  286822 287002  (96180) + rnd-1_family-34   Unknown          232    414  (550) 4388  
18218   18.3  2.2  0.3  contig_6_pilon  287418 290617  (92565) C ltr-1_family-12   LTR/Gypsy      (151)   7313   4052 4389  
 2058   12.8  0.0  0.0  contig_6_pilon  290629 290955  (92227) C rnd-1_family-74   Unknown         (83)    327      1 4390  
  266   18.0  0.0  2.0  contig_6_pilon  304545 304595  (78587) C ltr-1_family-12   LTR/Gypsy     (2901)   4563   4514 4391  
  588   32.9  2.8  3.8  contig_6_pilon  306047 306882  (76300) + rnd-1_family-57   Unknown            1    840  (124) 4392  
  290   19.3  8.3  5.7  contig_6_pilon  307075 307195  (75987) + rnd-1_family-57   Unknown          769    892  (152) 4393  
  442   25.4  0.0  0.9  contig_6_pilon  310333 310447  (72735) C rnd-1_family-86   Unknown        (632)    155     42 4394  
  305   26.2  7.1  0.0  contig_6_pilon  315588 315713  (67469) C rnd-1_family-94   Unknown          (0)    443    309 4395  
 1479   22.1  4.2  0.5  contig_6_pilon  328990 329371  (53811) C rnd-2_family-190  Unknown          (0)    447     52 4396  
  555   20.9  0.9  0.0  contig_6_pilon  329406 329520  (53662) C rnd-2_family-48   Unknown        (105)    123      8 4397  
 1582   11.1  0.0  0.4  contig_6_pilon  330037 330262  (52920) + rnd-1_family-17   Unknown            1    225    (4) 4398  
 1060   16.8 18.0  0.4  contig_6_pilon  330345 330583  (52599) C rnd-1_family-2    Unknown          (0)    281      1 4399  
 2132   18.3 11.4  1.6  contig_6_pilon  331652 332267  (50915) + rnd-3_family-333  Unknown           25    699   (10) 4400  
  601   20.6 10.4  1.5  contig_6_pilon  332866 333047  (50135) + rnd-3_family-310  Unknown           15    212  (340) 4401  
  379   23.1  1.5  3.8  contig_6_pilon  333529 333663  (49519) C rnd-2_family-50   Unknown        (355)    141     10 4402  
  683   25.0  7.8  8.4  contig_6_pilon  333791 334353  (48829) + rnd-2_family-153  Unknown            1    560  (189) 4403  
  854   36.1  0.5  0.5  contig_6_pilon  342110 342490  (40692) C ltr-1_family-12   LTR/Gypsy     (1406)   6058   5678 4404  
  758   35.7  4.1  2.2  contig_6_pilon  342710 343102  (40080) C ltr-1_family-12   LTR/Gypsy     (2008)   5456   5057 4404  
 1997   17.6  0.0  0.0  contig_6_pilon  343153 343454  (39728) C rnd-2_family-1080 Unknown         (90)    302      1 4405  
 1182   21.8 10.1  0.0  contig_6_pilon  344698 345004  (38178) C rnd-2_family-247  Unknown          (1)   1227    890 4406  
  298   25.0  0.0  0.0  contig_6_pilon  345074 345137  (38045) C rnd-2_family-247  Unknown        (510)    718    655 4406  
 2018   20.4  1.8 15.2  contig_6_pilon  345193 345853  (37329) C rnd-2_family-247  Unknown        (576)    652     69 4406  
 2617   15.7  7.6  2.0  contig_6_pilon  346557 347032  (36150) C rnd-1_family-58   Unknown          (4)    502      1 4407  
 1371   13.3  1.4  0.5  contig_6_pilon  347040 347258  (35924) C rnd-1_family-17   Unknown          (8)    221      1 4408  
  556   28.9  4.6  1.2  contig_6_pilon  349155 349392  (33790) + rnd-2_family-26   Unknown           26    271   (54) 4409 *
 1487   21.3  4.0  5.8  contig_6_pilon  349389 349842  (33340) + rnd-3_family-57   Unknown          812   1257    (0) 4410  
  285   27.5  0.0  0.0  contig_6_pilon  350666 350734  (32448) C rnd-1_family-97   Unknown       (1484)   3135   3067 4411  
 1926   22.9 16.4  4.3  contig_6_pilon  351066 351705  (31477) C rnd-2_family-149  Unknown         (48)    764     47 4412  
  797   21.5  4.0  1.0  contig_6_pilon  351723 351924  (31258) + rnd-2_family-149  Unknown           95    302  (510) 4413  
  298   20.0  0.0  4.0  contig_6_pilon  352598 352727  (30455) + rnd-1_family-81   Unknown         2218   2342  (527) 4414  
 1082   23.2  2.6  5.7  contig_6_pilon  355229 355607  (27575) C rnd-3_family-310  Unknown        (170)    382     15 4415  
  316   21.7  0.0  2.4  contig_6_pilon  356137 356221  (26961) C rnd-2_family-11   Unknown         (80)    151     69 4416  
  264   36.2  4.2  2.2  contig_6_pilon  359871 360178  (23004) C rnd-1_family-67   Unknown       (2690)   1386   1073 4417  
  233   34.4  6.3  0.8  contig_6_pilon  363580 363705  (19477) C rnd-1_family-61   Unknown        (876)   3122   2990 4418  
  317   28.1  5.4  3.7  contig_6_pilon  365854 365922  (17260) + rnd-1_family-55   Unknown         2689   2839  (814) 4419  
  361   31.1  0.0  0.0  contig_6_pilon  365923 366028  (17154) C rnd-1_family-31   Unknown       (1550)    715    610 4420  
  430   29.1  1.9  9.1  contig_6_pilon  367002 367367  (15815) C rnd-2_family-272  Unknown       (7405)    666    325 4421 *
  595   20.8  1.9  1.2  contig_6_pilon  367214 367374  (15808) + rnd-2_family-50   Unknown            2    163  (333) 4422  
  367   15.7  3.9  3.1  contig_6_pilon  367365 367478  (15704) + rnd-1_family-81   Unknown         2217   2327  (542) 4423 *
  284   33.9  1.1  2.3  contig_6_pilon  367574 367748  (15434) C rnd-1_family-66   Unknown        (546)    173      1 4424  
 1041   14.5  0.6  1.2  contig_6_pilon  368091 368258  (14924) + rnd-1_family-48   Unknown            1    167   (65) 4425  
  399   20.5  0.0  0.0  contig_6_pilon  369091 369168  (14014) C rnd-1_family-5    Unknown        (646)    391    314 4426  
  536   16.8  0.9  0.0  contig_6_pilon  382886 382992    (190) C ltr-1_family-12   LTR/Gypsy       (13)   7451   7344 4427 *
  780   19.8  2.0  1.5  contig_6_pilon  382988 383182      (0) C ltr-1_family-11   LTR/Unknown      (0)    289     94 4428  
22353    1.9  0.3  0.2  contig_60_pilon      1  2536 (20917) C rnd-1_family-32 Unknown       (0)   2539      1 4429  
 8843    4.9  2.0  1.0  contig_60_pilon   2130  3357 (20096) + rnd-1_family-23 Unknown         1   1241 (3168) 4430 *
  385   28.6  0.8  6.5  contig_60_pilon   4154  4284 (19169) C rnd-1_family-13 Unknown    (5292)    510    387 4431  
  687   29.0  6.0  1.4  contig_60_pilon   6940  7352 (16101) C rnd-1_family-51 Unknown    (6343)    971    540 4432  
 5854    9.2  0.7  2.1  contig_60_pilon   7367  8234 (15219) + rnd-1_family-33 Unknown         2    857    (0) 4433  
 1385   27.4  0.8  1.1  contig_60_pilon   8241  8609 (14844) C rnd-1_family-51 Unknown    (6856)    458     91 4432  
22234    3.5  0.8  0.2  contig_60_pilon   8788 11476 (11977) C rnd-1_family-32 Unknown       (0)   2539      1 4434 *
39636    1.9  0.2  0.1  contig_60_pilon  11066 15472  (7981) + rnd-1_family-23 Unknown         1   4409    (0) 4435  
  986    6.8  0.8  0.0  contig_60_pilon  15501 15633  (7820) + rnd-1_family-23 Unknown      1031   1164 (3245) 4436  
 1644   21.2  2.8  0.0  contig_60_pilon  15634 15986  (7467) C rnd-1_family-5  Unknown     (674)    363      1 4437  
 6005   13.3  1.0  0.1  contig_60_pilon  16124 17049  (6404) + rnd-1_family-13 Unknown      2591   3524 (2278) 4438  
 4141   15.6  5.4  0.1  contig_60_pilon  17048 17807  (5646) + rnd-1_family-51 Unknown       170    969 (6345) 4439 *
  576   34.8  2.1  4.7  contig_60_pilon  18000 18373  (5080) + ltr-1_family-17 LTR/Gypsy    4119   4483  (742) 4440  
 5552   18.7  2.6  2.3  contig_60_pilon  21969 23453     (0) + rnd-1_family-82 Unknown         1   1069 (4066) 4441  
21220    3.2  0.8  0.5  contig_61_pilon     12  2534 (19137) C rnd-1_family-32 Unknown      (10)   2529      1 4442 *
39004    2.2  0.3  0.2  contig_61_pilon   2125  6526 (15145) + rnd-1_family-23 Unknown         1   4409    (0) 4443  
  986    6.8  0.8  0.0  contig_61_pilon   6555  6687 (14984) + rnd-1_family-23 Unknown      1031   1164 (3245) 4444  
 1644   21.2  2.8  0.0  contig_61_pilon   6688  7040 (14631) C rnd-1_family-5  Unknown     (674)    363      1 4445  
 5862   13.8  1.2  0.1  contig_61_pilon   7179  8102 (13569) + rnd-1_family-13 Unknown      2591   3524 (2278) 4446  
 3932   15.8  6.3  0.5  contig_61_pilon   8101  8857 (12814) + rnd-1_family-13 Unknown      3691   4491 (1311) 4446 *
  553   34.1  2.2  4.9  contig_61_pilon   9047  9404 (12267) + ltr-1_family-17 LTR/Gypsy    4119   4467  (758) 4447  
16268   22.3  2.0  2.0  contig_61_pilon  13013 17996  (3675) + rnd-1_family-82 Unknown         1   5104   (31) 4448  
 2370   28.9  3.3  3.0  contig_61_pilon  18152 19466  (2205) + rnd-1_family-64 Unknown      4627   5945  (530) 4449  
33779    5.1  0.2  0.3  contig_7_pilon      4  4078 (47234) C rnd-1_family-47 LTR/Gypsy  (1569)   4071      1 4450  
  428   26.6  5.2  5.1  contig_7_pilon   5280  5560 (45752) C rnd-1_family-64 Unknown      (22)   6453   6233 4451 *
  695   23.4  9.0  5.2  contig_7_pilon   5466  5905 (45407) + rnd-1_family-64 Unknown      6157   6472    (3) 4452 *
57453    3.7  0.7  0.2  contig_7_pilon   5696 12854 (38458) C rnd-1_family-64 Unknown       (0)   6475      1 4453  
 1407   24.4  1.9  0.3  contig_7_pilon  13197 13513 (37799) C rnd-1_family-90 Unknown     (290)   2154   1833 4454  
  238   15.6  0.0  0.0  contig_7_pilon  16165 16209 (35103) + rnd-1_family-31 Unknown         8     52 (2213) 4455  
21668    2.1  0.2  0.3  contig_7_pilon  17123 19570 (31742) + rnd-1_family-90 Unknown         1   2444    (0) 4456  
 5274   11.6  0.4  0.6  contig_7_pilon  19986 20769 (30543) + rnd-1_family-86 Unknown         6    787    (0) 4457  
 5334   11.7  0.0  0.0  contig_7_pilon  21167 21926 (29386) + rnd-1_family-72 Unknown         1    760    (6) 4458  
  241   26.7 10.8  3.1  contig_7_pilon  22521 22640 (28672) + rnd-1_family-61 Unknown      2627   2755 (1243) 4459  
  239   28.4  1.0  1.0  contig_7_pilon  22868 22963 (28349) + rnd-1_family-61 Unknown      2997   3092  (906) 4459  
 2784   23.6  4.0  3.4  contig_7_pilon  26585 27431 (23881) C rnd-1_family-26 Unknown     (152)   4396   3545 4460  
  373   25.5 13.8  1.9  contig_7_pilon  27857 28096 (23216) + rnd-1_family-81 Unknown       629    896 (1973) 4461  
  468   23.1  0.0  0.0  contig_7_pilon  29489 29596 (21716) + rnd-1_family-86 Unknown        56    163  (624) 4462  
  241   33.3  4.2  3.5  contig_7_pilon  41591 41733  (9579) C rnd-1_family-92 Unknown     (289)    183     40 4463  
  391   18.3  0.0  1.2  contig_7_pilon  46844 46926  (4386) + rnd-1_family-86 Unknown        82    163  (624) 4464  
  244   23.5 10.5  5.3  contig_7_pilon  49786 49947  (1365) + rnd-1_family-61 Unknown      2931   3100  (898) 4465  
  225   19.8  1.4  7.5  contig_70_pilon   23611  23681 (596639) C rnd-2_family-19   Unknown        (177)     67      1 4466  
  373   28.8  6.5  1.2  contig_70_pilon   29357  29588 (590732) + rnd-2_family-26   Unknown           28    271   (54) 4467  
  780   23.1  3.4  1.9  contig_70_pilon   29687  29893 (590427) C rnd-2_family-194  Unknown          (2)    214      5 4468  
  552   19.1  4.3  2.1  contig_70_pilon   29911  30049 (590271) C rnd-3_family-57   Unknown          (0)   1257   1116 4469  
  263   12.2  0.0  0.0  contig_70_pilon   48250  48290 (572030) + rnd-1_family-4    Unknown          259    299  (197) 4470  
 3143   15.5  1.8  0.5  contig_70_pilon   48293  48905 (571415) C rnd-1_family-4    Unknown        (491)   1145      1 4471  
 1265   11.9  0.0  0.5  contig_70_pilon   48944  49145 (571175) + rnd-1_family-4    Unknown          296    496    (0) 4472  
  339   12.5  7.1  4.7  contig_70_pilon   62820  62903 (557417) C rnd-2_family-26   Unknown         (53)    272    187 4473  
  256   22.8  7.5  1.8  contig_70_pilon   66305  66411 (553909) + rnd-2_family-26   Unknown          115    227   (98) 4474  
 2619   17.4  2.1  0.7  contig_70_pilon   66669  67266 (553054) + rnd-1_family-4    Unknown            2   1145  (491) 4475  
  334   24.0 14.6  1.2  contig_70_pilon   67837  67859 (552461) C rnd-2_family-50   Unknown        (239)    257     11 4476  
  567   21.7 13.8  0.9  contig_70_pilon   67860  68054 (552266) + rnd-2_family-272  Unknown          253    472 (7599) 4477  
  554   25.4  1.2  9.2  contig_70_pilon   68809  69055 (551265) C rnd-2_family-19   Unknown          (5)    239     11 4478  
 1178   18.2  0.4  0.4  contig_70_pilon   95081  95306 (525014) C rnd-2_family-48   Unknown          (0)    228      3 4479  
 1308   14.9  0.4  1.6  contig_70_pilon   96097  96349 (523971) + rnd-3_family-57   Unknown          511    760  (497) 4480  
 1622   18.8  1.3  4.8  contig_70_pilon   96390  96775 (523545) + rnd-3_family-57   Unknown          753   1125  (132) 4480  
  332   29.5  3.2  2.6  contig_70_pilon   96967  97154 (523166) + rnd-2_family-26   Unknown           24    212  (113) 4481  
  266   14.6  0.0  2.1  contig_70_pilon  101443 101491 (518829) + rnd-2_family-108  Unknown           45     92  (209) 4482 *
  316   25.5  0.9  4.7  contig_70_pilon  101483 101593 (518727) + rnd-2_family-108  Unknown          187    293    (8) 4482  
  485   34.4  2.0  1.7  contig_70_pilon  102471 102763 (517557) C ltr-1_family-17   LTR/Gypsy      (813)   4412   4119 4483  
 1122   16.9 16.7  1.2  contig_70_pilon  106268 106686 (513634) + rnd-2_family-153  Unknown            3    485  (264) 4484  
  620   17.6  0.0  1.5  contig_70_pilon  106948 107080 (513240) + rnd-2_family-153  Unknown          488    618  (131) 4484  
 1445   26.0  0.5  0.0  contig_70_pilon  110056 110490 (509830) C rnd-1_family-34   Unknown        (527)    437      1 4485  
  244   27.1  5.9  8.5  contig_70_pilon  120502 120670 (499650) + rnd-1_family-96   Unknown          791    955 (1762) 4486  
  293   30.3  0.8  1.7  contig_70_pilon  120672 120792 (499528) + rnd-2_family-195  Unknown           39    158  (394) 4487  
  392   23.7  3.2  0.0  contig_70_pilon  120966 121058 (499262) + rnd-2_family-80   Unknown            1     96   (44) 4488  
 2402   15.2  4.9  2.2  contig_70_pilon  121307 121837 (498483) C rnd-3_family-9    Unknown          (7)    585     41 4489  
  236   24.1  1.7  0.0  contig_70_pilon  121997 122054 (498266) + rnd-1_family-69   Unknown            1     59  (157) 4490  
  295   19.5  0.0  2.8  contig_70_pilon  122246 122319 (498001) + rnd-1_family-69   Unknown          139    210    (6) 4490  
  775   26.1  5.7  3.5  contig_70_pilon  129258 129626 (490694) + rnd-3_family-399  Unknown          532    908   (35) 4491  
  424   28.0  2.5  3.5  contig_70_pilon  129506 129705 (490615) C rnd-3_family-399  Unknown        (745)    198      1 4492 *
 2905    9.9  3.5  2.2  contig_70_pilon  137994 138445 (481875) + rnd-1_family-52   Unknown            1    458    (0) 4493  
13463   15.6  0.7  0.1  contig_70_pilon  139653 141638 (478682) C ltr-1_family-12   LTR/Gypsy       (14)   7450   5454 4494 *
24214   10.1  0.3  0.5  contig_70_pilon  141633 144910 (475410) C ltr-1_family-6    LTR/Gypsy     (1995)  11407   8137 4495  
 4115   16.9  5.2  1.1  contig_70_pilon  144908 145638 (474682) C ltr-1_family-12   LTR/Gypsy     (2007)   5457   4697 4494 *
14746   20.5  0.7  0.4  contig_70_pilon  145636 148201 (472119) C ltr-1_family-12   LTR/Gypsy     (3105)   4359   1785 4494  
 6022   20.9  0.7  0.2  contig_70_pilon  148221 149284 (471036) C ltr-1_family-15   LTR/Unknown     (13)   1459    391 4496  
17799   18.0  0.8  2.8  contig_70_pilon  149285 152613 (467707) + rnd-1_family-47   LTR/Gypsy          1   3264 (2376) 4497  
 1829   26.5  0.9  2.6  contig_70_pilon  152553 152978 (467342) C ltr-1_family-15   LTR/Unknown   (1052)    420      2 4496 *
 3372   22.7  1.4  1.8  contig_70_pilon  152984 153715 (466605) C ltr-1_family-12   LTR/Gypsy     (5682)   1782   1054 4494  
 2188   15.7  1.5  4.5  contig_70_pilon  155124 155582 (464738) C ltr-1_family-12   LTR/Gypsy     (6410)   1054    609 4494  
  309   11.3  0.0  1.9  contig_70_pilon  156192 156245 (464075) C ltr-1_family-12   LTR/Gypsy     (7405)     59      7 4494  
 1588   18.2  0.7  0.3  contig_70_pilon  156257 156543 (463777) C ltr-1_family-11   LTR/Unknown      (1)    288      1 4498  
 1324   12.0  5.2  1.7  contig_70_pilon  161975 162203 (458117) C rnd-1_family-52   Unknown        (221)    237      1 4499  
 3197   13.5  0.0  0.2  contig_70_pilon  172475 172970 (447350) + rnd-1_family-4    Unknown            2    496    (0) 4500  
  506   25.4  1.5  3.1  contig_70_pilon  173075 173269 (447051) C rnd-2_family-50   Unknown        (304)    192      1 4501  
 1218   22.3  9.7  3.2  contig_70_pilon  173806 174218 (446102) C rnd-3_family-333  Unknown         (36)    673    235 4502  
  782   25.0  3.4  1.2  contig_70_pilon  174276 174514 (445806) C rnd-3_family-333  Unknown        (465)    244      1 4502  
  330   19.2  0.6 26.6  contig_70_pilon  174884 175039 (445281) C rnd-1_family-2    Unknown         (28)    253    130 4503 *
  593   19.9  5.7  4.4  contig_70_pilon  174939 175096 (445224) + rnd-1_family-37   Unknown           39    198    (0) 4504  
  291   32.5  0.0  1.3  contig_70_pilon  175174 175251 (445069) + rnd-2_family-80   Unknown            1     77   (63) 4505  
 1118   17.2 11.7  2.1  contig_70_pilon  175960 176215 (444105) C rnd-1_family-2    Unknown          (0)    281      2 4506  
  558   24.8  2.5 11.3  contig_70_pilon  176453 176693 (443627) + rnd-2_family-11   Unknown            1    222    (9) 4507  
 1387   22.9  4.3  3.7  contig_70_pilon  176914 177375 (442945) + rnd-2_family-270  Unknown          311    775    (4) 4508  
  839   18.4  2.2  2.0  contig_70_pilon  177423 177688 (442632) C rnd-1_family-49   Unknown        (317)    402      1 4509  
  369   17.3  1.3  0.0  contig_70_pilon  195752 195826 (424494) + rnd-2_family-272  Unknown         3313   3388 (4683) 4510  
 1169   16.7  3.5  1.7  contig_70_pilon  199001 199232 (421088) C rnd-1_family-16   Unknown          (4)    242      7 4511  
 1402   32.6  3.1  2.4  contig_70_pilon  200576 201511 (418809) C rnd-1_family-43   DNA/Sola-1     (874)   2203   1262 4512  
 4230    1.5  0.0  0.0  contig_70_pilon  202135 202598 (417722) C ltr-1_family-9    LTR/Unknown      (0)    493     30 4513  
 1674    9.8  0.0  0.0  contig_70_pilon  205591 205814 (414506) C rnd-1_family-16   Unknown          (0)    246     23 4514  
  977   19.1  0.0  0.0  contig_70_pilon  205807 205984 (414336) + rnd-1_family-16   Unknown           64    241    (5) 4515 *
 6552    6.4  0.5  0.1  contig_70_pilon  206711 207543 (412777) C rnd-1_family-77   Unknown       (1071)   1679    844 4516  
  588   23.4  3.1  2.2  contig_70_pilon  208070 208292 (412028) C rnd-1_family-81   Unknown        (333)   2536   2312 4517  
  456   16.2  0.0  1.0  contig_70_pilon  208273 208372 (411948) C rnd-1_family-77   Unknown         (25)   2725   2627 4518 *
 2118   22.0  1.1  1.9  contig_70_pilon  208442 209029 (411291) C rnd-1_family-77   Unknown        (124)   2626   2000 4517  
  370   15.2  0.0  0.0  contig_70_pilon  219073 219131 (401189) + rnd-1_family-16   Unknown          184    242    (4) 4519 *
  376    8.3  0.0  0.0  contig_70_pilon  219089 219136 (401184) C rnd-1_family-16   Unknown        (198)     48      1 4520  
  286   23.6 12.1  3.3  contig_70_pilon  224349 224488 (395832) C rnd-1_family-96   Unknown       (1800)    917    766 4521  
  244   21.5  9.2  0.0  contig_70_pilon  233998 234062 (386258) + rnd-1_family-97   Unknown         3207   3277 (1342) 4522  
 1431   13.7  0.4  3.5  contig_70_pilon  237803 238037 (382283) + rnd-1_family-17   Unknown            2    229    (0) 4523  
 7633   16.6  2.6  4.6  contig_70_pilon  238183 239701 (380619) C rnd-2_family-156  DNA/TcMar-Tc1    (1)   1593    104 4524  
  440   39.4  1.8  0.3  contig_70_pilon  241367 241644 (378676) C ltr-1_family-12   LTR/Gypsy     (3044)   4420   4139 4525  
  616   29.4  7.5  1.8  contig_70_pilon  242054 242375 (377945) + rnd-1_family-34   Unknown           23    362  (602) 4526  
  617   26.0  6.8  2.3  contig_70_pilon  244093 244430 (375890) C rnd-2_family-190  Unknown         (55)    392     40 4527  
 1535   20.1  2.5  0.6  contig_70_pilon  253849 254163 (366157) + rnd-2_family-323  Unknown            1    321   (58) 4528  
  249   14.6  1.0  2.1  contig_70_pilon  262028 262125 (358195) + rnd-1_family-81   Unknown         2250   2346  (523) 4529  
  395   28.8  2.5  1.9  contig_70_pilon  262657 262815 (357505) + rnd-1_family-5    Unknown          237    396  (641) 4530  
  622   24.8  3.0  2.4  contig_70_pilon  264079 264247 (356073) C rnd-1_family-97   Unknown       (1342)   3277   3108 4531  
  515   28.6  3.2  2.5  contig_70_pilon  269932 270211 (350109) C rnd-3_family-9    Unknown         (25)    567    286 4532  
  626    7.3  1.2  0.0  contig_70_pilon  273864 273945 (346375) C rnd-1_family-8    Unknown          (0)    416    334 4533  
 2558   13.3  0.0  0.0  contig_70_pilon  274014 274373 (345947) C rnd-1_family-8    Unknown         (56)    360      1 4533  
  292   26.1  3.3  2.2  contig_70_pilon  276810 276899 (343421) + rnd-2_family-48   Unknown          124    214   (14) 4534  
  282   25.9  8.5  9.2  contig_70_pilon  277180 277332 (342988) C rnd-1_family-2    Unknown          (0)    281    130 4535 *
  958   15.6  4.2  0.6  contig_70_pilon  277198 277365 (342955) + rnd-1_family-37   Unknown            2    175   (23) 4536  
  257   11.4  0.0  0.0  contig_70_pilon  277436 277470 (342850) + rnd-1_family-37   Unknown          141    175   (23) 4537  
  238   11.4  0.0  0.0  contig_70_pilon  277471 277505 (342815) + rnd-1_family-37   Unknown          141    175   (23) 4538  
  257   11.4  0.0  0.0  contig_70_pilon  277506 277540 (342780) + rnd-1_family-37   Unknown          141    175   (23) 4539  
  363   13.8  0.0  1.7  contig_70_pilon  277541 277599 (342721) + rnd-1_family-37   Unknown          141    198    (0) 4540  
  424   19.7  7.1 11.4  contig_70_pilon  281859 282041 (338279) C rnd-2_family-26   Unknown        (124)    201     26 4541  
  367   33.3  2.4  0.0  contig_70_pilon  282073 282237 (338083) C rnd-1_family-5    Unknown        (637)    400    232 4542  
  344   17.1  2.4  5.0  contig_70_pilon  285112 285234 (335086) C rnd-1_family-81   Unknown        (533)   2336   2217 4543 *
  385   21.8  0.4  2.2  contig_70_pilon  285138 285291 (335029) + rnd-1_family-81   Unknown         2217   2336  (533) 4544  
  366   14.4  0.0 15.5  contig_70_pilon  295752 295833 (324487) + rnd-2_family-80   Unknown            1     71   (69) 4545  
  376   29.1  4.9  1.1  contig_70_pilon  296329 296512 (323808) + rnd-1_family-66   Unknown            6    196  (523) 4546  
  255   26.5  0.0  7.3  contig_70_pilon  296518 296635 (323685) C rnd-1_family-81   Unknown        (511)   2358   2249 4547  
  322   29.6  6.1  6.1  contig_70_pilon  296825 297335 (322985) + rnd-2_family-50   Unknown            3    518  (201) 4548 *
  592   30.6  3.6  3.5  contig_70_pilon  297225 297328 (322992) C rnd-2_family-272  Unknown          (0)    552    148 4549  
 1067   26.3  3.1  1.0  contig_70_pilon  297329 297712 (322608) + rnd-2_family-50   Unknown            2    393  (103) 4550  
  592   30.6  3.6  3.5  contig_70_pilon  297713 297738 (322582) C rnd-2_family-272  Unknown          (0)    147     38 4549  
 1515   14.3  5.7  0.8  contig_70_pilon  298270 298515 (321805) + rnd-2_family-1080 Unknown            1    258  (134) 4551  
  559   21.0  3.1 25.5  contig_70_pilon  298561 298784 (321536) + rnd-2_family-1080 Unknown          209    392    (0) 4552  
  643   24.4  3.9  5.1  contig_70_pilon  305015 305273 (315047) + rnd-3_family-399  Unknown            6    261  (682) 4553 *
 2620   20.3  3.4  4.2  contig_70_pilon  305064 305761 (314559) C rnd-3_family-399  Unknown         (12)    931    239 4554  
 1025   19.1  5.7  0.0  contig_70_pilon  307310 307518 (312802) + rnd-2_family-48   Unknown            8    228    (0) 4555  
  340   22.9 14.6  0.0  contig_70_pilon  313330 313425 (306895) C rnd-2_family-26   Unknown         (70)    255    146 4556 *
 2765   12.8  0.2  1.0  contig_70_pilon  313422 313823 (306497) C rnd-1_family-11   Unknown          (0)    400      2 4557  
  439   22.6  2.1  0.0  contig_70_pilon  313847 313939 (306381) C rnd-3_family-331  Unknown          (2)     95      1 4558  
 6423    6.9  1.2  0.1  contig_70_pilon  326191 327027 (293293) C rnd-1_family-77   Unknown       (1071)   1679    834 4559  
  253   20.0  1.2  1.2  contig_70_pilon  327044 327124 (293196) C rnd-2_family-50   Unknown        (319)    177     97 4560  
  253   13.8  2.3  1.1  contig_70_pilon  333425 333512 (286808) C rnd-1_family-81   Unknown        (542)   2327   2239 4561  
  752   18.9  8.6  5.0  contig_70_pilon  340065 340298 (280022) + rnd-2_family-195  Unknown           46    287  (265) 4562  
 2143    9.1  1.1  0.0  contig_70_pilon  340621 340906 (279414) + ltr-1_family-11   LTR/Unknown        1    289    (0) 4563  
  708    8.6  0.9  0.0  contig_70_pilon  340903 341007 (279313) + ltr-1_family-12   LTR/Gypsy       7345   7450   (14) 4564 *
  298   17.5  0.0  1.6  contig_70_pilon  355554 355617 (264703) + rnd-2_family-272  Unknown         3313   3375 (4696) 4565  
  357   17.2  0.0  2.9  contig_70_pilon  357162 357233 (263087) C rnd-2_family-194  Unknown        (145)     71      2 4566  
  820   10.6  4.9  2.0  contig_70_pilon  364985 365128 (255192) C rnd-2_family-26   Unknown         (54)    271    124 4567  
  414   21.6 12.0  3.3  contig_70_pilon  373633 373857 (246463) + rnd-3_family-9    Unknown           42    285  (307) 4568  
 1084   25.7  0.3  1.0  contig_70_pilon  374090 374384 (245936) + rnd-3_family-9    Unknown          291    583    (9) 4568  
 4163    4.1  2.4  0.2  contig_70_pilon  375824 376317 (244003) C rnd-1_family-58   Unknown          (1)    505      1 4569  
  505   29.4  0.7  0.0  contig_70_pilon  380706 380848 (239472) C rnd-1_family-97   Unknown       (1342)   3277   3134 4570  
 1016   16.1  1.4  3.3  contig_70_pilon  390992 391210 (229110) C rnd-2_family-110  Unknown         (83)    724    510 4571  
  798   23.9  2.3 12.1  contig_70_pilon  391214 391566 (228754) C rnd-2_family-110  Unknown        (484)    323      2 4571  
 3950   28.3  2.6  2.2  contig_70_pilon  404141 405384 (214936) + rnd-1_family-93   Unknown            1   1250 (6489) 4572  
  826   23.9  1.7  0.0  contig_70_pilon  405387 405566 (214754) + rnd-1_family-93   Unknown         4732   4914 (2825) 4573 *
 5179   13.8  1.5  1.8  contig_70_pilon  405565 406551 (213769) C ltr-1_family-7    LTR/Unknown      (0)   1003     20 4574  
 1002   26.6  0.0  0.0  contig_70_pilon  406571 406792 (213528) + rnd-1_family-93   Unknown         4908   5129 (2610) 4573  
 2173   27.6  4.8  2.3  contig_70_pilon  407658 408907 (211413) + rnd-1_family-83   Unknown          768   2047 (3788) 4575  
  873   27.2  2.3  1.6  contig_70_pilon  408963 409265 (211055) + rnd-1_family-83   Unknown         2159   2463 (3372) 4575  
  302   20.6  1.6  0.0  contig_70_pilon  409961 410023 (210297) + rnd-1_family-93   Unknown            1     64 (7675) 4576  
 8648   23.4  3.1  2.0  contig_70_pilon  419305 421394 (198926) + ltr-1_family-17   LTR/Gypsy       2376   4486  (739) 4577  
39746    4.6  0.2  0.3  contig_70_pilon  427562 432281 (188039) + rnd-1_family-41   LTR/Gypsy          1   4717 (2057) 4578  
 4875   14.2  3.4  1.7  contig_70_pilon  432284 433232 (187088) C rnd-1_family-68   DNA/Sola-1       (0)   2406   1442 4579  
 1581    6.0  0.9  0.0  contig_70_pilon  433233 433450 (186870) + rnd-1_family-75   Unknown            1    220    (0) 4580  
15717    3.5  0.5  0.5  contig_70_pilon  433849 436721 (183599) + rnd-1_family-25   Unknown            1   1916    (0) 4581  
13522   14.3  2.0  1.6  contig_70_pilon  437740 440167 (180153) C rnd-1_family-43   DNA/Sola-1     (573)   2504     67 4582  
  235   15.8  0.0  0.0  contig_70_pilon  446885 446922 (173398) C rnd-1_family-93   Unknown        (151)   7588   7551 4583  
  231    7.1  0.0  0.0  contig_70_pilon  446899 446926 (173394) C rnd-1_family-82   Unknown         (52)   5083   5056 4584 *
  242   14.3  0.0  0.0  contig_70_pilon  447018 447052 (173268) C rnd-1_family-82   Unknown         (45)   5090   5056 4585  
 3691   28.4  1.9  1.9  contig_70_pilon  447772 449216 (171104) C rnd-1_family-64   Unknown       (1322)   6417   4608 4586  
16971   19.1  1.2  1.5  contig_70_pilon  449266 454256 (166064) C rnd-1_family-82   Unknown         (48)   5087      1 4585  
37374    2.3  0.2  0.1  contig_70_pilon  454553 458756 (161564) + rnd-1_family-39   LTR/Gypsy        991   5201    (0) 4587 *
42317    7.6  0.7  0.8  contig_70_pilon  456521 462166 (158154) C rnd-1_family-47   LTR/Gypsy        (0)   5640      1 4588  
26214    5.6  0.5  0.5  contig_70_pilon  472165 475418 (144902) + rnd-1_family-41   LTR/Gypsy          1   3253 (3521) 4589  
  311   15.7  2.3  3.5  contig_70_pilon  482698 482783 (137537) C rnd-2_family-270  Unknown        (376)    403    319 4590  
 2170   10.7  0.0  0.0  contig_70_pilon  484389 484677 (135643) + ltr-1_family-11   LTR/Unknown        1    289    (0) 4591  
 9188   18.8  1.4  3.5  contig_70_pilon  484678 486499 (133821) + ltr-1_family-12   LTR/Gypsy          1   1786 (5678) 4592  
 1258   22.6  1.6  0.4  contig_70_pilon  486500 486743 (133577) + ltr-1_family-15   LTR/Unknown        1    247 (1225) 4593  
 6328   16.7  0.2  0.1  contig_70_pilon  486748 487713 (132607) + ltr-1_family-12   LTR/Gypsy       1822   2788 (4676) 4592  
  232   33.7  1.7  9.8  contig_70_pilon  489266 489617 (130703) + rnd-1_family-81   Unknown         1781   2106  (763) 4594  
  276   31.1  1.3  4.1  contig_70_pilon  489825 489975 (130345) + rnd-1_family-81   Unknown         2392   2538  (331) 4594  
12082   10.6  0.7  0.2  contig_70_pilon  490443 492113 (128207) + rnd-1_family-89   DNA/TcMar-Tc1     31   1710    (0) 4595  
  254    0.0  3.1  0.0  contig_70_pilon  492095 492126 (128194) C rnd-1_family-89   DNA/TcMar-Tc1 (1677)     33      1 4596 *
  712   14.8  0.0  0.9  contig_70_pilon  508550 508658 (111662) + rnd-1_family-97   Unknown         3169   3276 (1343) 4597  
  800    9.4  9.4  0.0  contig_70_pilon  515440 515567 (104753) C rnd-1_family-17   Unknown          (4)    225     86 4598 *
  889    8.6  5.4  8.7  contig_70_pilon  515543 515708 (104612) C rnd-1_family-17   Unknown         (68)    161      1 4599  
  963   26.1  5.1  3.7  contig_70_pilon  523584 524089  (96231) + rnd-2_family-195  Unknown           40    552    (0) 4600  
  399   16.2 18.8  0.8  contig_70_pilon  526146 526257  (94063) C rnd-2_family-26   Unknown         (58)    267    136 4601  
21404   12.6  0.9  0.9  contig_70_pilon  533305 536554  (83766) + rnd-1_family-41   LTR/Gypsy          1   3253 (3521) 4602  
  358    6.4  0.0  0.0  contig_70_pilon  536555 536601  (83719) + rnd-3_family-57   Unknown         1153   1199   (58) 4603  
  386   28.6  3.7  6.2  contig_70_pilon  536989 537204  (83116) C rnd-2_family-26   Unknown         (51)    274     64 4604  
  460   25.7  3.6 11.7  contig_70_pilon  539423 539699  (80621) C rnd-2_family-108  Unknown          (4)    297     41 4605  
 2111    5.9  1.0  1.4  contig_70_pilon  543332 543621  (76699) + ltr-1_family-11   LTR/Unknown        1    289    (0) 4606  
  822    5.6  0.0  0.0  contig_70_pilon  543617 543724  (76596) + ltr-1_family-12   LTR/Gypsy       7344   7451   (13) 4607 *
  693   29.3  4.2  0.7  contig_70_pilon  547732 548016  (72304) + rnd-1_family-66   Unknown            1    295  (424) 4608  
 1146   28.9  3.1  4.2  contig_70_pilon  548277 548858  (71462) + rnd-1_family-34   Unknown          325    900   (64) 4609  
  348   22.9  3.7  2.8  contig_70_pilon  548991 549098  (71222) + rnd-1_family-57   Unknown          769    877  (167) 4610  
  401   26.7  4.6  9.6  contig_70_pilon  549755 550102  (70218) + rnd-1_family-94   Unknown          112    443    (0) 4611  
  339   23.6  2.3  1.5  contig_70_pilon  550110 550238  (70082) C rnd-2_family-270  Unknown        (336)    443    314 4612  
  226   17.5  3.4  3.4  contig_70_pilon  550610 550668  (69652) + rnd-2_family-194  Unknown          142    200   (16) 4613  
  272   28.1  5.3  0.0  contig_70_pilon  562466 562579  (57741) C rnd-2_family-26   Unknown         (57)    268    149 4614  
34946    9.6  0.3  0.5  contig_70_pilon  574653 579363  (40957) C ltr-1_family-12   LTR/Gypsy       (13)   7451   2748 4615  
20110    6.3  0.2  0.1  contig_70_pilon  579361 581801  (38519) C rnd-1_family-90   Unknown          (0)   2444      1 4616 *
19005    8.4  0.5  0.2  contig_70_pilon  581804 584272  (36048) + ltr-1_family-12   LTR/Gypsy       4989   7462    (2) 4617  
 2063   10.8  0.3  0.0  contig_70_pilon  584276 584563  (35757) + ltr-1_family-11   LTR/Unknown        1    289    (0) 4618  
  637   12.3  0.9  0.0  contig_70_pilon  584559 584664  (35656) + ltr-1_family-12   LTR/Gypsy       7344   7450   (14) 4619 *
  329   22.7  4.4  2.2  contig_70_pilon  585326 585415  (34905) C rnd-1_family-90   Unknown       (2237)    207    116 4620  
  293   15.2  0.0  0.0  contig_70_pilon  593232 593277  (27043) + rnd-1_family-16   Unknown          196    241    (5) 4621  
 1223   23.2  2.8  8.2  contig_70_pilon  594562 594998  (25322) C rnd-2_family-149  Unknown         (40)    772    358 4622  
  292   20.9  1.5  1.5  contig_70_pilon  595013 595080  (25240) C rnd-1_family-11   Unknown        (211)    189    122 4623  
  418   23.0  0.0  1.1  contig_70_pilon  601853 601940  (18380) C rnd-1_family-97   Unknown       (1343)   3276   3190 4624  
24037    6.5  0.5  0.4  contig_70_pilon  601946 605398  (14922) C rnd-1_family-43   DNA/Sola-1       (0)   3077      1 4625 *
52901    1.3  0.1  0.2  contig_70_pilon  605257 611094   (9226) C rnd-1_family-83   Unknown          (0)   5835      1 4626  
  241    8.2  0.0  8.1  contig_70_pilon  611948 611987   (8333) + rnd-1_family-93   Unknown         7588   7624  (115) 4627  
  227    7.1  0.0  0.0  contig_70_pilon  611965 611992   (8328) + rnd-1_family-83   Unknown         4916   4943  (892) 4628 *
  235    3.6  0.0  0.0  contig_70_pilon  612217 612244   (8076) C rnd-1_family-93   Unknown        (161)   7578   7551 4629 *
  338   24.1  6.2  4.8  contig_70_pilon  612220 612363   (7957) C rnd-1_family-93   Unknown         (43)   7696   7551 4630  
  342   16.9  6.1  6.1  contig_70_pilon  612411 612492   (7828) C rnd-1_family-93   Unknown        (116)   7623   7542 4631  
68594    2.1  0.5  0.1  contig_70_pilon  612613 620320      (0) C rnd-1_family-93   Unknown          (0)   7739      1 4632  
45688    3.5  0.9  0.5  contig_74_pilon     11  5821 (21189) C rnd-1_family-83 Unknown       (0)   5835      1 4633  
  229    6.7  0.0  0.0  contig_74_pilon   6681  6710 (20300) + rnd-1_family-93 Unknown      7595   7624  (115) 4634  
54966    6.1  1.7  0.8  contig_74_pilon   7333 15005 (12005) C rnd-1_family-93 Unknown       (0)   7739      1 4635  
10984    6.6  1.0  0.1  contig_74_pilon  18274 19717  (7293) C rnd-1_family-56 LTR/Gypsy   (552)   4042   2585 4636 *
52109    5.9  1.6  1.0  contig_74_pilon  19714 27010     (0) C rnd-1_family-46 Unknown     (178)   7339      1 4637  
50083    2.5  0.8  0.3  contig_75_pilon       11    5818 (3457697) C rnd-1_family-83   Unknown           (0)   5835       1 4638  
  235    3.6  0.0  0.0  contig_75_pilon     6937    6964 (3456551) C rnd-1_family-93   Unknown         (161)   7578    7551 4639 *
  338   24.1  6.2  4.8  contig_75_pilon     6940    7083 (3456432) C rnd-1_family-93   Unknown          (43)   7696    7551 4640  
  342   16.9  6.1  6.1  contig_75_pilon     7131    7212 (3456303) C rnd-1_family-93   Unknown         (116)   7623    7542 4641  
67479    2.2  0.7  0.2  contig_75_pilon     7333   15029 (3448486) C rnd-1_family-93   Unknown           (0)   7739       1 4642  
  244   26.6  5.0  1.2  contig_75_pilon    15060   15139 (3448376) C rnd-1_family-97   Unknown        (1487)   3132    3050 4643  
  633   36.1  2.8  2.0  contig_75_pilon    20032   20577 (3442938) C rnd-1_family-89   DNA/TcMar-Tc1   (360)   1350     801 4644  
11851   11.0  2.0  0.2  contig_75_pilon    21343   23022 (3440493) + rnd-1_family-89   DNA/TcMar-Tc1       1   1710     (0) 4645  
  275    5.6  0.0  0.0  contig_75_pilon    23001   23036 (3440479) C rnd-1_family-89   DNA/TcMar-Tc1  (1674)     36       1 4646 *
  360   28.3  2.7  6.0  contig_75_pilon    23576   23763 (3439752) + rnd-2_family-26   Unknown            99    280    (45) 4647  
  794   17.4  6.2  0.0  contig_75_pilon    24923   25066 (3438449) C rnd-1_family-2    Unknown           (1)    280     128 4648  
  627   14.8  1.8  3.6  contig_75_pilon    25191   25302 (3438213) C rnd-1_family-2    Unknown         (170)    111       2 4648  
 1491   11.7  0.9  3.1  contig_75_pilon    25886   26114 (3437401) C rnd-1_family-17   Unknown           (5)    224       1 4649  
 1074   25.1  3.4  4.7  contig_75_pilon    32086   32495 (3431020) + rnd-2_family-270  Unknown           314    718    (61) 4650  
  351   29.9  4.5  1.9  contig_75_pilon    37449   37649 (3425866) C rnd-2_family-26   Unknown          (64)    261      56 4651  
  334   30.5  3.3  5.0  contig_75_pilon    37639   37880 (3425635) C rnd-2_family-26   Unknown          (62)    263      26 4652 *
 2625   18.6  2.5  1.3  contig_75_pilon    38834   39444 (3424071) C rnd-3_family-333  Unknown           (4)    705      88 4653  
  420   20.7  1.3  2.5  contig_75_pilon    39418   39576 (3423939) C rnd-1_family-81   Unknown         (509)   2360    2204 4654 *
  315   28.9  0.0  1.1  contig_75_pilon    40004   40094 (3423421) C rnd-1_family-97   Unknown        (2050)   2569    2480 4655  
 1049   19.0  3.1  8.8  contig_75_pilon    40143   40431 (3423084) + ltr-1_family-11   LTR/Unknown        16    289     (0) 4656  
  553   18.1  0.9  0.0  contig_75_pilon    40428   40532 (3422983) + ltr-1_family-12   LTR/Gypsy        7345   7450    (14) 4657 *
  291   24.1  0.0  0.0  contig_75_pilon    42613   42670 (3420845) + rnd-1_family-97   Unknown          3179   3236  (1383) 4658  
  350   18.6  1.1  5.8  contig_75_pilon    52775   52865 (3410650) + rnd-3_family-9    Unknown            39    125   (467) 4659  
  238   24.1  0.9  6.9  contig_75_pilon    54540   54646 (3408869) + rnd-3_family-9    Unknown           401    501    (91) 4659  
  646   27.4  0.5  3.3  contig_75_pilon    55225   55443 (3408072) + rnd-2_family-399  Unknown            19    231     (1) 4660  
  719   23.9  4.8  2.0  contig_75_pilon    55700   55990 (3407525) C rnd-1_family-4    Unknown           (0)    496     198 4661  
  350   18.6  1.1  5.8  contig_75_pilon    58223   58313 (3405202) C rnd-3_family-9    Unknown         (467)    125      39 4662  
  400   27.8  2.3  2.3  contig_75_pilon    64429   64645 (3398870) C rnd-2_family-110  Unknown         (590)    217       1 4663  
  403   29.8  0.6  1.2  contig_75_pilon    67158   67320 (3396195) + rnd-2_family-323  Unknown            50    211   (168) 4664  
 1571   19.9  5.8  0.9  contig_75_pilon    67389   67718 (3395797) + rnd-1_family-11   Unknown             1    346    (54) 4665  
10687   18.8  0.8  0.7  contig_75_pilon    67728   69754 (3393761) C rnd-1_family-90   Unknown         (276)   2168     139 4666  
  997   17.6  3.6  0.5  contig_75_pilon    69753   69946 (3393569) C rnd-1_family-90   Unknown        (2241)    203       4 4667 *
  579   19.4  2.1  0.0  contig_75_pilon    70392   70535 (3392980) C rnd-1_family-68   DNA/Sola-1        (3)   2403    2257 4668  
 3320   22.5  1.3  0.4  contig_75_pilon    70572   71404 (3392111) C rnd-1_family-68   DNA/Sola-1      (250)   2156    1316 4668  
  596   13.9  0.0  0.0  contig_75_pilon    71403   71488 (3392027) C rnd-1_family-43   DNA/Sola-1      (621)   2456    2371 4669 *
12122   20.4  0.7  0.3  contig_75_pilon    71487   73905 (3389610) C rnd-1_family-43   DNA/Sola-1      (621)   2456      30 4670  
22196    8.9  0.8  0.9  contig_75_pilon    75378   78633 (3384882) + rnd-1_family-41   LTR/Gypsy           1   3253  (3521) 4671  
  337   26.8  0.9  0.9  contig_75_pilon    79083   79195 (3384320) C rnd-1_family-83   Unknown        (2251)   3584    3472 4672  
  864   26.9  1.9  1.2  contig_75_pilon    81965   82288 (3381227) C rnd-1_family-83   Unknown        (3377)   2458    2133 4672  
 2046   28.8  8.6  1.9  contig_75_pilon    82318   83794 (3379721) C rnd-1_family-83   Unknown        (3788)   2047     473 4672  
 1131   30.6  0.0  0.0  contig_75_pilon    86399   86754 (3376761) C rnd-1_family-93   Unknown         (517)   7222    6867 4673  
  323   34.6  0.0  0.0  contig_75_pilon    87649   87781 (3375734) C ltr-1_family-6    LTR/Gypsy      (2887)  10515   10383 4674  
10711   26.3  1.5  0.5  contig_75_pilon    90375   93017 (3370498) C rnd-1_family-93   Unknown         (862)   6877    4209 4673  
 7316    4.3  0.3  0.9  contig_75_pilon    94413   95417 (3368098) + rnd-1_family-21   LTR/Gypsy           1    999  (8097) 4675  
 4502   11.1  1.5  2.0  contig_75_pilon    99851  100589 (3362926) + rnd-1_family-86   Unknown            42    776    (11) 4676  
 2759   23.6  1.4  5.4  contig_75_pilon   103142  104001 (3359514) C rnd-1_family-26   Unknown         (142)   4406    3580 4677  
  266   19.6  0.0  0.0  contig_75_pilon   106898  106948 (3356567) + rnd-1_family-66   Unknown             1     51   (668) 4678  
 6608    6.5  1.8  1.0  contig_75_pilon   108257  109213 (3354302) + rnd-1_family-44   Unknown           282   1245   (369) 4679  
10588   10.1  2.2  2.8  contig_75_pilon   111709  115154 (3348361) C rnd-1_family-44   Unknown           (0)   1916       1 4680  
 1607    5.5  0.9  0.0  contig_75_pilon   123298  123515 (3340000) C rnd-1_family-75   Unknown           (0)    220       1 4681  
 3827    4.8  0.7  0.0  contig_75_pilon   123516  123973 (3339542) C rnd-1_family-26   Unknown         (961)   3587    3127 4682  
21774   12.8  1.6  0.4  contig_75_pilon   123974  127199 (3336316) C ltr-1_family-6    LTR/Gypsy      (2001)  11401    8140 4683  
 2483    5.8  0.0  0.0  contig_75_pilon   127199  127491 (3336024) C rnd-1_family-26   Unknown        (1417)   3131    2839 4682 *
78689    4.1  0.3  0.4  contig_75_pilon   127492  136851 (3326664) + rnd-1_family-21   LTR/Gypsy           1   9096     (0) 4684  
  291   12.2  0.0  0.0  contig_75_pilon   136921  136961 (3326554) + ltr-1_family-6    LTR/Gypsy       13362  13402     (0) 4685 *
 5017    4.4  0.8  2.5  contig_75_pilon   136960  137661 (3325854) + rnd-1_family-21   LTR/Gypsy           1    691  (8405) 4686  
76997    2.8  0.6  0.1  contig_75_pilon   137682  147202 (3316313) + ltr-1_family-8    LTR/Gypsy           1   8600     (0) 4687  
 7771    2.5  2.5  0.0  contig_75_pilon   147203  148181 (3315334) + ltr-1_family-7    LTR/Unknown         1   1003     (0) 4688  
 2479    6.0  0.0  0.0  contig_75_pilon   148182  148496 (3315019) + rnd-1_family-21   LTR/Gypsy         687   1001  (8095) 4689 *
 8436    6.8  0.0  0.0  contig_75_pilon   148484  149490 (3314025) C rnd-1_family-26   Unknown        (1694)   2854    1848 4690 *
11180    4.9  0.0  1.1  contig_75_pilon   149489  150837 (3312678) C rnd-1_family-90   Unknown           (0)   2444    1111 4691  
 2547    2.1  0.0  0.0  contig_75_pilon   150847  151135 (3312380) + ltr-1_family-11   LTR/Unknown         1    289     (0) 4692  
12012    6.5  5.2  1.3  contig_75_pilon   151136  152856 (3310659) + ltr-1_family-12   LTR/Gypsy           1   1787  (5677) 4693  
11398    6.3  1.4  0.1  contig_75_pilon   152858  154275 (3309240) + ltr-1_family-15   LTR/Unknown         3   1439    (33) 4694  
30860    5.6  0.1  0.0  contig_75_pilon   154277  157981 (3305534) + rnd-1_family-15   DNA/MULE-F          1   3707     (0) 4695 *
31805    8.8  0.8  0.4  contig_75_pilon   154798  159443 (3304072) C rnd-1_family-67   Unknown          (18)   4530       1 4696  
  247   19.2  0.0  2.1  contig_75_pilon   161094  161141 (3302374) + rnd-1_family-6    Unknown           276    322  (1491) 4697  
  250   13.9  0.0  0.0  contig_75_pilon   161416  161451 (3302064) + rnd-1_family-6    Unknown           293    328  (1485) 4697  
37536   10.3  1.8  1.0  contig_75_pilon   161456  167053 (3296462) + rnd-1_family-47   LTR/Gypsy           1   5640     (0) 4698 *
48938    5.7  1.3  0.6  contig_75_pilon   164836  173678 (3289837) C rnd-1_family-41   LTR/Gypsy         (0)   6774       1 4699  
16221    2.0  0.2  0.1  contig_75_pilon   173677  175488 (3288027) + rnd-1_family-6    Unknown             1   1813     (0) 4700 *
  282   16.9  4.5  1.5  contig_75_pilon   175489  175554 (3287961) + rnd-1_family-46   Unknown          5050   5117  (2400) 4701 *
  449   10.4  0.0  0.0  contig_75_pilon   175496  175562 (3287953) + rnd-1_family-15   DNA/MULE-F          7     73  (3634) 4702  
33706    6.0  0.6  0.7  contig_75_pilon   175986  181075 (3282440) + rnd-1_family-61   Unknown             1   3998     (0) 4703  
  237   15.4  0.0  0.0  contig_75_pilon   181502  181540 (3281975) + rnd-1_family-24   Unknown           194    232  (4316) 4704  
38166    4.2  0.3  0.2  contig_75_pilon   182166  188970 (3274545) + rnd-1_family-24   Unknown             1   4548     (0) 4705  
17265   13.2  1.5  0.8  contig_75_pilon   188968  192802 (3270713) C rnd-1_family-35   Unknown         (872)   3126       1 4706 *
25879    6.6  0.6  0.5  contig_75_pilon   192954  196209 (3267306) C rnd-1_family-41   LTR/Gypsy      (3511)   3263       5 4707  
  225   26.3  1.0  1.0  contig_75_pilon   196266  196361 (3267154) C rnd-1_family-49   Unknown           (6)    137      42 4708  
  489   10.8  1.4  0.0  contig_75_pilon   197047  197059 (3266456) + rnd-1_family-55   Unknown          3574   3646     (5) 4709  
  507    1.7  0.0  0.0  contig_75_pilon   197060  197118 (3266397) C rnd-1_family-15   DNA/MULE-F     (3642)     65       7 4710  
  247    6.7  0.0  0.0  contig_75_pilon   197126  197155 (3266360) + ltr-1_family-15   LTR/Unknown      1430   1459    (13) 4711  
47737    3.8  0.4  0.3  contig_75_pilon   197174  202847 (3260668) + ltr-1_family-12   LTR/Gypsy        1784   7461     (3) 4712  
 2463    2.4  0.3  0.0  contig_75_pilon   202852  203139 (3260376) + ltr-1_family-11   LTR/Unknown         1    289     (0) 4713  
  844    3.7  0.0  0.0  contig_75_pilon   203135  203242 (3260273) + ltr-1_family-12   LTR/Gypsy        7344   7451    (13) 4714 *
 7451    3.4  0.0  0.0  contig_75_pilon   203239  204088 (3259427) C rnd-1_family-90   Unknown        (1324)   1120     271 4715 *
22134    1.4  0.1  0.2  contig_75_pilon   204085  206528 (3256987) + rnd-1_family-90   Unknown             1   2441     (3) 4716 *
79697    2.4  0.2  0.2  contig_75_pilon   205230  214219 (3249296) + rnd-1_family-59   LTR/Gypsy           1   8993     (0) 4717  
22030    1.6  0.1  0.3  contig_75_pilon   212900  215345 (3248170) + rnd-1_family-90   Unknown             4   2444     (0) 4718 *
 2398    3.6  0.0  0.0  contig_75_pilon   215344  215617 (3247898) C rnd-1_family-90   Unknown        (2170)    274       1 4715 *
19597    3.7  0.6  0.1  contig_75_pilon   215615  217869 (3245646) C rnd-1_family-31   Unknown           (0)   2265       1 4719  
 9353    7.4  0.2  0.1  contig_75_pilon   217871  219033 (3244482) C rnd-1_family-21   LTR/Gypsy      (4674)   4422    3259 4720  
19539    7.8  0.7  0.7  contig_75_pilon   219035  221627 (3241888) + rnd-1_family-21   LTR/Gypsy           1   2593  (6503) 4721  
 2462    7.8  2.7  0.9  contig_75_pilon   221612  221945 (3241570) C ltr-1_family-6    LTR/Gypsy      (1987)  11415   11076 4722 *
 1768   30.0  4.1  4.6  contig_75_pilon   222501  223461 (3240054) + rnd-1_family-46   Unknown          5442   6397  (1120) 4723 *
 1811   30.5  2.4  2.3  contig_75_pilon   222632  223464 (3240051) C rnd-1_family-67   Unknown         (124)   3952    3119 4724  
 2030   32.4  1.2  4.0  contig_75_pilon   223580  224585 (3238930) + rnd-1_family-46   Unknown          6537   7515     (2) 4723 *
 4096   28.7  1.3  1.5  contig_75_pilon   224167  225661 (3237854) C rnd-1_family-67   Unknown        (1627)   2449     958 4725  
  709   26.5  4.2  0.5  contig_75_pilon   226871  227082 (3236433) C rnd-1_family-24   Unknown        (2789)   1759    1540 4726  
 1219   31.2  5.6  4.7  contig_75_pilon   230887  231723 (3231792) C rnd-1_family-61   Unknown         (557)   3441    2598 4727  
  257   24.6  0.0  0.0  contig_75_pilon   231925  231989 (3231526) C rnd-1_family-61   Unknown        (1606)   2392    2328 4727  
  258   23.1  8.6  6.8  contig_75_pilon   232115  232230 (3231285) C rnd-1_family-61   Unknown        (1817)   2181    2064 4727  
  537   31.9  3.0  2.2  contig_75_pilon   233468  233832 (3229683) C rnd-1_family-35   Unknown         (848)   1784    1417 4728  
23671    7.5  0.2  0.1  contig_75_pilon   235661  238621 (3224894) C ltr-1_family-6    LTR/Gypsy      (2316)  11086    8125 4729  
 7314    7.5  0.2  0.1  contig_75_pilon   238605  239519 (3223996) + rnd-1_family-21   LTR/Gypsy        2588   3503  (5593) 4730 *
 6764    8.8  1.4  1.0  contig_75_pilon   239520  240514 (3223001) + rnd-1_family-21   LTR/Gypsy           1    999  (8097) 4731 *
39011    7.1  0.1  0.2  contig_75_pilon   240513  245378 (3218137) + rnd-1_family-21   LTR/Gypsy        3497   8358   (738) 4731  
 3077    7.9  0.4  2.3  contig_75_pilon   245379  245829 (3217686) C rnd-1_family-94   Unknown           (0)    443       1 4732  
  960    2.8  6.9  1.3  contig_75_pilon   246193  246337 (3217178) C rnd-1_family-57   Unknown           (1)   1043     891 4733  
 8586    1.4  0.0  0.4  contig_75_pilon   250696  251898 (3211617) C rnd-1_family-34   Unknown           (0)    964       1 4733  
 4619   14.7  0.3  0.1  contig_75_pilon   251900  252640 (3210875) + rnd-1_family-21   LTR/Gypsy        8355   9096     (0) 4731  
  253   33.1  0.0  3.3  contig_75_pilon   252668  252823 (3210692) + ltr-1_family-6    LTR/Gypsy       13071  13221   (181) 4734  
  284   10.0  0.0  0.0  contig_75_pilon   252977  253016 (3210499) + ltr-1_family-6    LTR/Gypsy       13363  13402     (0) 4734 *
 6137   10.3  1.9  1.4  contig_75_pilon   253015  254008 (3209507) + rnd-1_family-21   LTR/Gypsy           1    999  (8097) 4735 *
25423    7.5  0.5  0.4  contig_75_pilon   254008  257269 (3206246) C rnd-1_family-21   LTR/Gypsy      (5833)   3263       1 4736  
 4229   23.3  0.5  0.7  contig_75_pilon   257267  258142 (3205373) C rnd-1_family-93   Unknown        (5208)   2531    1658 4737 *
  262    3.2  0.0  0.0  contig_75_pilon   263511  263541 (3199974) + rnd-1_family-69   Unknown             2     32   (184) 4738 *
  632   13.6 23.1  1.9  contig_75_pilon   263515  263687 (3199828) C rnd-1_family-69   Unknown           (6)    210       2 4739  
  242   16.3  0.0  0.0  contig_75_pilon   263542  263548 (3199967) C rnd-2_family-108  Unknown           (1)    295     258 4740 *
  440   24.0  9.9  3.1  contig_75_pilon   273928  274138 (3189377) + rnd-2_family-247  Unknown            56    280   (948) 4741  
 1032   25.1  6.3  5.2  contig_75_pilon   274190  274585 (3188930) + rnd-2_family-247  Unknown           240    639   (589) 4742  
  659   12.1  1.0  0.0  contig_75_pilon   274634  274732 (3188783) C rnd-1_family-20   Unknown           (0)    160      61 4743  
21495    4.4  0.2  0.1  contig_75_pilon   278182  280698 (3182817) C rnd-1_family-55   Unknown           (0)   3653    1135 4744  
 1312   16.4  1.5  1.5  contig_75_pilon   280696  280961 (3182554) + rnd-1_family-70   Unknown             1    266     (0) 4745 *
 6387    2.0  0.0  0.0  contig_75_pilon   281857  282609 (3180906) + rnd-1_family-78   Unknown             1    753     (0) 4746  
  398   33.3  1.9  2.3  contig_75_pilon   283811  284203 (3179312) + rnd-1_family-21   LTR/Gypsy        1028   1197  (7403) 4747  
  276   22.7  0.0  0.0  contig_75_pilon   284594  284659 (3178856) + rnd-1_family-21   LTR/Gypsy        2632   2697  (6399) 4748  
  247   27.9  3.7  3.7  contig_75_pilon   285066  285173 (3178342) + rnd-1_family-21   LTR/Gypsy        2761   2868 (10534) 4747  
  757   29.6  4.7  4.2  contig_75_pilon   286014  286592 (3176923) + rnd-1_family-21   LTR/Gypsy        3512   4234  (4862) 4747  
 4776   28.4  2.3  2.4  contig_75_pilon   286978  289696 (3173819) + rnd-1_family-21   LTR/Gypsy        3817   7447  (1649) 4749  
 1221   18.8  1.9  1.1  contig_75_pilon   293541  293804 (3169711) + rnd-1_family-70   Unknown             1    266     (0) 4750  
 6377    2.1  0.0  0.0  contig_75_pilon   294701  295453 (3168062) + rnd-1_family-78   Unknown             1    753     (0) 4751  
 3171    3.6  0.0  0.0  contig_75_pilon   295452  295813 (3167702) C rnd-1_family-55   Unknown        (2508)   1145     784 4752 *
12324   18.6  1.1  2.3  contig_75_pilon   295814  298192 (3165323) + rnd-1_family-47   LTR/Gypsy           1   2352  (3288) 4753  
 5076   15.6  1.2  2.4  contig_75_pilon   298193  299209 (3164306) + rnd-1_family-21   LTR/Gypsy           1   1005  (8091) 4754 *
 5117   17.8  0.2  3.4  contig_75_pilon   299203  300122 (3163393) + rnd-1_family-47   LTR/Gypsy        2347   3238  (2402) 4753  
 9161    4.9  0.0  0.2  contig_75_pilon   300123  301209 (3162306) C rnd-1_family-24   Unknown         (594)   3954    2870 4755  
38427    4.3  0.4  0.1  contig_75_pilon   301210  308013 (3155502) C rnd-1_family-24   Unknown           (0)   4548       1 4756  
  237   15.4  0.0  0.0  contig_75_pilon   308641  308679 (3154836) C rnd-1_family-24   Unknown        (4316)    232     194 4757  
33681    5.6  0.8  0.7  contig_75_pilon   309105  314188 (3149327) C rnd-1_family-61   Unknown           (0)   3998       1 4758  
  244   26.5  1.9  2.9  contig_75_pilon   315142  315246 (3148269) C rnd-1_family-43   DNA/Sola-1      (275)   2802    2699 4759  
 2770   30.6  3.3  3.2  contig_75_pilon   315440  317453 (3146062) C rnd-1_family-43   DNA/Sola-1      (573)   2504     489 4759  
  292   17.2  1.4  1.5  contig_75_pilon   320683  320822 (3142693) + rnd-1_family-81   Unknown          2218   2349   (520) 4760  
  476   27.1  2.1  3.1  contig_75_pilon   321571  321897 (3141618) C rnd-3_family-9    Unknown         (218)    374      51 4761  
  317   33.7  3.3  2.0  contig_75_pilon   329108  329352 (3134163) C rnd-1_family-82   Unknown         (427)   4708    4461 4762  
  251   18.7  1.8  1.8  contig_75_pilon   330085  330149 (3133366) C rnd-1_family-64   Unknown        (3511)   2964    2909 4763  
  449   10.4  0.0  0.0  contig_75_pilon   335334  335400 (3128115) C rnd-1_family-15   DNA/MULE-F     (3634)     73       7 4764  
  286   17.9  4.4  1.4  contig_75_pilon   335342  335409 (3128106) C rnd-1_family-46   Unknown        (2400)   5117    5048 4765 *
 3811    6.3  0.4  0.0  contig_75_pilon   335408  335869 (3127646) C rnd-1_family-67   Unknown        (3264)    812     349 4766 *
 6332    8.1  0.4  0.1  contig_75_pilon   335856  336663 (3126852) + ltr-1_family-6    LTR/Gypsy        8140   8949  (4453) 4767  
  818    5.6  0.0  0.0  contig_75_pilon   336662  336768 (3126747) C ltr-1_family-12   LTR/Gypsy        (14)   7450    7344 4768 *
 2537    1.0  0.3  0.0  contig_75_pilon   336764  337051 (3126464) C ltr-1_family-11   LTR/Unknown       (0)    289       1 4769  
18869    8.9  0.2  0.1  contig_75_pilon   337059  339518 (3123997) + ltr-1_family-6    LTR/Gypsy        8939  11401  (2001) 4767  
19870    5.8  0.4  0.0  contig_75_pilon   339519  341944 (3121571) C rnd-1_family-24   Unknown        (2113)   2435       1 4770  
  259   14.7  5.1 13.7  contig_75_pilon   342672  342750 (3120765) C rnd-1_family-6    Unknown         (969)    844     772 4771  
 5990   11.5  0.2  0.1  contig_75_pilon   342907  343750 (3119765) C rnd-1_family-61   Unknown           (0)   3998    3154 4772  
 3658   13.4  2.7  0.2  contig_75_pilon   343751  344304 (3119211) C ltr-1_family-6    LTR/Gypsy      (2001)  11401   10834 4773  
30628    2.6  0.1  0.1  contig_75_pilon   344307  349272 (3114243) + rnd-1_family-26   Unknown             1   4548     (0) 4774  
  266   35.2  8.3  3.6  contig_75_pilon   352932  353379 (3110136) C rnd-1_family-61   Unknown         (906)   3092    2625 4775  
 3838   18.2  0.9  0.5  contig_75_pilon   353973  354729 (3108786) C rnd-1_family-72   Unknown           (6)    760       1 4776  
 5602    9.8  0.2  0.2  contig_75_pilon   355128  355914 (3107601) C rnd-1_family-86   Unknown           (0)    787       1 4777  
  280    8.5  0.0  0.0  contig_75_pilon   357798  357844 (3105671) C rnd-1_family-31   Unknown        (2211)     54       8 4778  
11501   14.6  0.5  0.2  contig_75_pilon   357850  359631 (3103884) C ltr-1_family-6    LTR/Gypsy      (2556)  10846    9060 4779  
24347    8.4  0.8  0.8  contig_75_pilon   359635  362887 (3100628) + rnd-1_family-41   LTR/Gypsy           1   3254  (3520) 4780  
 7004    8.7  0.4  0.2  contig_75_pilon   362892  363805 (3099710) C ltr-1_family-6    LTR/Gypsy      (4346)   9056    8141 4779 *
24287   10.3  0.7  0.6  contig_75_pilon   363805  368047 (3095468) C rnd-1_family-61   Unknown         (839)   3159       1 4781  
  449   11.1  1.4  0.0  contig_75_pilon   368730  368801 (3094714) + rnd-1_family-55   Unknown          3574   3646     (7) 4782  
  242   25.3  1.1  2.3  contig_75_pilon   368743  368831 (3094684) C rnd-1_family-46   Unknown        (2400)   5117    5030 4783 *
 5321   14.0  2.1  2.5  contig_75_pilon   370382  371384 (3092131) C rnd-1_family-21   LTR/Gypsy      (8097)    999       1 4784  
  275   18.6  0.0  0.0  contig_75_pilon   374323  374381 (3089134) C rnd-1_family-20   Unknown          (98)     62       4 4785  
  285   23.6  1.3 17.3  contig_75_pilon   374412  374565 (3088950) + rnd-2_family-247  Unknown           696    828   (400) 4786  
  225   26.2  1.2  0.0  contig_75_pilon   390999  391078 (3072437) + rnd-3_family-9    Unknown            32    112   (480) 4787  
  703   20.3  0.0  4.2  contig_75_pilon   391083  391257 (3072258) + rnd-3_family-9    Unknown           407    574    (18) 4787  
  998   13.0  0.0 13.8  contig_75_pilon   421798  422011 (3041504) C rnd-3_family-310  Unknown           (2)    550     363 4788  
  247   16.1  0.0  6.0  contig_75_pilon   422010  422062 (3041453) C rnd-3_family-310  Unknown         (154)    398     349 4789 *
  478   24.1  6.0  0.7  contig_75_pilon   424359  424492 (3039023) + rnd-2_family-11   Unknown            46    186    (45) 4790  
  745   22.5  2.5  8.1  contig_75_pilon   425687  425961 (3037554) C rnd-2_family-108  Unknown           (4)    297      37 4791  
  262   28.7  2.7  2.7  contig_75_pilon   429795  429905 (3033610) + rnd-2_family-26   Unknown           160    270    (55) 4792  
  315   14.1  1.5  1.5  contig_75_pilon   440910  441039 (3022476) C rnd-1_family-81   Unknown         (522)   2347    2218 4793  
  251   17.3  0.0  0.0  contig_75_pilon   443628  443679 (3019836) C rnd-1_family-81   Unknown         (556)   2313    2262 4794  
  269   12.1 10.1  0.0  contig_75_pilon   456242  456340 (3007175) + rnd-1_family-81   Unknown          2210   2318   (551) 4795  
  613   13.2  0.9  0.0  contig_75_pilon   458349  458454 (3005061) C ltr-1_family-12   LTR/Gypsy        (13)   7451    7345 4796 *
 1326   19.9  1.0  2.1  contig_75_pilon   458451  458742 (3004773) C ltr-1_family-11   LTR/Unknown       (0)    289       1 4797  
  750   37.7  4.5  2.2  contig_75_pilon   459475  460126 (3003389) C rnd-1_family-26   Unknown        (2113)   2435    1770 4798  
  280   28.9  7.7  1.4  contig_75_pilon   463655  463784 (2999731) + rnd-2_family-26   Unknown            64    201   (124) 4799  
  785   16.6  0.6  1.8  contig_75_pilon   463873  464038 (2999477) + rnd-2_family-399  Unknown            51    214    (18) 4800  
  394   15.7  9.0  0.0  contig_75_pilon   464048  464136 (2999379) C rnd-2_family-26   Unknown         (111)    214     118 4801  
  352   25.5  9.1  6.4  contig_75_pilon   464316  464512 (2999003) C rnd-1_family-44   Unknown         (382)   1232    1031 4802 *
 1528   22.4  5.8  1.7  contig_75_pilon   464341  464789 (2998726) + rnd-1_family-66   Unknown             1    467   (252) 4803  
  729   26.9  3.1  5.6  contig_75_pilon   464815  465196 (2998319) C rnd-2_family-270  Unknown          (63)    716     344 4804  
 1537   11.9  0.9  1.3  contig_75_pilon   465337  465565 (2997950) + rnd-1_family-17   Unknown             1    228     (1) 4805  
 1572   11.2  0.9  0.0  contig_75_pilon   465937  466159 (2997356) C rnd-1_family-17   Unknown           (4)    225       1 4806  
  658   29.9  6.3  2.2  contig_75_pilon   466632  467121 (2996394) + rnd-1_family-66   Unknown            68    545   (174) 4807 *
  790   24.7  7.7  3.9  contig_75_pilon   466887  467276 (2996239) C rnd-2_family-195  Unknown        (7410)    661     248 4808  
  695   24.5 14.2  0.4  contig_75_pilon   469447  469651 (2993864) C rnd-1_family-97   Unknown        (1343)   3276    3044 4809  
  866   24.2  0.5  0.5  contig_75_pilon   469725  469919 (2993596) C rnd-2_family-194  Unknown          (15)    201       7 4810  
  953   24.7  5.7  2.1  contig_75_pilon   476616  477070 (2986445) + rnd-2_family-270  Unknown           308    778     (1) 4811  
  829   21.4  2.8  1.7  contig_75_pilon   477018  477355 (2986160) C rnd-1_family-49   Unknown         (207)    512       1 4812 *
  623   31.6  0.4  1.3  contig_75_pilon   477708  477941 (2985574) + rnd-1_family-66   Unknown           136    367   (352) 4813  
  480   29.6  4.1  6.8  contig_75_pilon   477840  478230 (2985285) C rnd-2_family-272  Unknown        (7387)    684     304 4814 *
  535   25.4  1.1  2.8  contig_75_pilon   478059  478240 (2985275) + rnd-2_family-50   Unknown            10    188   (308) 4815  
  349   20.6  2.2  0.0  contig_75_pilon   478255  478346 (2985169) + rnd-2_family-50   Unknown           301    394   (102) 4815  
  827   21.6  0.0  0.6  contig_75_pilon   490463  490639 (2972876) + rnd-2_family-247  Unknown            67    242   (986) 4816  
  309   18.7  4.5  3.0  contig_75_pilon   490704  490769 (2972746) + rnd-2_family-247  Unknown           204    270   (958) 4817  
  309   18.7  4.5  3.0  contig_75_pilon   492852  492917 (2970598) C rnd-2_family-247  Unknown         (958)    270     204 4818  
  818   22.2  0.0  0.6  contig_75_pilon   492982  493158 (2970357) C rnd-2_family-247  Unknown         (986)    242      67 4819  
  465   24.8  3.7  0.7  contig_75_pilon   501658  501791 (2961724) C rnd-2_family-26   Unknown          (68)    257     120 4820  
  268   22.7 10.7  5.7  contig_75_pilon   501789  501872 (2961643) C rnd-3_family-331  Unknown           (1)     96       9 4821 *
  860   23.3  4.4  6.1  contig_75_pilon   502024  502339 (2961176) C rnd-2_family-323  Unknown          (43)    336      26 4822  
  502   17.1  4.8  0.0  contig_75_pilon   506427  506531 (2956984) + rnd-2_family-26   Unknown           124    233    (92) 4823 *
 2036   22.0  5.5  4.7  contig_75_pilon   506524  507335 (2956180) C ltr-1_family-12   LTR/Gypsy      (6543)    921       1 4824  
  247   14.3  0.0  0.0  contig_75_pilon   507366  507407 (2956108) C ltr-1_family-11   LTR/Unknown     (247)     42       1 4825  
  475   20.7  8.3  5.2  contig_75_pilon   513314  513481 (2950034) + rnd-2_family-26   Unknown            72    244    (81) 4826  
  275   11.7 14.1  3.9  contig_75_pilon   516617  516687 (2946828) + rnd-2_family-19   Unknown            23    100   (144) 4827  
  454   24.5  3.0  2.4  contig_75_pilon   522582  522748 (2940767) C rnd-2_family-399  Unknown           (3)    229      62 4828  
  449   28.9  0.7  0.0  contig_75_pilon   532846  532997 (2930518) + rnd-3_family-57   Unknown           604    756   (501) 4829  
  880   26.5  7.7  0.6  contig_75_pilon   533043  533368 (2930147) + rnd-3_family-57   Unknown           753   1101   (156) 4829  
  255   22.3  7.2 11.2  contig_75_pilon   533884  533994 (2929521) + rnd-3_family-57   Unknown          1149   1255     (2) 4829  
 1571   14.0  8.9  0.7  contig_75_pilon   535099  535357 (2928158) + rnd-1_family-2    Unknown             2    281     (0) 4830  
  363   21.3  2.1  1.0  contig_75_pilon   539920  540014 (2923501) C rnd-2_family-272  Unknown        (4663)   3408    3313 4831  
  431   26.1  2.9  1.4  contig_75_pilon   572021  572160 (2891355) + rnd-2_family-26   Unknown           127    268    (57) 4832  
 1787   14.3  0.3  1.1  contig_75_pilon   572178  572460 (2891055) + rnd-1_family-2    Unknown             1    281     (0) 4833  
 1036   18.0  5.4  0.8  contig_75_pilon   572481  572704 (2890811) + ltr-1_family-3    LTR/Unknown        21    254     (0) 4834  
  233   15.4  0.0  0.0  contig_75_pilon   597433  597471 (2866044) + rnd-2_family-272  Unknown          3321   3359  (4712) 4835  
  577   25.6  0.8  0.0  contig_75_pilon   599245  599361 (2864154) + rnd-2_family-149  Unknown            10    127   (685) 4836 *
 1448   19.1  2.9  8.1  contig_75_pilon   599359  599774 (2863741) + rnd-2_family-149  Unknown           352    747    (65) 4836  
  873   29.4  6.3  1.4  contig_75_pilon   601057  601518 (2861997) C rnd-1_family-66   Unknown         (208)    511      28 4837  
 2830   12.1  3.8  0.0  contig_75_pilon   601696  602093 (2861422) + rnd-1_family-8    Unknown             2    414     (2) 4838  
  303   24.7  4.3  0.0  contig_75_pilon   619855  619947 (2843568) C rnd-1_family-5    Unknown         (623)    414     318 4839  
  402   22.0 10.0  0.0  contig_75_pilon   620377  620476 (2843039) C rnd-1_family-20   Unknown           (0)    160      51 4840  
 1244   24.3  3.3  2.0  contig_75_pilon   635510  635899 (2827616) C rnd-2_family-110  Unknown         (412)    395       1 4841  
  309   35.4  2.1  0.7  contig_75_pilon   637637  637781 (2825734) C ltr-1_family-17   LTR/Gypsy       (986)   4239    4093 4842  
  319   20.7  1.0  5.4  contig_75_pilon   640023  640119 (2823396) + rnd-2_family-26   Unknown           166    258    (67) 4843  
  844   22.6  1.9  1.4  contig_75_pilon   640697  640911 (2822604) + rnd-1_family-97   Unknown          3062   3277  (1342) 4844  
 2606   15.9  0.7  1.1  contig_75_pilon   644650  645107 (2818408) C rnd-1_family-52   Unknown           (2)    456       1 4845  
  425   22.6  2.4  0.0  contig_75_pilon   663516  663599 (2799916) + rnd-1_family-97   Unknown          3192   3277  (1342) 4846  
  277   28.2  1.4  0.0  contig_75_pilon   669262  669332 (2794183) C rnd-2_family-26   Unknown          (39)    286     215 4847  
  265   17.3  0.0 14.0  contig_75_pilon   681750  681863 (2781652) C rnd-3_family-9    Unknown         (442)    150      51 4848  
  376   31.0  3.2  1.2  contig_75_pilon   688809  688965 (2774550) C rnd-1_family-5    Unknown         (641)    396     237 4849  
  240    9.1  0.0  0.0  contig_75_pilon   689441  689473 (2774042) + rnd-2_family-19   Unknown            94    126   (118) 4850  
  559   21.1  1.8  0.0  contig_75_pilon   691137  691245 (2772270) C rnd-3_family-310  Unknown           (1)    551     441 4851  
  281   33.8  0.8  0.8  contig_75_pilon   692100  692233 (2771282) + ltr-1_family-17   LTR/Gypsy        2842   2975  (2250) 4852  
  267   23.0  0.0  0.0  contig_75_pilon   692590  692663 (2770852) C rnd-1_family-81   Unknown         (537)   2332    2259 4853  
  912   20.3  3.9  4.8  contig_75_pilon   694787  695019 (2768496) + rnd-2_family-11   Unknown             1    231     (0) 4854  
  351   21.4  7.9  1.6  contig_75_pilon   702753  702866 (2760649) C rnd-2_family-19   Unknown           (6)    238     118 4855  
  315   23.4  3.9  4.7  contig_75_pilon   702890  703019 (2760496) C rnd-2_family-19   Unknown         (115)    129       1 4855  
  244   23.4 12.2  7.2  contig_75_pilon   714421  714673 (2748842) C rnd-2_family-26   Unknown          (40)    285      21 4856  
  684   13.7  0.0  3.4  contig_75_pilon   716349  716469 (2747046) C rnd-2_family-48   Unknown          (69)    159      43 4857  
  542   22.9  8.8  3.7  contig_75_pilon   718176  718591 (2744924) + rnd-1_family-3    Unknown            15    530   (189) 4858 *
  711   23.1  5.5 10.5  contig_75_pilon   718483  718792 (2744723) C rnd-2_family-195  Unknown          (15)    537     242 4859  
  351   27.4  5.7  6.1  contig_75_pilon   718807  719035 (2744480) C rnd-1_family-96   Unknown        (1725)    992     765 4860  
  403   13.9  2.2 15.7  contig_75_pilon   719041  719177 (2744338) C rnd-2_family-195  Unknown         (311)    241     121 4859  
  906   21.1 13.3  1.4  contig_75_pilon   753548  753922 (2709593) + rnd-2_family-153  Unknown            68    486   (263) 4861  
  432   16.9  0.0  3.9  contig_75_pilon   753982  754118 (2709397) + rnd-2_family-153  Unknown           454    627   (122) 4862  
  430   24.1  1.9  0.0  contig_75_pilon   755908  756015 (2707500) C rnd-2_family-26   Unknown          (51)    274     165 4863  
 1051   18.2  0.4  5.7  contig_75_pilon   756293  756531 (2706984) C rnd-2_family-48   Unknown           (1)    227       1 4864  
  739   20.8  4.9  3.4  contig_75_pilon   779851  780054 (2683461) + rnd-1_family-97   Unknown          3061   3267  (1352) 4865  
 1171   27.8  3.0  0.6  contig_75_pilon   784026  784361 (2679154) C rnd-1_family-93   Unknown        (7123)    616     273 4866  
  333   29.1  0.8  2.3  contig_75_pilon   784578  784707 (2678808) C rnd-1_family-93   Unknown        (7611)    128       1 4866  
 4104    6.0  0.4  0.0  contig_75_pilon   787931  788434 (2675081) C rnd-1_family-58   Unknown           (0)    506       1 4867  
 1474   11.3  0.0  0.0  contig_75_pilon   791562  791765 (2671750) + rnd-1_family-8    Unknown             4    207   (209) 4868  
 2789    6.1  0.8  0.5  contig_75_pilon   791769  792147 (2671368) + rnd-1_family-40   Unknown             3    382     (0) 4869  
 3169    7.3  0.2  0.0  contig_75_pilon   792997  793404 (2670111) C rnd-1_family-74   Unknown           (1)    409       1 4870  
 1595   10.3  0.5  0.5  contig_75_pilon   793404  793617 (2669898) + rnd-1_family-8    Unknown           203    416     (0) 4868 *
  226   17.4  2.2  0.0  contig_75_pilon   794002  794047 (2669468) C rnd-2_family-26   Unknown          (71)    254     208 4871  
  280   32.8  4.1  0.0  contig_75_pilon   794063  794184 (2669331) + rnd-1_family-5    Unknown           236    362   (675) 4872  
  533   28.2  3.2  0.0  contig_75_pilon   794224  794379 (2669136) C rnd-1_family-5    Unknown         (635)    402     242 4873  
  377   22.3 10.6  0.0  contig_75_pilon   795887  795980 (2667535) + rnd-1_family-97   Unknown          3168   3271  (1348) 4874  
  556   27.8  0.8  0.0  contig_75_pilon   807882  808007 (2655508) + rnd-3_family-189  Unknown             1    127   (269) 4875  
  639   19.8 11.8  0.0  contig_75_pilon   809152  809338 (2654177) C rnd-2_family-436  Unknown           (0)    211       3 4876  
  545   20.5  0.8  0.8  contig_75_pilon   810096  810218 (2653297) C rnd-2_family-436  Unknown          (88)    123       1 4877  
 3167   10.1  0.7  9.0  contig_75_pilon   811759  812301 (2651214) + rnd-1_family-58   Unknown             4    505     (1) 4878  
 1542   10.3  0.0  2.3  contig_75_pilon   812300  812518 (2650997) C rnd-1_family-11   Unknown          (19)    381     168 4879 *
  320   31.7  4.0  1.3  contig_75_pilon   812601  812750 (2650765) + rnd-1_family-5    Unknown           237    390   (647) 4880  
 1661   25.7  6.2  0.4  contig_75_pilon   813292  813775 (2649740) C rnd-3_family-57   Unknown           (3)   1254     743 4881  
  806   26.6  0.0  2.3  contig_75_pilon   813816  814034 (2649481) C rnd-3_family-57   Unknown         (506)    751     538 4881  
  535   22.8  9.3  0.9  contig_75_pilon   822923  823126 (2640389) + rnd-2_family-108  Unknown            70    290    (11) 4882  
  594   19.8  0.0  0.0  contig_75_pilon   830268  830368 (2633147) + rnd-2_family-323  Unknown            18    118   (261) 4883  
 1024   19.5  0.0  0.0  contig_75_pilon   830532  830721 (2632794) C rnd-1_family-97   Unknown        (1368)   3251    3062 4884  
 1001   16.4  8.3  1.3  contig_75_pilon   832245  832460 (2631055) + rnd-2_family-11   Unknown             1    231     (0) 4885  
  249   26.1  0.0  0.0  contig_75_pilon   841284  841348 (2622167) C rnd-2_family-399  Unknown           (2)    230     166 4886  
  692   22.3  4.7  2.8  contig_75_pilon   843717  843928 (2619587) + rnd-2_family-26   Unknown            60    275    (50) 4887  
 1049   18.3  2.3  0.9  contig_75_pilon   843971  844185 (2619330) + rnd-3_family-310  Unknown           334    551     (1) 4888  
 1283   17.6  1.3  0.0  contig_75_pilon   844625  844851 (2618664) C rnd-1_family-97   Unknown        (1343)   3276    3047 4889  
  947   22.6  2.2  0.0  contig_75_pilon   845428  845653 (2617862) + rnd-2_family-11   Unknown             1    231     (0) 4890  
  657   19.2  1.4  1.4  contig_75_pilon   846533  846680 (2616835) C rnd-3_family-310  Unknown          (19)    533     386 4891 *
 1427   14.0  0.5  0.9  contig_75_pilon   846680  846903 (2616612) C rnd-1_family-17   Unknown           (4)    225       3 4892  
  351   23.0  0.0  3.5  contig_75_pilon   846901  846990 (2616525) C rnd-3_family-310  Unknown         (167)    385     299 4891 *
  789   25.7  4.1  2.0  contig_75_pilon   849252  849541 (2613974) + rnd-2_family-270  Unknown           313    608   (171) 4893  
  615   20.2  5.1  0.2  contig_75_pilon   849612  849795 (2613720) C rnd-1_family-66   Unknown         (366)    353       1 4894  
  548   22.5  5.7  1.1  contig_75_pilon   849831  850005 (2613510) C rnd-2_family-11   Unknown          (48)    183       1 4895  
  617   26.8  3.6  6.5  contig_75_pilon   851424  851643 (2611872) C rnd-2_family-11   Unknown           (7)    224      11 4896  
 1483   13.6  0.0  0.5  contig_75_pilon   852237  852458 (2611057) + rnd-1_family-17   Unknown             5    225     (4) 4897  
  849   24.8  1.4  2.3  contig_75_pilon   854567  854789 (2608726) + rnd-3_family-310  Unknown           323    543     (9) 4898  
  531   23.3  1.5  1.5  contig_75_pilon   855207  855341 (2608174) + rnd-2_family-26   Unknown            28    162   (163) 4899  
  636   18.3  7.0  0.0  contig_75_pilon   855926  856067 (2607448) C rnd-2_family-26   Unknown          (43)    282     131 4900  
  464   20.6  2.2  0.0  contig_75_pilon   856079  856170 (2607345) C rnd-3_family-331  Unknown           (3)     94       1 4901  
  369   30.9  6.1  4.7  contig_75_pilon   862658  862970 (2600545) + rnd-1_family-66   Unknown           146    462   (257) 4902 *
  404   29.4  4.4  7.6  contig_75_pilon   862802  863209 (2600306) C rnd-2_family-272  Unknown        (7401)    670     275 4903 *
  803   25.5  5.9  1.8  contig_75_pilon   863001  863375 (2600140) + rnd-2_family-50   Unknown             1    390   (106) 4904  
  451   22.9  0.9  0.0  contig_75_pilon   863416  863524 (2599991) C rnd-2_family-194  Unknown           (1)    215     106 4905  
  779   22.3  2.8  3.2  contig_75_pilon   863930  864147 (2599368) + rnd-1_family-97   Unknown          3059   3275  (1344) 4906  
 1215   22.3  6.8  6.0  contig_75_pilon   865416  865830 (2597685) C rnd-2_family-149  Unknown          (42)    770     353 4907  
  913   23.4  1.6  0.0  contig_75_pilon   865842  866033 (2597482) C rnd-2_family-149  Unknown         (601)    211      17 4907  
  282   27.3 12.5  6.2  contig_75_pilon   866569  866736 (2596779) C rnd-1_family-96   Unknown        (1742)    975     798 4908  
  385   25.8 11.2  3.0  contig_75_pilon   872098  872249 (2591266) C rnd-1_family-97   Unknown        (1408)   3211    3048 4909  
 3221    8.5  0.0  3.4  contig_75_pilon   879262  879688 (2583827) C rnd-1_family-8    Unknown           (0)    416       4 4910  
  271   23.4  0.0  1.6  contig_75_pilon   879721  879785 (2583730) C rnd-2_family-430  Unknown          (44)   1770    1707 4911  
  268   17.9  1.5  1.5  contig_75_pilon   881640  881707 (2581808) C rnd-1_family-81   Unknown         (555)   2314    2247 4912  
  514   23.3  2.9 22.8  contig_75_pilon   884454  884725 (2578790) C rnd-2_family-26   Unknown          (75)    250      23 4913  
  559   18.3 18.1  5.5  contig_75_pilon   886904  887129 (2576386) + rnd-2_family-26   Unknown            20    272    (53) 4914  
  762   17.7  0.7  0.7  contig_75_pilon   908732  908879 (2554636) C rnd-2_family-194  Unknown          (68)    148       1 4915  
  529   18.2  6.0  1.1  contig_75_pilon   928347  928513 (2535002) C rnd-2_family-50   Unknown         (193)    303     129 4916  
  267   23.8  1.9  6.8  contig_75_pilon   928564  928671 (2534844) C rnd-2_family-50   Unknown         (370)    126      24 4916  
  646   12.0  1.0  0.0  contig_75_pilon   931300  931399 (2532116) + rnd-1_family-2    Unknown             1    101   (180) 4917 *
 1434   14.1  0.4  1.3  contig_75_pilon   931393  931622 (2531893) + rnd-1_family-17   Unknown             1    228     (1) 4918  
  724   19.5 12.0  2.0  contig_75_pilon   931616  931798 (2531717) + rnd-1_family-2    Unknown            81    281     (0) 4917 *
  980   21.8  2.2  0.9  contig_75_pilon   941602  941828 (2521687) C rnd-1_family-97   Unknown        (1342)   3277    3048 4919  
 1948   20.2  2.4  2.8  contig_75_pilon   943708  944247 (2519268) C rnd-3_family-9    Unknown          (13)    579      42 4920  
 4365    9.1  0.3  6.6  contig_75_pilon   944766  945507 (2518008) + rnd-1_family-33   Unknown             1    698   (159) 4921  
  624   27.5  4.6  3.3  contig_75_pilon   945773  946253 (2517262) + rnd-2_family-272  Unknown           812   1298  (6773) 4922  
  425   29.1  3.4  0.7  contig_75_pilon   946254  946402 (2517113) C rnd-1_family-5    Unknown         (648)    389     237 4923  
  482   20.2 10.5  0.0  contig_75_pilon   949621  949744 (2513771) + ltr-1_family-9    LTR/Unknown         1    137   (356) 4924  
 1348   22.2  1.1  0.4  contig_75_pilon   950099  950374 (2513141) + ltr-1_family-9    LTR/Unknown       123    493     (0) 4924  
10436   19.6  1.1  0.8  contig_75_pilon   950376  952722 (2510793) + ltr-1_family-10   LTR/Gypsy           2   2436  (3132) 4925 *
13527   18.6  2.9  0.4  contig_75_pilon   952719  955105 (2508410) + ltr-1_family-10   LTR/Gypsy        3119   5564     (4) 4925  
 1424   21.6  2.2  0.3  contig_75_pilon   955106  955470 (2508045) + ltr-1_family-9    LTR/Unknown        29    493     (0) 4926  
  277   25.0  1.1  2.2  contig_75_pilon   956247  956336 (2507179) C rnd-2_family-270  Unknown         (372)    407     319 4927  
  522   21.4 19.5  0.0  contig_75_pilon   956724  956877 (2506638) C rnd-2_family-436  Unknown           (1)    210      27 4928  
  343   21.7 14.4  4.4  contig_75_pilon   957905  958092 (2505423) C rnd-2_family-399  Unknown          (15)    217      12 4929  
  791   30.9  0.5  2.1  contig_75_pilon   958505  958699 (2504816) + rnd-3_family-189  Unknown             4    195   (201) 4930  
 1445   15.1  0.0 12.2  contig_75_pilon   958725  959019 (2504496) C ltr-1_family-33   LTR/Unknown       (0)    265       3 4931  
  930   28.8  4.2  1.2  contig_75_pilon   959010  959248 (2504267) + rnd-3_family-189  Unknown           150    395     (1) 4932 *
 2518   20.6  1.9  1.8  contig_75_pilon   959264  959835 (2503680) C rnd-2_family-247  Unknown           (5)   1223     651 4933  
 1564   20.8  0.6 10.7  contig_75_pilon   959896  960379 (2503136) C rnd-2_family-247  Unknown         (581)    647     208 4933  
  895   20.1  5.5  1.9  contig_75_pilon   960367  960619 (2502896) C rnd-2_family-247  Unknown         (946)    282      21 4934 *
  580   23.9  1.5  0.7  contig_75_pilon   962007  962141 (2501374) C rnd-2_family-80   Unknown           (4)    136       1 4935  
  840   27.4  0.0  0.9  contig_75_pilon   962179  962395 (2501120) + rnd-1_family-97   Unknown          3063   3277  (1342) 4936  
 1665   10.0  0.4  0.0  contig_75_pilon   971314  971542 (2491973) + rnd-1_family-48   Unknown             1    230     (2) 4937  
 1790   21.0  4.7  3.0  contig_75_pilon   971685  972170 (2491345) C rnd-2_family-149  Unknown          (33)    779     286 4938  
  605   26.6  0.7  0.0  contig_75_pilon   972217  972359 (2491156) C rnd-2_family-149  Unknown         (640)    172      29 4938  
  988   26.1  4.3  1.0  contig_75_pilon   972652  973042 (2490473) + rnd-2_family-270  Unknown           313    716    (63) 4939  
  336   25.9  5.9  0.0  contig_75_pilon   973105  973252 (2490263) C rnd-1_family-49   Unknown           (0)    143      31 4940  
  305   23.9  1.1  0.0  contig_75_pilon   973320  973411 (2490104) C rnd-1_family-3    Unknown          (16)    101       9 4941  
  360   17.8 20.1  8.3  contig_75_pilon   974713  974896 (2488619) + rnd-2_family-323  Unknown             1    204   (175) 4942  
  752   25.7  5.0  5.4  contig_75_pilon   974907  975243 (2488272) C rnd-2_family-323  Unknown          (43)    336       1 4943  
  228   28.8 13.3  3.8  contig_75_pilon   977024  977218 (2486297) + rnd-2_family-26   Unknown            39    251    (74) 4944  
  234   28.0  6.3  8.3  contig_75_pilon   978176  978397 (2485118) C rnd-1_family-25   Unknown        (1554)    362     145 4945 *
  926   27.1  1.5  2.5  contig_75_pilon   978201  978607 (2484908) + rnd-1_family-66   Unknown             1    375   (344) 4946  
  453   28.2  3.0 11.9  contig_75_pilon   978670  979136 (2484379) C rnd-2_family-270  Unknown          (34)    745     316 4947  
 1422   10.7  0.9  4.0  contig_75_pilon   979237  979469 (2484046) + rnd-1_family-17   Unknown             1    226     (3) 4948  
  246   30.5  7.1  5.7  contig_75_pilon   980211  980436 (2483079) + rnd-1_family-66   Unknown           147    375   (344) 4946  
  603   16.7  0.7 13.3  contig_75_pilon   981675  981826 (2481689) + rnd-2_family-80   Unknown             1    135     (5) 4949  
  792   28.0  0.0  0.9  contig_75_pilon   981830  982042 (2481473) C rnd-1_family-97   Unknown        (1346)   3273    3063 4950  
 1164   23.3  2.5  6.5  contig_75_pilon   982079  982431 (2481084) C rnd-2_family-323  Unknown          (24)    355      16 4951  
 2719    8.2  1.5  1.0  contig_75_pilon   987249  987656 (2475859) + rnd-1_family-74   Unknown             1    410     (0) 4952  
  400   23.8  7.1  0.7  contig_75_pilon   989850  989976 (2473539) + rnd-1_family-94   Unknown           309    443     (0) 4953  
  545   21.4  8.0  5.2  contig_75_pilon   993078  993264 (2470251) + rnd-2_family-247  Unknown            63    254   (974) 4954  
 1545   21.2  0.7  5.0  contig_75_pilon   993340  993760 (2469755) + rnd-2_family-247  Unknown           249    652   (576) 4954  
 2323   21.7  3.5  1.7  contig_75_pilon   993816  994379 (2469136) + rnd-2_family-247  Unknown           651   1224     (4) 4954  
  552   27.3  2.5  0.0  contig_75_pilon  1000404 1000564 (2462951) C rnd-1_family-5    Unknown         (636)    401     237 4955  
  772   21.3  0.0  3.9  contig_75_pilon  1003692 1003877 (2459638) C rnd-2_family-153  Unknown         (151)    598     420 4956  
  341   35.0  4.7  4.0  contig_75_pilon  1004434 1004883 (2458632) C ltr-1_family-6    LTR/Gypsy      (6757)   6645    6193 4957  
  418   32.4  3.9  2.5  contig_75_pilon  1005301 1005534 (2457981) + rnd-1_family-47   LTR/Gypsy        4720   4956   (684) 4958  
  343   18.3  0.0  0.0  contig_75_pilon  1006112 1006171 (2457344) C ltr-1_family-6    LTR/Gypsy      (8511)   4891    4832 4959  
 1562   16.5  0.0  0.4  contig_75_pilon  1007596 1007851 (2455664) C rnd-1_family-36   Unknown           (0)    255       1 4960  
 1245   21.5  2.7 13.6  contig_75_pilon  1011224 1011880 (2451635) C rnd-2_family-153  Unknown         (155)    594       1 4961  
  739   27.6  4.7  2.9  contig_75_pilon  1015321 1015555 (2447960) + rnd-1_family-97   Unknown          3049   3287  (1332) 4962  
  316   26.0  0.0  1.9  contig_75_pilon  1016065 1016170 (2447345) + rnd-1_family-3    Unknown             1    104    (13) 4963 *
  347   23.9  6.0  1.4  contig_75_pilon  1016169 1016359 (2447156) + rnd-1_family-49   Unknown            63    143     (0) 4964  
  324   30.1  0.6  3.2  contig_75_pilon  1016384 1016541 (2446974) C rnd-2_family-195  Unknown         (218)    334     181 4965  
  386   24.7  1.2  0.0  contig_75_pilon  1016561 1016641 (2446874) + rnd-3_family-331  Unknown             1     82    (15) 4966  
  582   20.0  3.9  0.0  contig_75_pilon  1016682 1016811 (2446704) + rnd-2_family-26   Unknown           140    274    (51) 4967  
  518   14.7  3.2  0.0  contig_75_pilon  1023103 1023197 (2440318) + rnd-2_family-430  Unknown          1678   1775    (39) 4968  
 2297    4.5  0.3  0.7  contig_75_pilon  1023980 1024269 (2439246) + ltr-1_family-11   LTR/Unknown         1    289     (0) 4969  
  716   10.3  0.9  0.0  contig_75_pilon  1024265 1024371 (2439144) + ltr-1_family-12   LTR/Gypsy        7344   7451    (13) 4970 *
  971   22.1  0.0  1.0  contig_75_pilon  1024770 1024979 (2438536) + rnd-2_family-194  Unknown             8    215     (1) 4971  
  495   21.0  5.7  1.4  contig_75_pilon  1026491 1026630 (2436885) C rnd-2_family-26   Unknown          (53)    272     127 4972  
  396   16.7 14.3  0.0  contig_75_pilon  1026634 1026717 (2436798) C rnd-3_family-331  Unknown           (0)     97       2 4973  
  268   21.6  5.5  3.2  contig_75_pilon  1028355 1028445 (2435070) C rnd-2_family-19   Unknown         (151)     93       1 4974  
  567   14.2  1.7  2.6  contig_75_pilon  1031132 1031247 (2432268) + rnd-2_family-399  Unknown            51    165    (67) 4975  
  255   22.2  1.6  0.0  contig_75_pilon  1031388 1031450 (2432065) + rnd-2_family-399  Unknown           165    228     (4) 4975  
 2908   13.9  4.7  0.6  contig_75_pilon  1031455 1031924 (2431591) C rnd-1_family-58   Unknown           (1)    505      17 4976  
 1499   12.2  0.5  0.5  contig_75_pilon  1033034 1033255 (2430260) + rnd-1_family-17   Unknown             5    226     (3) 4977  
  472   19.8  3.3  3.3  contig_75_pilon  1039501 1039620 (2423895) + rnd-2_family-26   Unknown           153    272    (53) 4978  
  824   27.0  6.0  0.4  contig_75_pilon  1039706 1039954 (2423561) + rnd-2_family-26   Unknown            24    286    (39) 4979  
  485   27.1  7.4  6.1  contig_75_pilon  1040352 1040595 (2422920) + rnd-2_family-26   Unknown            26    272    (53) 4980  
 3168    9.5  0.0  0.0  contig_75_pilon  1042083 1042481 (2421034) C rnd-1_family-11   Unknown           (0)    400       2 4981  
  472   18.8  1.0  1.0  contig_75_pilon  1042745 1042841 (2420674) + rnd-3_family-331  Unknown             1     97     (0) 4982  
  380   28.6  3.5  4.1  contig_75_pilon  1042915 1043111 (2420404) C rnd-1_family-66   Unknown         (523)    196       1 4983  
  263   27.4  3.6  2.1  contig_75_pilon  1043719 1043856 (2419659) + rnd-3_family-399  Unknown           405    544   (399) 4984  
  629   14.6  2.4  7.8  contig_75_pilon  1047367 1047558 (2415957) C rnd-1_family-17   Unknown           (3)    226       1 4985  
  414   17.3 20.0  0.0  contig_75_pilon  1047923 1048032 (2415483) C rnd-2_family-436  Unknown          (24)    187      56 4986  
 1067   20.3  2.4  3.1  contig_75_pilon  1049135 1049429 (2414086) C rnd-2_family-190  Unknown         (128)    319      27 4987  
 2112   11.3  0.0  0.0  contig_75_pilon  1053113 1053413 (2410102) C rnd-1_family-30   DNA/TcMar-Tc1     (2)   1087     787 4988 *
21069    2.2  0.4  0.7  contig_75_pilon  1053410 1055858 (2407657) + rnd-1_family-90   Unknown             1   2441     (3) 4989 *
78036    2.2  0.5  0.5  contig_75_pilon  1054556 1063544 (2399971) + rnd-1_family-59   LTR/Gypsy           1   8992     (1) 4990  
21054    2.8  0.5  0.6  contig_75_pilon  1062237 1064680 (2398835) + rnd-1_family-90   Unknown             4   2444     (0) 4991 *
 8622    2.7  0.0  0.5  contig_75_pilon  1064677 1065657 (2397858) + rnd-1_family-71   DNA/TcMar-Tc1       6    981   (637) 4992 *
 1686    9.5  3.6  1.8  contig_75_pilon  1065650 1065927 (2397588) + ltr-1_family-11   LTR/Unknown         1    283     (6) 4993 *
 3476    4.4  0.8  7.2  contig_75_pilon  1065934 1066421 (2397094) + ltr-1_family-9    LTR/Unknown        35    493     (0) 4994  
45426    3.8  1.2  0.7  contig_75_pilon  1066462 1072009 (2391506) + ltr-1_family-10   LTR/Gypsy           1   5568     (0) 4995  
 3444    5.7  0.8  7.1  contig_75_pilon  1071998 1072490 (2391025) + ltr-1_family-9    LTR/Unknown        30    493     (0) 4996 *
  268    8.6  0.0  0.0  contig_75_pilon  1072496 1072530 (2390985) + ltr-1_family-9    LTR/Unknown       459    493     (0) 4997 *
  295   13.0  1.8  1.8  contig_75_pilon  1072527 1072581 (2390934) + ltr-1_family-12   LTR/Gypsy        7340   7394    (70) 4998 *
 5189    6.3  0.6  0.0  contig_75_pilon  1072580 1073215 (2390300) + rnd-1_family-71   DNA/TcMar-Tc1     979   1618     (0) 4999  
  915   16.3  4.8  6.3  contig_75_pilon  1075410 1075618 (2387897) C rnd-2_family-436  Unknown           (0)    211       6 5000  
  230   32.3  1.6  1.6  contig_75_pilon  1081659 1081787 (2381728) + ltr-1_family-34   LTR/Copia        3036   3164  (6845) 5001  
  228   19.4  6.1  6.1  contig_75_pilon  1082062 1082127 (2381388) + ltr-1_family-34   LTR/Copia        1987   2052  (2194) 5002  
  629   31.8  4.6  4.6  contig_75_pilon  1082571 1083150 (2380365) + ltr-1_family-34   LTR/Copia        2658   3144  (1102) 5001  
  267   30.7  1.3  2.6  contig_75_pilon  1083421 1083574 (2379941) + ltr-1_family-34   LTR/Copia        4918   5069  (4940) 5001  
  543   30.5  1.7  9.5  contig_75_pilon  1083691 1084041 (2379474) + ltr-1_family-19   LTR/Copia        3801   4126   (360) 5003  
  463   18.2  2.3  0.0  contig_75_pilon  1086310 1086397 (2377118) C rnd-2_family-436  Unknown         (120)     91       2 5004  
  479    9.0 16.5  1.1  contig_75_pilon  1090534 1090612 (2372903) C rnd-1_family-8    Unknown           (1)    415     325 5005 *
  519   12.9  0.0  0.0  contig_75_pilon  1090610 1090679 (2372836) C rnd-1_family-8    Unknown         (346)     70       1 5005  
  261   21.1  2.9 12.8  contig_75_pilon  1093751 1093853 (2369662) + rnd-1_family-49   Unknown            34    127    (16) 5006  
  818   27.3  3.4  2.9  contig_75_pilon  1094016 1094396 (2369119) + rnd-2_family-50   Unknown             3    385   (111) 5007  
 1495   14.3  0.4  0.4  contig_75_pilon  1094508 1094732 (2368783) + rnd-1_family-17   Unknown             1    225     (4) 5008  
 5485    9.4  0.5  5.1  contig_75_pilon  1096933 1097828 (2365687) C rnd-1_family-33   Unknown           (0)    857       2 5009  
 1404   16.2  0.4  0.8  contig_75_pilon  1099242 1099508 (2364007) + rnd-1_family-70   Unknown             1    266     (0) 5010  
 2760   20.5  5.0  0.5  contig_75_pilon  1100270 1100990 (2362525) + rnd-1_family-78   Unknown             1    753     (0) 5011  
  344   22.9  2.7  2.7  contig_75_pilon  1116891 1117002 (2346513) C rnd-2_family-149  Unknown          (41)    771     660 5012  
 1280   12.2  0.4  1.8  contig_75_pilon  1117280 1117505 (2346010) C rnd-1_family-17   Unknown           (6)    223       1 5013  
  242   25.6  2.3  0.0  contig_75_pilon  1117927 1118012 (2345503) + rnd-3_family-57   Unknown          1170   1257     (0) 5014  
  833   32.4  4.1  4.1  contig_75_pilon  1124726 1125192 (2338323) C rnd-1_family-26   Unknown        (2095)   2453    1987 5015  
  484   19.6  2.7  0.0  contig_75_pilon  1127164 1127275 (2336240) C ltr-1_family-6    LTR/Gypsy     (12921)    481     367 5016  
  978   21.5  2.2  1.1  contig_75_pilon  1127573 1127845 (2335670) C ltr-1_family-7    LTR/Unknown     (727)    276       1 5017  
  362   31.8  2.0  0.0  contig_75_pilon  1130448 1130598 (2332917) C rnd-1_family-46   Unknown         (515)   7002    6849 5018  
  636   25.2  5.8  3.0  contig_75_pilon  1134952 1135176 (2328339) + rnd-2_family-11   Unknown             1    231     (0) 5019  
  541    7.0  0.0  0.0  contig_75_pilon  1135182 1135252 (2328263) C rnd-2_family-194  Unknown           (3)    213     143 5020  
  317   22.1  1.3  1.3  contig_75_pilon  1135402 1135479 (2328036) C rnd-3_family-310  Unknown         (474)     78       1 5021  
 1263   10.9  9.9  0.4  contig_75_pilon  1136241 1136452 (2327063) C rnd-1_family-48   Unknown           (0)    232       1 5022  
  657   19.8  0.0  6.1  contig_75_pilon  1136859 1136998 (2326517) + rnd-2_family-80   Unknown             1    132     (8) 5023  
  247   24.0  0.0  0.0  contig_75_pilon  1136966 1137015 (2326500) C rnd-2_family-80   Unknown          (82)     58       9 5024 *
  501   24.2  1.1 17.1  contig_75_pilon  1137163 1137426 (2326089) + rnd-2_family-19   Unknown            17    244     (0) 5025  
  339   21.3 22.2  0.0  contig_75_pilon  1137720 1137827 (2325688) + rnd-2_family-80   Unknown             1    132     (8) 5026  
  410   19.4  1.1  1.1  contig_75_pilon  1139641 1139734 (2323781) + rnd-3_family-331  Unknown             1     94     (3) 5027  
  332   28.8 10.1  0.0  contig_75_pilon  1139734 1139872 (2323643) + rnd-2_family-26   Unknown           120    272    (53) 5028 *
  700   24.3  2.7  1.8  contig_75_pilon  1140506 1140727 (2322788) C rnd-2_family-11   Unknown           (5)    226       3 5029  
 4194   16.5  1.6  0.7  contig_75_pilon  1140970 1141774 (2321741) + rnd-2_family-149  Unknown             1    812     (0) 5030  
  234   15.5  6.8  1.6  contig_75_pilon  1148856 1148914 (2314601) C rnd-1_family-96   Unknown        (1891)    826     765 5031  
 1627    6.6  0.0  0.0  contig_75_pilon  1150890 1151117 (2312398) C rnd-1_family-70   Unknown          (38)    228       1 5032  
 4563   16.8  1.5  0.6  contig_75_pilon  1160905 1161709 (2301806) C rnd-2_family-149  Unknown           (0)    812       1 5033  
  788   25.0  2.7  1.8  contig_75_pilon  1161950 1162173 (2301342) + rnd-2_family-11   Unknown             1    226     (5) 5034  
  403   22.6 11.5  1.3  contig_75_pilon  1162808 1162946 (2300569) C rnd-2_family-26   Unknown          (53)    272     120 5035 *
  442   19.4  1.1  1.1  contig_75_pilon  1162946 1163039 (2300476) C rnd-3_family-331  Unknown           (3)     94       1 5036  
  251   17.9  1.4  2.9  contig_75_pilon  1169238 1169375 (2294140) C rnd-1_family-81   Unknown         (516)   2353    2218 5037 *
  646   16.8  1.5  1.3  contig_75_pilon  1169264 1169400 (2294115) + rnd-1_family-81   Unknown          2217   2335   (534) 5038  
  249   31.5  4.7  0.6  contig_75_pilon  1170037 1170186 (2293329) + rnd-1_family-5    Unknown           219    374   (663) 5039  
 1026   16.1  1.1  0.0  contig_75_pilon  1170199 1170378 (2293137) C rnd-2_family-48   Unknown          (38)    190       9 5040  
 2247   15.4  0.3  3.1  contig_75_pilon  1170389 1170756 (2292759) + rnd-2_family-1080 Unknown             1    358    (34) 5041  
 5259   17.7  1.2  0.3  contig_75_pilon  1171696 1172815 (2290700) C rnd-1_family-34   Unknown           (0)    964       1 5042  
  234   15.8  2.6  0.0  contig_75_pilon  1172815 1172852 (2290663) + rnd-2_family-1080 Unknown           354    392     (0) 5041 *
  644   24.7  5.2  2.4  contig_75_pilon  1173441 1173726 (2289789) + rnd-2_family-50   Unknown            93    386   (110) 5043  
 2827   22.4  4.3  1.4  contig_75_pilon  1174621 1175403 (2288112) C rnd-2_family-110  Unknown           (0)    807       2 5044  
  780   24.9  0.8  2.2  contig_75_pilon  1177724 1177957 (2285558) C rnd-3_family-310  Unknown           (3)    549     319 5045  
  652   24.9  2.8  1.6  contig_75_pilon  1178015 1178194 (2285321) C rnd-3_family-310  Unknown         (365)    187       6 5045  
  684   25.0  8.4  1.9  contig_75_pilon  1178293 1178541 (2284974) C rnd-2_family-26   Unknown          (37)    288      24 5046  
  421   16.5  4.4  0.0  contig_75_pilon  1179591 1179681 (2283834) + rnd-2_family-26   Unknown           134    228    (97) 5047  
 1587   11.3  0.0  0.0  contig_75_pilon  1187350 1187570 (2275945) C rnd-2_family-48   Unknown           (5)    223       3 5048  
 2186   16.4  1.2  1.0  contig_75_pilon  1188732 1189137 (2274378) C rnd-2_family-247  Unknown           (6)   1222     816 5049  
  531   33.0  4.6  5.3  contig_75_pilon  1189151 1189796 (2273719) + rnd-1_family-59   LTR/Gypsy        5936   6577  (2416) 5050  
  936   19.0  0.0  0.6  contig_75_pilon  1190986 1191165 (2272350) C rnd-2_family-247  Unknown         (388)    840     662 5051  
 1587   11.3  0.0  0.0  contig_75_pilon  1192088 1192308 (2271207) + rnd-2_family-48   Unknown             3    223     (5) 5052  
  279   21.6  7.6 11.9  contig_75_pilon  1206181 1206390 (2257125) C rnd-2_family-153  Unknown         (127)    622     421 5053  
  488   27.8  3.2  7.0  contig_75_pilon  1206446 1206755 (2256760) C rnd-2_family-153  Unknown         (450)    299       1 5053  
  581   24.9  5.6 17.2  contig_75_pilon  1206765 1207016 (2256499) C rnd-3_family-189  Unknown         (168)    228       2 5054  
22313    1.1  0.0  0.1  contig_75_pilon  1211056 1213499 (2250016) + rnd-1_family-90   Unknown             1   2441     (3) 5055 *
75243    2.4  0.6  0.5  contig_75_pilon  1212204 1219874 (2243641) + rnd-1_family-59   LTR/Gypsy           1   4497  (4496) 5056  
20405    1.4  0.2  0.4  contig_75_pilon  1219875 1222315 (2241200) + rnd-1_family-90   Unknown             4   2441     (3) 5057  
75243    2.4  0.6  0.5  contig_75_pilon  1222316 1229984 (2233531) + rnd-1_family-59   LTR/Gypsy        4498   8993     (0) 5056  
19289    2.6  0.9  0.6  contig_75_pilon  1228679 1231111 (2232404) + rnd-1_family-90   Unknown             4   2444     (0) 5058 *
38320    2.0  0.9  0.5  contig_75_pilon  1231109 1235873 (2227642) + rnd-1_family-59   LTR/Gypsy        4211   8993     (0) 5059  
19371    2.6  0.7  0.6  contig_75_pilon  1234563 1237001 (2226514) + rnd-1_family-90   Unknown             4   2444     (0) 5060 *
 1083   23.7  8.2  0.0  contig_75_pilon  1238797 1239041 (2224474) C rnd-3_family-189  Unknown         (131)    265       1 5061  
 1365    8.8  0.0  0.0  contig_75_pilon  1242800 1242991 (2220524) C rnd-1_family-79   Unknown           (0)    192       1 5062  
 1694   14.9  0.0  0.4  contig_75_pilon  1243295 1243576 (2219939) C rnd-1_family-2    Unknown           (0)    281       1 5063  
  348   16.7  2.7  1.4  contig_75_pilon  1243592 1243664 (2219851) C rnd-1_family-16   Unknown         (172)     74       1 5064  
 1322   10.2  0.9  2.3  contig_75_pilon  1244442 1244661 (2218854) C rnd-1_family-17   Unknown           (6)    223       7 5065  
  571   24.3  1.4 11.6  contig_75_pilon  1244867 1245085 (2218430) C rnd-3_family-310  Unknown          (35)    517     319 5066  
  331   27.7  3.4  0.0  contig_75_pilon  1246473 1246591 (2216924) C rnd-1_family-5    Unknown         (635)    402     280 5067  
  312   28.1  4.1  4.7  contig_75_pilon  1247185 1247378 (2216137) + rnd-2_family-50   Unknown           197    389   (107) 5068  
 1149   18.6 17.6 12.5  contig_75_pilon  1247584 1248131 (2215384) + rnd-2_family-247  Unknown            67    647   (581) 5069  
  765   21.1  0.6  0.6  contig_75_pilon  1248192 1248367 (2215148) + rnd-2_family-247  Unknown           654    829   (399) 5069  
  868   23.6  0.4  0.4  contig_75_pilon  1248413 1248655 (2214860) + rnd-2_family-247  Unknown           981   1223     (5) 5069  
  318   16.7  5.5  1.3  contig_75_pilon  1249529 1249601 (2213914) + rnd-2_family-110  Unknown             1     76   (731) 5070 *
  541   21.7 11.3  3.0  contig_75_pilon  1249589 1249773 (2213742) + rnd-2_family-194  Unknown            11    210     (6) 5071  
 1413   16.1  0.0  1.6  contig_75_pilon  1250240 1250492 (2213023) + rnd-2_family-247  Unknown           975   1223     (5) 5072  
 1789   22.4  1.4  1.2  contig_75_pilon  1251464 1251952 (2211563) + rnd-3_family-9    Unknown            32    521    (71) 5073  
  673   15.8  8.6  2.2  contig_75_pilon  1253951 1254193 (2209322) C rnd-2_family-153  Unknown         (381)    368       4 5074  
 1251   17.0  0.0  4.0  contig_75_pilon  1254347 1254579 (2208936) + rnd-1_family-17   Unknown             5    228     (1) 5075  
  908   22.2  7.6  1.1  contig_75_pilon  1256437 1256686 (2206829) C rnd-2_family-149  Unknown          (38)    774     509 5076  
 2562   10.1  0.6  0.0  contig_75_pilon  1258148 1258513 (2205002) C rnd-1_family-8    Unknown          (48)    368       1 5077  
  375   28.1  5.7  9.1  contig_75_pilon  1259470 1259696 (2203819) C rnd-2_family-19   Unknown          (23)    221       2 5078  
  255   19.4  4.1 15.9  contig_75_pilon  1260344 1260441 (2203074) C rnd-2_family-80   Unknown           (8)    132      45 5079  
  528   26.5  1.0  1.0  contig_75_pilon  1262508 1262713 (2200802) C rnd-2_family-48   Unknown           (0)    228      23 5080  
 1848   17.8  5.4  0.3  contig_75_pilon  1263784 1264154 (2199361) + rnd-2_family-1080 Unknown             3    392     (0) 5081  
  227   25.4  1.6  0.0  contig_75_pilon  1264680 1264742 (2198773) + rnd-2_family-149  Unknown            23     86   (726) 5082  
 1632   20.3  0.6  6.2  contig_75_pilon  1264773 1265266 (2198249) + rnd-2_family-149  Unknown            73    540   (272) 5082  
  583   24.7  0.8  5.0  contig_75_pilon  1265342 1265592 (2197923) + rnd-3_family-333  Unknown           154    394   (315) 5083  
  675   18.7  1.3  0.6  contig_75_pilon  1265595 1265750 (2197765) + rnd-3_family-333  Unknown           544    700     (9) 5083  
  464   25.9  0.7  0.7  contig_75_pilon  1265945 1266092 (2197423) + rnd-2_family-194  Unknown            69    216     (0) 5084  
  356   29.9  5.4  0.9  contig_75_pilon  1266337 1266559 (2196956) + rnd-2_family-195  Unknown           177    409   (143) 5085  
  249   23.7  4.0  2.0  contig_75_pilon  1266712 1266810 (2196705) C rnd-1_family-49   Unknown           (0)    143      43 5086  
  355   26.1  7.0  0.0  contig_75_pilon  1267171 1267285 (2196230) C rnd-1_family-5    Unknown         (639)    398     276 5087  
  228   26.5  3.0  3.0  contig_75_pilon  1267659 1267759 (2195756) + rnd-3_family-399  Unknown           509    609   (334) 5088  
  466    9.4  0.0 10.7  contig_75_pilon  1274683 1274765 (2188750) + rnd-1_family-11   Unknown             1     75   (325) 5089 *
 1019   12.0  1.3  0.6  contig_75_pilon  1274752 1274910 (2188605) C rnd-1_family-20   Unknown           (0)    160       1 5090  
 2509   10.9  0.0  1.5  contig_75_pilon  1274913 1275256 (2188259) + rnd-1_family-11   Unknown            62    400     (0) 5089  
 1401   12.9  0.4  1.3  contig_75_pilon  1291019 1291245 (2172270) C rnd-1_family-17   Unknown           (4)    225       1 5091  
  693   26.4  3.5  4.4  contig_75_pilon  1291395 1291648 (2171867) + rnd-2_family-26   Unknown            21    272    (53) 5092  
  591   26.9  3.3  2.4  contig_75_pilon  1292297 1292540 (2170975) C rnd-2_family-26   Unknown          (54)    271      26 5093  
  268   21.1  1.8  0.0  contig_75_pilon  1293087 1293143 (2170372) C rnd-1_family-5    Unknown         (637)    400     343 5094  
  419   28.9  4.2  1.5  contig_75_pilon  1293502 1293691 (2169824) C rnd-2_family-26   Unknown         (107)    218      24 5095  
  266   13.2  5.4  5.4  contig_75_pilon  1293830 1293885 (2169630) + rnd-2_family-19   Unknown            43     98   (146) 5096  
  759   13.8  4.8  7.5  contig_75_pilon  1296772 1296936 (2166579) + rnd-2_family-436  Unknown             9    169    (42) 5097  
  249   14.3  0.0  0.0  contig_75_pilon  1297062 1297103 (2166412) + rnd-2_family-436  Unknown           167    208     (3) 5097  
  761   22.4  2.8  9.2  contig_75_pilon  1302932 1303186 (2160329) + rnd-2_family-19   Unknown             1    240     (4) 5098  
  566   21.7  1.7  0.0  contig_75_pilon  1303206 1303325 (2160190) C rnd-2_family-194  Unknown          (33)    183      62 5099  
  272   29.0  5.8  1.5  contig_75_pilon  1304353 1304541 (2158974) C rnd-2_family-26   Unknown         (102)    223      27 5100  
 1711   21.1  3.6  7.5  contig_75_pilon  1314565 1315143 (2148372) + rnd-3_family-9    Unknown            35    592     (0) 5101  
  540   25.0  0.7  0.0  contig_75_pilon  1315141 1315288 (2148227) + rnd-2_family-190  Unknown            14    162   (285) 5102 *
 2566   15.9  0.3  0.0  contig_75_pilon  1316813 1317201 (2146314) + rnd-2_family-1080 Unknown             1    390     (2) 5103  
  414   29.4  4.7  7.8  contig_75_pilon  1317306 1317648 (2145867) C rnd-1_family-62   Unknown        (1303)    333       1 5104  
 1548    9.8  0.0  2.7  contig_75_pilon  1317989 1318218 (2145297) + rnd-1_family-17   Unknown             3    226     (3) 5105  
 1367   12.9  0.9  0.9  contig_75_pilon  1319086 1319297 (2144218) C rnd-1_family-17   Unknown           (0)    229      18 5106  
  274   31.4  2.5  0.8  contig_75_pilon  1321675 1321796 (2141719) + rnd-2_family-26   Unknown            24    147   (178) 5107  
 2535   11.5  0.3  0.8  contig_75_pilon  1322135 1322494 (2141021) + rnd-1_family-8    Unknown             2    359    (57) 5108  
  774    4.1  0.0 12.0  contig_75_pilon  1322496 1322607 (2140908) + rnd-1_family-8    Unknown           317    416     (0) 5109  
 1184   20.4  0.5  0.0  contig_75_pilon  1323179 1323398 (2140117) C rnd-2_family-48   Unknown           (0)    228       8 5110  
  228   29.9  2.9  2.2  contig_75_pilon  1326522 1326658 (2136857) C rnd-1_family-40   Unknown         (230)    152      15 5111  
  298   34.8  2.8  3.5  contig_75_pilon  1327438 1327726 (2135789) C ltr-1_family-2    LTR/Copia      (1331)   3167    2881 5112  
  619   31.9  0.9  0.0  contig_75_pilon  1328034 1328249 (2135266) C rnd-1_family-97   Unknown        (1343)   3276    3059 5113  
 1113   23.9  2.3  1.3  contig_75_pilon  1329034 1329343 (2134172) C rnd-3_family-310  Unknown           (1)    551     239 5114  
  270   27.0  2.7  0.9  contig_75_pilon  1329413 1329524 (2133991) + rnd-1_family-81   Unknown          2231   2344   (525) 5115  
 1730   12.6  0.0  0.4  contig_75_pilon  1330708 1330963 (2132552) C rnd-1_family-36   Unknown           (0)    255       1 5116  
  881   15.2  1.3  3.3  contig_75_pilon  1340268 1340423 (2123092) + rnd-2_family-1080 Unknown             1    153   (239) 5117  
  706   16.5 31.6  0.0  contig_75_pilon  1340476 1340664 (2122851) + rnd-2_family-1080 Unknown           144    392     (0) 5117  
  865   30.1  5.6  1.6  contig_75_pilon  1342060 1342541 (2120974) + rnd-1_family-66   Unknown            24    524   (195) 5118  
  724   23.9  5.6  6.0  contig_75_pilon  1342329 1342753 (2120762) C rnd-2_family-270  Unknown          (11)    768     306 5119 *
  918   14.7  0.0  3.2  contig_75_pilon  1343633 1343794 (2119721) C rnd-1_family-17   Unknown          (72)    157       1 5120  
 3314    6.6  0.0  0.0  contig_75_pilon  1343798 1344206 (2119309) + rnd-1_family-74   Unknown             1    409     (1) 5121  
  752   13.3 24.2  0.0  contig_75_pilon  1345063 1345227 (2118288) C rnd-1_family-40   Unknown           (0)    382     178 5122  
 1833   10.6  0.0  0.4  contig_75_pilon  1345229 1345484 (2118031) + rnd-1_family-36   Unknown             1    255     (0) 5123  
 1308    5.0  1.1  1.1  contig_75_pilon  1345485 1345665 (2117850) C rnd-1_family-40   Unknown         (201)    181       1 5122  
 1470   17.1  0.4  0.0  contig_75_pilon  1345702 1345935 (2117580) + rnd-1_family-16   Unknown             1    235    (11) 5124  
  543   27.0  3.9  9.8  contig_75_pilon  1346533 1346737 (2116778) C rnd-1_family-37   Unknown           (4)    194       1 5125  
  864   19.0  0.6  2.8  contig_75_pilon  1346738 1346754 (2116761) + rnd-1_family-2    Unknown             4    281     (0) 5126  
  880   13.6 18.2  1.4  contig_75_pilon  1347324 1347510 (2116005) + rnd-1_family-17   Unknown             6    223     (6) 5127  
  383   18.7  0.0  2.7  contig_75_pilon  1347520 1347596 (2115919) C rnd-1_family-2    Unknown          (10)    271     197 5128  
 2930    9.7  1.0  0.8  contig_75_pilon  1348228 1348621 (2114894) C rnd-1_family-11   Unknown           (4)    396       2 5129  
  396   15.7 13.3  4.6  contig_75_pilon  1349845 1349964 (2113551) + rnd-2_family-194  Unknown             1    130    (86) 5130  
 1671    7.2  0.5  1.4  contig_75_pilon  1350008 1350231 (2113284) C rnd-1_family-17   Unknown           (7)    222       1 5131  
  779   26.9  2.7  3.7  contig_75_pilon  1363368 1363664 (2099851) C rnd-2_family-26   Unknown          (28)    297       4 5132  
  393   26.0  3.3  1.6  contig_75_pilon  1371271 1371391 (2092124) + rnd-1_family-5    Unknown           235    357   (680) 5133  
  749   18.7  3.1  3.1  contig_75_pilon  1389128 1389320 (2074195) + rnd-2_family-399  Unknown            39    231     (1) 5134  
  991   14.0  3.3  1.1  contig_75_pilon  1391666 1391845 (2071670) C rnd-2_family-194  Unknown           (2)    214      31 5135  
 2930    7.9  0.8  0.0  contig_75_pilon  1397906 1398297 (2065218) + rnd-1_family-77   Unknown           844   1238  (1512) 5136  
  304   17.4  6.3  8.9  contig_75_pilon  1398778 1398903 (2064612) C rnd-2_family-399  Unknown           (5)    227     105 5137  
  414   14.1  2.8  1.4  contig_75_pilon  1399139 1399210 (2064305) + rnd-1_family-97   Unknown          3203   3275  (1344) 5138  
 1350   17.3  0.4  1.6  contig_75_pilon  1410149 1410406 (2053109) + rnd-1_family-36   Unknown             1    255     (0) 5139  
  450   23.8  6.8  5.0  contig_75_pilon  1411600 1411776 (2051739) + rnd-1_family-97   Unknown          3048   3227  (1392) 5140  
 1135   19.1  1.5  7.8  contig_75_pilon  1417362 1417634 (2045881) C rnd-2_family-108  Unknown           (2)    299      43 5141  
 2866    8.2  4.5  0.2  contig_75_pilon  1425189 1425568 (2037947) + rnd-1_family-11   Unknown             1    396     (4) 5142  
  243   14.5  0.0  0.0  contig_75_pilon  1425977 1426038 (2037477) + rnd-1_family-25   Unknown           682    743  (1173) 5143  
  477   27.5  0.5  2.2  contig_75_pilon  1426520 1426705 (2036810) + rnd-2_family-11   Unknown             2    184    (47) 5144  
  333   21.2  8.7  4.6  contig_75_pilon  1431374 1431477 (2032038) C rnd-1_family-51   Unknown        (4492)   2822    2715 5145  
 1800   20.8  0.7  7.3  contig_75_pilon  1465472 1466058 (1997457) + rnd-3_family-9    Unknown            42    592     (0) 5146  
  319   22.8  6.9  0.0  contig_75_pilon  1467259 1467359 (1996156) + rnd-2_family-270  Unknown           542    649   (130) 5147  
 5979    7.4  0.5  0.1  contig_75_pilon  1467360 1468199 (1995316) + rnd-1_family-77   Unknown           837   1679  (1071) 5148  
  302   27.2  9.9  1.0  contig_75_pilon  1468200 1468381 (1995134) + rnd-2_family-195  Unknown           355    552     (0) 5149 *
  603   21.6  2.3  0.8  contig_75_pilon  1468328 1468618 (1994897) C rnd-1_family-3    Unknown         (256)    463       1 5150  
  397   35.0  4.4  4.2  contig_75_pilon  1483929 1483937 (1979578) + rnd-1_family-24   Unknown          3903   3958   (590) 5151  
  664   34.8  3.1  2.9  contig_75_pilon  1483938 1484384 (1979131) C rnd-1_family-26   Unknown        (2182)   2366    1919 5152  
  397   35.0  4.4  4.2  contig_75_pilon  1484385 1484450 (1979065) + rnd-1_family-24   Unknown          3959   4425   (123) 5151  
  310   15.5  1.3  5.6  contig_75_pilon  1489687 1489761 (1973754) + rnd-3_family-331  Unknown            26     97     (0) 5153  
  361   22.2  2.0  0.0  contig_75_pilon  1489783 1489881 (1973634) + rnd-2_family-26   Unknown           167    267    (58) 5154  
  494   22.4  6.3  1.5  contig_75_pilon  1490073 1490262 (1973253) C rnd-2_family-108  Unknown           (7)    294      96 5155  
  608   16.1  4.8  0.0  contig_75_pilon  1490316 1490439 (1973076) C rnd-2_family-26   Unknown          (65)    260     131 5156  
  305   22.9  1.1  3.2  contig_75_pilon  1490450 1490544 (1972971) C rnd-3_family-331  Unknown           (3)     94       2 5157  
  616   27.6  0.0  0.0  contig_75_pilon  1490766 1490917 (1972598) C rnd-1_family-2    Unknown           (1)    280     129 5158 *
  681   25.0  5.5  0.5  contig_75_pilon  1490792 1490972 (1972543) + rnd-1_family-37   Unknown             9    198     (0) 5159  
 1298   13.4  0.4  2.2  contig_75_pilon  1493592 1493820 (1969695) C rnd-1_family-17   Unknown           (4)    225       1 5160  
  259   15.0  0.0  0.0  contig_75_pilon  1493941 1493980 (1969535) + rnd-2_family-11   Unknown             1     40   (191) 5161  
  319   24.4  7.8  4.1  contig_75_pilon  1494097 1494237 (1969278) + rnd-2_family-251  Unknown             1    146     (3) 5162  
  844   22.8 11.4  4.1  contig_75_pilon  1494810 1495125 (1968390) C rnd-2_family-323  Unknown          (41)    338       1 5163  
  600   24.9  5.7  4.0  contig_75_pilon  1495312 1495558 (1967957) + rnd-2_family-26   Unknown            24    274    (51) 5164  
  825   16.0  1.6  1.6  contig_75_pilon  1496268 1496451 (1967064) C rnd-2_family-399  Unknown           (1)    231      48 5165  
  411   25.1  5.4  2.3  contig_75_pilon  1496660 1496826 (1966689) C rnd-2_family-26   Unknown          (43)    282     111 5166  
  289   24.2  3.2  3.2  contig_75_pilon  1496813 1496906 (1966609) C rnd-3_family-331  Unknown           (2)     95       2 5167 *
  376   25.2  3.5  1.4  contig_75_pilon  1496925 1497065 (1966450) + rnd-2_family-26   Unknown           131    274    (51) 5168  
  997   19.8  2.8  4.1  contig_75_pilon  1502230 1502476 (1961039) + rnd-2_family-108  Unknown            54    297     (4) 5169  
  377   20.2 12.1  0.0  contig_75_pilon  1503771 1503869 (1959646) C rnd-2_family-26   Unknown          (50)    275     165 5170  
  337   17.6 11.8  0.0  contig_75_pilon  1503873 1503940 (1959575) + rnd-1_family-97   Unknown          3061   3136  (1483) 5171  
  430   20.2  2.5  0.0  contig_75_pilon  1504220 1504298 (1959217) + rnd-1_family-97   Unknown          3180   3260  (1359) 5171  
  281   31.7  2.3  1.6  contig_75_pilon  1504308 1504435 (1959080) C rnd-2_family-26   Unknown         (164)    161      33 5172  
  993   18.9  5.5  1.2  contig_75_pilon  1509126 1509360 (1954155) C rnd-2_family-26   Unknown          (49)    276      32 5173  
 3922    8.7  0.0  0.2  contig_75_pilon  1509834 1510340 (1953175) + rnd-1_family-58   Unknown             1    506     (0) 5174  
  846   26.8  1.1  4.3  contig_75_pilon  1511560 1511820 (1951695) C rnd-2_family-108  Unknown           (8)    293      41 5175  
  635   22.4  8.0  2.8  contig_75_pilon  1514352 1514590 (1948925) + rnd-2_family-26   Unknown            24    274    (51) 5176  
  326   19.8 11.4  2.4  contig_75_pilon  1526132 1526245 (1937270) C rnd-2_family-251  Unknown           (1)    148      25 5177  
  257   14.6  0.0  0.0  contig_75_pilon  1527755 1527795 (1935720) C rnd-1_family-11   Unknown           (1)    399     359 5178 *
 2817   13.1  0.0  0.0  contig_75_pilon  1527760 1528156 (1935359) + rnd-1_family-11   Unknown             4    400     (0) 5179  
  341   27.2 14.8  2.1  contig_75_pilon  1528208 1528376 (1935139) + rnd-2_family-436  Unknown             6    195    (16) 5180  
 1069   11.7  6.8  4.3  contig_75_pilon  1531591 1531796 (1931719) + rnd-2_family-436  Unknown             1    211     (0) 5181  
  505   10.2  6.7  1.1  contig_75_pilon  1532373 1532461 (1931054) + rnd-3_family-331  Unknown             1     94     (3) 5182 *
  645   19.3  3.6  0.0  contig_75_pilon  1532449 1532588 (1930927) + rnd-2_family-26   Unknown           115    259    (66) 5183  
  498   17.5  1.0  2.0  contig_75_pilon  1532841 1532939 (1930576) + rnd-2_family-251  Unknown            51    148     (1) 5184  
  287   24.0  2.0 14.3  contig_75_pilon  1544686 1544787 (1918728) + rnd-3_family-189  Unknown           276    366    (30) 5185  
 2526    0.0  0.0  0.0  contig_75_pilon  1545293 1545562 (1917953) C ltr-1_family-31   LTR/Unknown       (0)    270       1 5186  
 1310    3.3  0.0  1.3  contig_75_pilon  1545563 1545717 (1917798) C ltr-1_family-32   LTR/Copia         (0)   2846    2694 5187 *
 1984   35.6  2.3  1.6  contig_75_pilon  1545700 1547241 (1916274) C ltr-1_family-4    LTR/Copia       (166)   5204    3653 5188 *
12499    0.0  0.0  0.0  contig_75_pilon  1547240 1548573 (1914942) C ltr-1_family-32   LTR/Copia       (137)   2709    1376 5189  
  721   27.2  2.7  2.7  contig_75_pilon  1548574 1548834 (1914681) C ltr-1_family-4    LTR/Copia      (3107)   2263    2003 5190  
12953    0.0  0.0  0.0  contig_75_pilon  1548835 1550209 (1913306) C ltr-1_family-32   LTR/Copia      (1471)   1375       1 5191  
 2362    3.0  0.0  0.4  contig_75_pilon  1550200 1550470 (1913045) C ltr-1_family-31   LTR/Unknown       (0)    270       1 5192 *
  416   24.6  0.9  1.7  contig_75_pilon  1556430 1556545 (1906970) + rnd-2_family-251  Unknown             4    118    (31) 5193  
  304   16.2  5.3  2.6  contig_75_pilon  1556546 1556621 (1906894) + rnd-2_family-251  Unknown            65    142     (7) 5194  
  471   26.6  1.6  0.0  contig_75_pilon  1558094 1558221 (1905294) C rnd-2_family-11   Unknown           (1)    230     101 5195  
  388   24.2  0.8  4.3  contig_75_pilon  1568612 1568732 (1894783) C rnd-1_family-97   Unknown        (1444)   3175    3059 5196  
  671   19.8  0.5  3.8  contig_75_pilon  1568773 1568961 (1894554) C rnd-2_family-11   Unknown          (48)    183       1 5197  
  579   24.0  8.1  2.8  contig_75_pilon  1568970 1569205 (1894310) C rnd-2_family-26   Unknown          (54)    271      24 5198  
 1074   25.5  3.1  6.3  contig_75_pilon  1569364 1569690 (1893825) + rnd-2_family-323  Unknown             3    319    (60) 5199  
 1408   15.2  1.3  0.8  contig_75_pilon  1569987 1570219 (1893296) + rnd-1_family-97   Unknown          3059   3292  (1327) 5200  
 1660   11.4  0.0  0.0  contig_75_pilon  1570483 1570710 (1892805) + rnd-1_family-17   Unknown             1    228     (1) 5201  
 1503   12.2  0.0  1.8  contig_75_pilon  1570991 1571215 (1892300) C rnd-1_family-17   Unknown           (7)    222       2 5202  
  436   28.4  3.7  5.9  contig_75_pilon  1571324 1571566 (1891949) C rnd-2_family-26   Unknown          (59)    266      29 5203  
  705   21.9  2.6  1.7  contig_75_pilon  1571983 1572210 (1891305) + rnd-2_family-399  Unknown             1    230     (2) 5204  
  482   21.7 49.0  4.1  contig_75_pilon  1572482 1572687 (1890828) + rnd-2_family-323  Unknown             8    306    (73) 5205  
 1590    4.8 18.2  1.1  contig_75_pilon  1572880 1573110 (1890405) + rnd-1_family-2    Unknown             2    271    (10) 5206  
 1383   12.5  0.0  1.4  contig_75_pilon  1573671 1573881 (1889634) + rnd-1_family-17   Unknown             3    210    (19) 5207  
  577    9.4  0.0  2.4  contig_75_pilon  1573873 1573959 (1889556) + rnd-1_family-17   Unknown           126    210    (19) 5208 *
  718    8.9  0.0  2.0  contig_75_pilon  1573951 1574053 (1889462) + rnd-1_family-17   Unknown           126    226     (3) 5209  
 1413   14.8  0.5  0.5  contig_75_pilon  1574062 1574285 (1889230) C rnd-1_family-17   Unknown           (4)    225       2 5210  
  665   17.5  0.6 11.5  contig_75_pilon  1574287 1574460 (1889055) + rnd-2_family-110  Unknown            15    171   (636) 5211  
  501   26.3  3.2  5.5  contig_75_pilon  1574989 1575173 (1888342) + rnd-1_family-97   Unknown          3096   3276  (1343) 5212  
  377   32.0  1.6  0.0  contig_75_pilon  1575191 1575312 (1888203) C rnd-1_family-97   Unknown        (1347)   3272    3149 5213  
 1577   11.6  0.9  0.9  contig_75_pilon  1575635 1575860 (1887655) + rnd-1_family-17   Unknown             1    226     (3) 5214  
  424   19.3  5.9 11.7  contig_75_pilon  1583575 1583709 (1879806) C rnd-2_family-430  Unknown           (4)   1810    1683 5215  
  228   26.7  5.4  6.9  contig_75_pilon  1585938 1586142 (1877373) + rnd-1_family-25   Unknown           144    345  (1571) 5216  
  819   20.2  2.4  4.8  contig_75_pilon  1587569 1587781 (1875734) + rnd-2_family-11   Unknown             1    208    (23) 5217  
  478   20.3 11.5  4.5  contig_75_pilon  1591772 1591936 (1871579) + rnd-3_family-9    Unknown            33    208   (384) 5218  
  672   22.1 13.0  2.2  contig_75_pilon  1592317 1592524 (1870991) + rnd-1_family-97   Unknown          3048   3277  (1342) 5219  
  285   23.1  5.1  1.2  contig_75_pilon  1602972 1603050 (1860465) C rnd-2_family-26   Unknown         (240)     85       4 5220  
  296    7.2  0.0  2.4  contig_75_pilon  1610180 1610222 (1853293) C rnd-2_family-436  Unknown           (0)    211     170 5221  
  887   24.9  0.0  2.3  contig_75_pilon  1612498 1612719 (1850796) C rnd-1_family-97   Unknown        (1344)   3275    3059 5222  
  674   19.9  3.0  5.7  contig_75_pilon  1612920 1613178 (1850337) C rnd-1_family-49   Unknown         (257)    462       1 5223  
  429   22.7  1.1  0.0  contig_75_pilon  1616295 1616382 (1847133) + rnd-3_family-331  Unknown             1     89     (8) 5224  
  840   12.4  4.0  2.6  contig_75_pilon  1616389 1616537 (1846978) + rnd-2_family-26   Unknown           124    274    (51) 5225  
 1257   14.4  0.0  4.2  contig_75_pilon  1618773 1618997 (1844518) + rnd-2_family-194  Unknown             1    216     (0) 5226  
  594   21.5  2.1  0.0  contig_75_pilon  1627349 1627492 (1836023) C rnd-3_family-9    Unknown          (69)    523     377 5227  
  672   20.1  4.8  1.6  contig_75_pilon  1627880 1628066 (1835449) + rnd-2_family-190  Unknown           216    408    (39) 5228  
 2692   20.2  5.1  3.9  contig_75_pilon  1628120 1628908 (1834607) + rnd-2_family-110  Unknown             1    798     (9) 5229  
 1287   16.2  0.4  4.5  contig_75_pilon  1629144 1629375 (1834140) + rnd-1_family-17   Unknown             5    227     (2) 5230  
  315   28.1  0.0  9.8  contig_75_pilon  1641122 1641255 (1822260) C rnd-3_family-9    Unknown           (2)    590     469 5231  
  685   22.0  0.0  2.9  contig_75_pilon  1641645 1641822 (1821693) C rnd-3_family-9    Unknown         (131)    461     289 5231  
 2475    0.0  0.0  0.0  contig_75_pilon  1645352 1645616 (1817899) + ltr-1_family-33   LTR/Unknown         1    265     (0) 5232  
16300    0.0  0.0  0.0  contig_75_pilon  1645617 1647349 (1816166) + ltr-1_family-34   LTR/Copia           1   1733  (2513) 5233  
  486   32.7  2.8  4.0  contig_75_pilon  1647350 1647703 (1815812) + ltr-1_family-2    LTR/Copia        1715   2064  (2434) 5234  
23586    0.0  0.0  0.0  contig_75_pilon  1647704 1650216 (1813299) + ltr-1_family-34   LTR/Copia        1734   4246     (0) 5235  
 2226    2.0  0.0  0.0  contig_75_pilon  1650217 1650465 (1813050) + ltr-1_family-33   LTR/Unknown        17    265     (0) 5236  
  232   28.8  3.4  5.8  contig_75_pilon  1651136 1651312 (1812203) + rnd-1_family-58   Unknown             1    173   (333) 5237  
  253   28.5  0.0  4.6  contig_75_pilon  1659961 1660074 (1803441) C rnd-2_family-251  Unknown           (0)    149      41 5238  
  548   24.8  1.4  9.7  contig_75_pilon  1660213 1660435 (1803080) + rnd-2_family-436  Unknown             2    207     (4) 5239  
  431   15.5  1.1  4.7  contig_75_pilon  1676161 1676248 (1787267) + rnd-2_family-26   Unknown           188    272    (53) 5240  
 1755   14.4  1.0  1.3  contig_75_pilon  1680036 1680337 (1783178) + rnd-2_family-108  Unknown             1    301     (0) 5241  
  541    4.5  0.0  1.5  contig_75_pilon  1686540 1686607 (1776908) + rnd-1_family-17   Unknown             1     67   (162) 5242  
 1898   19.0  0.0  0.0  contig_75_pilon  1688740 1689086 (1774429) C ltr-1_family-10   LTR/Gypsy      (5220)    348       2 5243  
 1668   21.5 16.3  0.2  contig_75_pilon  1689088 1689479 (1774036) C ltr-1_family-9    LTR/Unknown       (0)    493      39 5244  
  859   26.1  1.2  0.8  contig_75_pilon  1690119 1690361 (1773154) C rnd-1_family-97   Unknown        (1313)   3306    3063 5245  
  295   27.1  0.0  0.8  contig_75_pilon  1695810 1695928 (1767587) C rnd-1_family-81   Unknown        (2398)    471     354 5246  
  425   16.1  0.0 19.4  contig_75_pilon  1697526 1697648 (1765867) C rnd-2_family-430  Unknown          (18)   1796    1694 5247  
  657   22.2  3.1  1.0  contig_75_pilon  1701367 1701562 (1761953) C rnd-2_family-108  Unknown           (8)    293      94 5248  
  702   12.1 21.3  0.0  contig_75_pilon  1706027 1706167 (1757348) C rnd-2_family-108  Unknown          (93)    208      38 5249  
  560   21.4  8.3  9.6  contig_75_pilon  1712676 1712928 (1750587) C rnd-2_family-26   Unknown          (53)    272      23 5250  
  450   26.4  2.8  0.7  contig_75_pilon  1713020 1713160 (1750355) C rnd-2_family-26   Unknown          (55)    270     127 5251  
  245   23.7  1.7  0.0  contig_75_pilon  1713164 1713222 (1750293) C rnd-3_family-331  Unknown           (0)     97      38 5252  
  400   20.7  0.0  1.2  contig_75_pilon  1717613 1717695 (1745820) + rnd-2_family-48   Unknown           122    203    (25) 5253  
  306   15.7  2.7  4.2  contig_75_pilon  1718246 1718318 (1745197) C rnd-2_family-26   Unknown          (74)    251     180 5254 *
  480   17.4  3.6  2.6  contig_75_pilon  1718306 1718417 (1745098) C rnd-2_family-26   Unknown          (91)    234     122 5255  
  496   20.6 23.8  4.7  contig_75_pilon  1718633 1718846 (1744669) C rnd-2_family-108  Unknown           (3)    298      46 5256  
  406   17.3 11.3  1.7  contig_75_pilon  1719407 1719512 (1744003) C rnd-2_family-11   Unknown          (18)    213      98 5257  
  352   12.3  1.8  0.0  contig_75_pilon  1719517 1719573 (1743942) + rnd-3_family-331  Unknown            38     95     (2) 5258  
  398   25.6  4.0  0.8  contig_75_pilon  1719583 1719708 (1743807) + rnd-2_family-26   Unknown           130    259    (66) 5259  
 1065   15.8  0.4  7.8  contig_75_pilon  1719709 1719942 (1743573) C rnd-2_family-48   Unknown           (3)    225       8 5260  
  462   33.2  1.6  0.0  contig_75_pilon  1734007 1734199 (1729316) C rnd-1_family-57   Unknown         (693)    351     156 5261  
 1016   26.4  4.1  1.1  contig_75_pilon  1734224 1734568 (1728947) C rnd-1_family-34   Unknown         (609)    355       1 5262  
 1332   22.0  3.5  2.4  contig_75_pilon  1734648 1735098 (1728417) + rnd-3_family-9    Unknown            43    498    (94) 5263  
  252   31.7  3.3  0.0  contig_75_pilon  1736248 1736367 (1727148) C rnd-1_family-5    Unknown         (679)    358     235 5264  
  467   19.0  5.6  2.7  contig_75_pilon  1741637 1741744 (1721771) + rnd-1_family-5    Unknown           292    402   (635) 5265  
 1190    6.2  0.0  1.9  contig_75_pilon  1741874 1742036 (1721479) + rnd-1_family-20   Unknown             1    160     (0) 5266  
  227   27.6  2.6  0.0  contig_75_pilon  1742118 1742193 (1721322) + rnd-1_family-49   Unknown            41    118    (25) 5267  
  599   24.8  1.6 10.7  contig_75_pilon  1745624 1745867 (1717648) C rnd-2_family-11   Unknown           (7)    224       1 5268  
 1224   16.4  1.6  3.7  contig_75_pilon  1755605 1755851 (1707664) C rnd-2_family-19   Unknown           (0)    244       3 5269  
 1147   15.8  2.5  0.5  contig_75_pilon  1770696 1770898 (1692617) + rnd-2_family-436  Unknown             4    210     (1) 5270  
  301   18.5  3.7  0.0  contig_75_pilon  1776641 1776694 (1686821) C rnd-2_family-26   Unknown         (143)    182     127 5271  
 1434    4.1 28.3  0.0  contig_75_pilon  1780719 1780937 (1682578) + rnd-1_family-2    Unknown             1    281     (0) 5272  
  426   31.1  1.1  1.1  contig_75_pilon  1781945 1782129 (1681386) C rnd-2_family-11   Unknown          (46)    185       1 5273  
 1818   17.9  2.1  8.4  contig_75_pilon  1786250 1786731 (1676784) + rnd-1_family-52   Unknown             4    457     (1) 5274  
  680   25.4 10.9  2.0  contig_75_pilon  1788764 1788992 (1674523) + rnd-3_family-57   Unknown           830   1078   (179) 5275  
  396   25.2  2.0  0.0  contig_75_pilon  1789004 1789102 (1674413) C rnd-3_family-57   Unknown           (0)   1257    1157 5276  
  335   26.4  0.0  0.0  contig_75_pilon  1789749 1789835 (1673680) + ltr-1_family-9    LTR/Unknown        39    125   (368) 5277  
  283    7.1  9.5  0.0  contig_75_pilon  1791122 1791163 (1672352) C rnd-2_family-194  Unknown          (23)    193     148 5278  
 1059   21.9  1.3  1.7  contig_75_pilon  1798589 1798820 (1664695) + rnd-1_family-97   Unknown          3047   3277  (1342) 5279  
  641   29.9  3.5 13.2  contig_75_pilon  1801950 1802354 (1661161) + rnd-1_family-97   Unknown          2195   2564  (2055) 5280  
  344   18.2  0.0  0.0  contig_75_pilon  1803296 1803350 (1660165) + rnd-3_family-189  Unknown             1     55   (341) 5281  
  409   30.7  0.6  1.8  contig_75_pilon  1803874 1804042 (1659473) C rnd-1_family-97   Unknown        (1380)   3239    3073 5282  
  260   23.6  1.1  3.5  contig_75_pilon  1804035 1804122 (1659393) C rnd-1_family-66   Unknown         (488)    231     146 5283 *
  833   28.5  1.9  3.3  contig_75_pilon  1804342 1804708 (1658807) + rnd-2_family-195  Unknown            73    434   (118) 5284  
  629   23.2  2.6  3.8  contig_75_pilon  1804717 1805119 (1658396) C rnd-1_family-3    Unknown         (343)    376       1 5283  
  553   22.8  6.5  1.4  contig_75_pilon  1805349 1805486 (1658029) C rnd-2_family-323  Unknown         (180)    199      55 5285  
  265   23.5 20.8  2.3  contig_75_pilon  1822652 1822834 (1640681) + rnd-2_family-399  Unknown            16    231     (1) 5286  
  827   24.9  3.2  2.2  contig_75_pilon  1823132 1823443 (1640072) + rnd-2_family-195  Unknown            38    352   (200) 5287  
 1094   22.9  0.0  0.0  contig_75_pilon  1824019 1824236 (1639279) C rnd-1_family-97   Unknown        (1351)   3268    3051 5288  
 4024   19.3  2.1  2.1  contig_75_pilon  1825847 1826649 (1636866) C rnd-2_family-156  DNA/TcMar-Tc1     (2)   1592     790 5289  
  593   18.5  0.8  6.3  contig_75_pilon  1826781 1826913 (1636602) C rnd-2_family-48   Unknown           (0)    228     103 5290 *
  938   25.8  1.8  0.0  contig_75_pilon  1826909 1827133 (1636382) + rnd-1_family-97   Unknown          3048   3276  (1343) 5291  
 1094   25.5  3.1  0.0  contig_75_pilon  1827656 1827981 (1635534) C rnd-2_family-247  Unknown         (242)    986     651 5292  
 1204   17.1  3.1 14.5  contig_75_pilon  1828012 1828393 (1635122) C rnd-2_family-247  Unknown         (811)    417      74 5292  
  393   25.1  0.0  5.0  contig_75_pilon  1828539 1828664 (1634851) + rnd-2_family-399  Unknown           112    231     (1) 5293  
  663   23.0  0.0  3.7  contig_75_pilon  1833064 1833230 (1630285) + rnd-2_family-195  Unknown           131    291   (261) 5294  
  538   22.7  7.2  1.7  contig_75_pilon  1833259 1833651 (1629864) + rnd-1_family-3    Unknown             1    524   (195) 5295 *
  627   24.5 13.5  0.7  contig_75_pilon  1833551 1833817 (1629698) C rnd-2_family-195  Unknown           (0)    552     252 5296  
 3024   14.7  4.5  0.4  contig_75_pilon  1833831 1834316 (1629199) C rnd-1_family-58   Unknown           (0)    506       1 5297  
  486   20.4  3.6  3.6  contig_75_pilon  1834337 1834504 (1629011) C rnd-2_family-195  Unknown         (337)    215      48 5296  
  680   20.4  2.8  0.0  contig_75_pilon  1834579 1834720 (1628795) + rnd-2_family-26   Unknown           126    271    (54) 5298  
  620   27.3  0.9 12.9  contig_75_pilon  1835085 1835404 (1628111) C rnd-2_family-323  Unknown          (43)    336      51 5299  
  447   22.5  0.0  5.1  contig_75_pilon  1843259 1843361 (1620154) + rnd-1_family-97   Unknown          3180   3277  (1342) 5300  
  836   21.3  0.0  1.2  contig_75_pilon  1847767 1847932 (1615583) C rnd-3_family-310  Unknown          (18)    534     371 5301  
  671   24.3  5.8  1.5  contig_75_pilon  1847990 1848177 (1615338) C rnd-3_family-310  Unknown         (335)    217      22 5301  
 2803    8.0  0.0 11.8  contig_75_pilon  1848516 1848969 (1614546) C rnd-1_family-8    Unknown           (0)    416      11 5302  
 1255   20.4  1.0  2.0  contig_75_pilon  1883977 1884271 (1579244) + rnd-2_family-149  Unknown            67    358   (454) 5303  
  361   20.3  0.0  0.0  contig_75_pilon  1884290 1884363 (1579152) C rnd-1_family-69   Unknown           (3)    213     140 5304  
  263   16.3  0.0  0.0  contig_75_pilon  1884525 1884567 (1578948) C rnd-1_family-69   Unknown         (161)     55      13 5304  
  927   16.2  0.0  0.7  contig_75_pilon  1885538 1885674 (1577841) C rnd-3_family-189  Unknown           (3)    393     258 5305  
  340   19.8 33.7  0.0  contig_75_pilon  1885735 1885820 (1577695) C rnd-3_family-189  Unknown         (281)    115       1 5305  
  303   21.0  0.0  9.7  contig_75_pilon  1886339 1886417 (1577098) C rnd-1_family-69   Unknown           (6)    210     139 5306  
 1536   12.9  0.0  0.5  contig_75_pilon  1887255 1887479 (1576036) C rnd-1_family-17   Unknown           (3)    226       3 5307  
 1746   15.4 12.8  0.0  contig_75_pilon  1890658 1891015 (1572500) + rnd-1_family-74   Unknown             1    404     (6) 5308  
  924   14.8  4.9  0.9  contig_75_pilon  1891824 1892028 (1571487) C rnd-1_family-40   Unknown         (169)    213       1 5309  
  256   19.8  6.1  3.4  contig_75_pilon  1901995 1902109 (1561406) + rnd-1_family-81   Unknown          2202   2336   (533) 5310  
  242   25.5  7.3  2.0  contig_75_pilon  1902015 1902206 (1561309) C rnd-1_family-81   Unknown         (527)   2342    2141 5311 *
  258    3.3  0.0  0.0  contig_75_pilon  1902733 1902762 (1560753) + ltr-1_family-21   LTR/Gypsy        5409   5438   (324) 5312 *
  350   15.9  0.0  0.0  contig_75_pilon  1902759 1902821 (1560694) + ltr-1_family-21   LTR/Gypsy        5700   5762     (0) 5313  
  250   19.4  6.2 16.1  contig_75_pilon  1902822 1902950 (1560565) + ltr-1_family-22   LTR/Unknown         3    120     (0) 5314  
 3791    4.1  0.8  6.5  contig_75_pilon  1906425 1906924 (1556591) + ltr-1_family-9    LTR/Unknown        21    493     (0) 5315  
43762    5.1  1.1  0.9  contig_75_pilon  1906925 1912485 (1551030) + ltr-1_family-10   LTR/Gypsy           1   5568     (0) 5316  
 2929    5.5 15.4  0.2  contig_75_pilon  1912475 1912877 (1550638) + ltr-1_family-9    LTR/Unknown        30    493     (0) 5317 *
 6772   28.7  1.2  1.4  contig_75_pilon  1912867 1914916 (1548599) C rnd-1_family-59   LTR/Gypsy      (1488)   7505    5459 5318  
 1865    9.0  4.8  1.1  contig_75_pilon  1924725 1924994 (1538521) + rnd-1_family-11   Unknown            36    315    (85) 5319  
  710   19.3  3.5  2.3  contig_75_pilon  1925022 1925191 (1538324) + rnd-2_family-26   Unknown           133    304    (21) 5320  
 1037   19.8  0.9  6.8  contig_75_pilon  1925237 1925469 (1538046) C rnd-2_family-48   Unknown           (8)    220       1 5321  
  646   19.2 13.9  1.1  contig_75_pilon  1927166 1927323 (1536192) + rnd-2_family-436  Unknown             1    178    (33) 5322  
  402   18.2 13.0  3.4  contig_75_pilon  1929766 1929873 (1533642) C rnd-2_family-26   Unknown          (80)    245     128 5323  
 4421   17.7  6.7  6.5  contig_75_pilon  1931438 1932512 (1531003) C rnd-2_family-247  Unknown           (6)   1222     192 5324  
  871   13.0 13.8  5.2  contig_75_pilon  1938797 1938991 (1524524) + rnd-2_family-436  Unknown             1    211     (0) 5325  
 7821   11.5  0.2  0.2  contig_75_pilon  1939595 1940683 (1522832) C rnd-1_family-30   DNA/TcMar-Tc1     (0)   1089       1 5326  
  306    8.5  0.0  0.0  contig_75_pilon  1940707 1940753 (1522762) + rnd-1_family-30   DNA/TcMar-Tc1     905    951   (138) 5327  
  522   24.7 11.4  8.0  contig_75_pilon  1943832 1944086 (1519429) C rnd-2_family-108  Unknown           (3)    298      36 5328  
  266   21.4  0.0  4.0  contig_75_pilon  1946677 1946754 (1516761) C rnd-1_family-17   Unknown          (33)    196     122 5329  
  523   25.7 13.2  0.9  contig_75_pilon  1947514 1947717 (1515798) + rnd-1_family-97   Unknown          3049   3277  (1342) 5330  
  257   22.6  0.0 10.6  contig_75_pilon  1948216 1948319 (1515196) C rnd-1_family-44   Unknown         (367)   1247    1154 5331 *
  964   27.7  3.3  2.8  contig_75_pilon  1948270 1948662 (1514853) + rnd-1_family-66   Unknown             9    403   (316) 5332  
  972   23.1  4.2  1.9  contig_75_pilon  1948715 1949027 (1514488) C rnd-2_family-270  Unknown         (139)    640     321 5333  
 1176   13.6  1.6  1.1  contig_75_pilon  1949335 1949520 (1513995) + rnd-1_family-17   Unknown             1    187    (42) 5334 *
 1823   11.6  1.0  8.2  contig_75_pilon  1949516 1949816 (1513699) + rnd-1_family-2    Unknown             1    281     (0) 5335  
  370   12.7  0.0  1.8  contig_75_pilon  1949815 1949870 (1513645) + rnd-1_family-17   Unknown           171    225     (4) 5334 *
 1508   12.9  0.4  0.4  contig_75_pilon  1950346 1950571 (1512944) C rnd-1_family-17   Unknown           (3)    226       1 5336  
  387   13.8  0.0  1.7  contig_75_pilon  1950570 1950628 (1512887) + rnd-1_family-17   Unknown           171    228     (1) 5337 *
  721   24.7 11.3  0.0  contig_75_pilon  1951228 1951413 (1512102) C rnd-2_family-436  Unknown           (3)    208       2 5338  
 1265   23.0  8.3  1.4  contig_75_pilon  1951545 1951941 (1511574) + rnd-3_family-57   Unknown           777   1200    (57) 5339  
  801   23.6  5.2  0.0  contig_75_pilon  1953846 1954057 (1509458) + rnd-2_family-323  Unknown             1    223   (156) 5340  
  495   24.4  2.8  3.7  contig_75_pilon  1954644 1954860 (1508655) + rnd-2_family-50   Unknown             1    215   (281) 5341  
  636   29.2  0.5  0.9  contig_75_pilon  1973065 1973282 (1490233) + rnd-2_family-19   Unknown            25    241     (3) 5342  
  243   15.4  2.5  0.2  contig_75_pilon  1973388 1973534 (1489981) + rnd-1_family-81   Unknown          2220   2341   (528) 5343  
  346   23.3  0.0  0.0  contig_75_pilon  1978695 1978767 (1484748) + rnd-1_family-97   Unknown          3063   3135  (1484) 5344  
 1735   17.9  9.2  0.0  contig_75_pilon  1979777 1980134 (1483381) C rnd-2_family-247  Unknown           (0)   1228     838 5345  
  870   19.1  7.2  0.8  contig_75_pilon  1980136 1980357 (1483158) C rnd-2_family-247  Unknown         (342)    886     651 5346  
  999   19.2  1.4  0.7  contig_75_pilon  1980414 1980671 (1482844) C rnd-2_family-247  Unknown         (581)    647     344 5346  
  419   26.9  6.8  2.9  contig_75_pilon  2000136 2000161 (1463354) + rnd-2_family-270  Unknown           321    592   (185) 5347  
  534   26.3  7.2  1.6  contig_75_pilon  2000162 2000397 (1463118) C rnd-2_family-50   Unknown         (111)    385     137 5348  
  389   25.0  1.6  2.4  contig_75_pilon  2000450 2000576 (1462939) C rnd-2_family-50   Unknown         (370)    126       1 5348  
  332   23.4  8.5  0.0  contig_75_pilon  2010075 2010168 (1453347) + rnd-2_family-108  Unknown            33    134   (167) 5349 *
  886   21.9  6.9  0.9  contig_75_pilon  2010166 2010382 (1453133) + rnd-2_family-11   Unknown             2    231     (0) 5350  
  336   18.7  4.7  8.1  contig_75_pilon  2010429 2010556 (1452959) + rnd-2_family-108  Unknown           175    298     (3) 5349  
  419   23.0  8.5 14.8  contig_75_pilon  2011495 2011765 (1451750) C rnd-2_family-108  Unknown           (8)    293      38 5351  
  548   27.9  1.3  1.3  contig_75_pilon  2014650 2014805 (1448710) + rnd-2_family-48   Unknown            22    177    (51) 5352  
  588   29.2  2.4  0.0  contig_75_pilon  2018342 2018509 (1445006) + rnd-1_family-5    Unknown           231    402   (635) 5353  
  432   29.9  5.0  3.8  contig_75_pilon  2019354 2019534 (1443981) C rnd-1_family-90   Unknown        (2132)    312     130 5354  
  590   22.1  2.2  0.0  contig_75_pilon  2022406 2022541 (1440974) C rnd-3_family-310  Unknown         (371)    181      43 5355  
 1040    9.6  0.6  0.0  contig_75_pilon  2022553 2022708 (1440807) + rnd-1_family-20   Unknown             4    160     (0) 5356  
  398   21.9  9.2  5.9  contig_75_pilon  2025082 2025212 (1438303) C rnd-2_family-26   Unknown          (53)    272     138 5357  
  619   16.8  0.0  0.0  contig_75_pilon  2026955 2027055 (1436460) + rnd-1_family-97   Unknown          3059   3159  (1460) 5358  
  781   23.4  0.0  0.0  contig_75_pilon  2027119 2027272 (1436243) + rnd-1_family-97   Unknown          3123   3276  (1343) 5359  
  329   27.6  0.0 13.5  contig_75_pilon  2027286 2027436 (1436079) C rnd-1_family-97   Unknown        (1342)   3277    3145 5360 *
 1352   18.5  0.4  0.8  contig_75_pilon  2027435 2027690 (1435825) + rnd-1_family-36   Unknown             1    255     (0) 5361  
  774   14.3  9.5  0.0  contig_75_pilon  2029515 2029661 (1433854) C rnd-2_family-194  Unknown           (2)    214      54 5362  
  306   22.9  3.6  1.2  contig_75_pilon  2029732 2029815 (1433700) C rnd-2_family-194  Unknown         (129)     87       2 5363  
 1152   18.3  3.1 10.1  contig_75_pilon  2031127 2031412 (1432103) C rnd-2_family-149  Unknown          (35)    777     510 5364  
  703   24.2  7.8  6.4  contig_75_pilon  2032264 2032585 (1430930) C rnd-2_family-190  Unknown          (54)    393      68 5365  
 2198   20.8  5.5  1.3  contig_75_pilon  2032985 2033509 (1430006) + rnd-3_family-310  Unknown             3    549     (3) 5366  
 1484   14.2  0.0  0.4  contig_75_pilon  2036099 2036324 (1427191) C rnd-1_family-17   Unknown           (4)    225       1 5367  
  318   20.8  2.0  0.0  contig_75_pilon  2037588 2037688 (1425827) C rnd-3_family-310  Unknown         (336)    216     114 5368  
  896   24.4  3.1  0.8  contig_75_pilon  2057662 2057921 (1405594) + rnd-1_family-70   Unknown             1    266     (0) 5369  
  589   28.4  1.5  2.7  contig_75_pilon  2058325 2058588 (1404927) + rnd-1_family-78   Unknown             9    269   (484) 5370  
 1044   36.3  1.2  1.2  contig_75_pilon  2060523 2061086 (1402429) + ltr-1_family-14   LTR/Gypsy         525   1088  (4214) 5371  
  345   34.7  2.6  4.8  contig_75_pilon  2061531 2061763 (1401752) + ltr-1_family-14   LTR/Gypsy        1620   1847  (3455) 5371  
 1616   36.5  0.2  0.2  contig_75_pilon  2062064 2062922 (1400593) + ltr-1_family-14   LTR/Gypsy        2387   3245  (2057) 5371  
  518   24.0  0.8  0.0  contig_75_pilon  2062987 2063107 (1400408) + ltr-1_family-14   LTR/Gypsy        3431   3552  (1750) 5371  
 1630    4.8  0.0  0.0  contig_75_pilon  2063297 2063506 (1400009) C ltr-1_family-28   LTR/Unknown       (0)    211       2 5372  
  601   11.0  2.2  0.0  contig_75_pilon  2063501 2063591 (1399924) C ltr-1_family-29   LTR/Copia        (18)   3241    3149 5373 *
  527   34.0  4.1  3.6  contig_75_pilon  2063592 2064006 (1399509) C ltr-1_family-2    LTR/Copia       (158)   4340    3924 5374  
  514   33.9  2.6  2.1  contig_75_pilon  2064546 2064931 (1398584) C ltr-1_family-2    LTR/Copia      (1122)   3376    2989 5374  
24739    5.4  0.1  0.3  contig_75_pilon  2065087 2068233 (1395282) C ltr-1_family-29   LTR/Copia       (118)   3141       1 5375  
 1630    4.8  0.0  0.0  contig_75_pilon  2068234 2068443 (1395072) C ltr-1_family-28   LTR/Unknown       (0)    211       2 5376  
 1548   34.2  1.2  2.1  contig_75_pilon  2068611 2069506 (1394009) + ltr-1_family-14   LTR/Gypsy        3914   4801   (501) 5377  
 1433   29.0  0.6  1.0  contig_75_pilon  2070229 2070719 (1392796) + rnd-1_family-78   Unknown           265    753     (0) 5378  
  659    8.0  2.6  0.0  contig_75_pilon  2071889 2072001 (1391514) + rnd-1_family-40   Unknown             1    116   (266) 5379  
  259   33.0  1.6  1.0  contig_75_pilon  2072006 2072198 (1391317) + rnd-1_family-40   Unknown             2    195   (187) 5380  
  676   16.0  0.0  4.7  contig_75_pilon  2072429 2072605 (1390910) C ltr-1_family-17   LTR/Gypsy       (739)   4486    4318 5381 *
17386   17.3  0.9  2.8  contig_75_pilon  2072599 2075901 (1387614) + rnd-1_family-47   LTR/Gypsy           1   3242  (2398) 5382  
 5472   14.9  3.4  0.3  contig_75_pilon  2075897 2076777 (1386738) C ltr-1_family-17   LTR/Gypsy       (896)   4329    3422 5381 *
  570   17.6  0.0  0.0  contig_75_pilon  2076921 2077022 (1386493) + rnd-2_family-48   Unknown           127    228     (0) 5383  
 1292   14.0  1.8  1.3  contig_75_pilon  2077209 2077433 (1386082) C rnd-1_family-17   Unknown           (1)    228       3 5384  
  770   13.9  5.5  0.7  contig_75_pilon  2082344 2082488 (1381027) + rnd-2_family-26   Unknown           123    274    (51) 5385  
  309   24.2  1.7 15.1  contig_75_pilon  2084306 2084485 (1379030) + rnd-2_family-48   Unknown            28    186    (42) 5386  
 2834   12.2  0.0  0.8  contig_75_pilon  2085117 2085519 (1377996) C rnd-1_family-11   Unknown           (0)    400       1 5387  
 1225   16.1  0.0  5.3  contig_75_pilon  2085550 2085786 (1377729) C rnd-1_family-17   Unknown           (4)    225       1 5388  
 1795    8.2  9.3  0.7  contig_75_pilon  2087966 2088224 (1375291) + rnd-1_family-2    Unknown             1    281     (0) 5389  
  348   29.4  1.8  9.8  contig_75_pilon  2097913 2098131 (1365384) C rnd-1_family-66   Unknown         (473)    246      44 5390  
  566   19.7  3.9  4.6  contig_75_pilon  2099337 2099490 (1364025) + rnd-2_family-26   Unknown            27    179   (146) 5391 *
 1694    8.7 23.5  0.0  contig_75_pilon  2099488 2099823 (1363692) + rnd-1_family-8    Unknown             2    416     (0) 5392  
 1377   11.8  0.5  1.0  contig_75_pilon  2099831 2100036 (1363479) C rnd-1_family-17   Unknown           (5)    224      20 5393  
  346   14.6 18.1  1.0  contig_75_pilon  2100040 2100122 (1363393) + rnd-2_family-26   Unknown           176    272    (53) 5391  
  903   20.5  3.6  4.4  contig_75_pilon  2100859 2101108 (1362407) C rnd-2_family-26   Unknown          (54)    271      24 5394  
  463   22.7  3.3  0.8  contig_75_pilon  2101109 2101228 (1362287) + rnd-2_family-26   Unknown           152    274    (51) 5395  
  688   18.4  0.0  0.8  contig_75_pilon  2101616 2101741 (1361774) C rnd-1_family-97   Unknown        (1346)   3273    3149 5396  
  319   23.2  4.6  1.1  contig_75_pilon  2102104 2102190 (1361325) C rnd-1_family-97   Unknown        (1484)   3135    3046 5396  
  654   18.8 16.8  1.5  contig_75_pilon  2107935 2108107 (1355408) + rnd-2_family-48   Unknown             8    206    (22) 5397  
  609   19.9  2.3  0.0  contig_75_pilon  2110951 2111081 (1352434) C rnd-2_family-399  Unknown           (1)    231      98 5398  
16832   15.4  0.7  0.9  contig_75_pilon  2111263 2113820 (1349695) C ltr-1_family-12   LTR/Gypsy      (3126)   4338    1786 5399  
 5774   16.2  0.8  1.5  contig_75_pilon  2113841 2114754 (1348761) C ltr-1_family-15   LTR/Unknown      (13)   1459     553 5400  
  416   22.8  2.2  0.0  contig_75_pilon  2114749 2114840 (1348675) C ltr-1_family-15   LTR/Unknown    (1321)    151      58 5400 *
17543   18.0  1.2  2.5  contig_75_pilon  2114843 2118119 (1345396) C rnd-1_family-47   LTR/Gypsy      (2402)   3238       1 5401  
 6509   18.1  1.3  3.1  contig_75_pilon  2118178 2119433 (1344082) C ltr-1_family-12   LTR/Gypsy      (5677)   1787     554 5399  
  404   15.3  0.0  2.8  contig_75_pilon  2119847 2119920 (1343595) C ltr-1_family-11   LTR/Unknown       (1)    288     217 5402  
  503   25.0  0.0  0.8  contig_75_pilon  2121137 2121257 (1342258) + rnd-1_family-97   Unknown          3149   3268  (1351) 5403  
  320   18.0  0.0  1.6  contig_75_pilon  2124532 2124593 (1338922) C rnd-2_family-26   Unknown         (135)    190     130 5404  
  315   16.4  1.8  0.0  contig_75_pilon  2124859 2124913 (1338602) + rnd-2_family-26   Unknown           219    274    (51) 5405  
  490   12.7  9.2 10.0  contig_75_pilon  2129387 2129517 (1333998) C rnd-2_family-48   Unknown          (87)    141      12 5406  
  416   16.1 11.5  0.0  contig_75_pilon  2129848 2129934 (1333581) C rnd-3_family-331  Unknown           (0)     97       1 5407  
  583   23.6  1.4  0.7  contig_75_pilon  2130017 2130161 (1333354) C rnd-3_family-333  Unknown          (24)    685     540 5408  
  398   37.7  2.3  3.0  contig_75_pilon  2130455 2130853 (1332662) C rnd-1_family-97   Unknown        (2065)   2554    2159 5409  
  339   26.2  5.0  6.2  contig_75_pilon  2140659 2140837 (1322678) + rnd-1_family-37   Unknown             1    177    (21) 5410  
  316   15.1  0.0  0.0  contig_75_pilon  2141049 2141101 (1322414) C rnd-2_family-153  Unknown         (692)     57       5 5411  
  521   22.2  1.1  1.6  contig_75_pilon  2141231 2141418 (1322097) C rnd-3_family-9    Unknown         (373)    219      33 5412  
 2911    7.6  1.2  0.5  contig_75_pilon  2142157 2142568 (1320947) C rnd-1_family-8    Unknown           (0)    416       2 5413  
  528   27.4  2.5  1.8  contig_75_pilon  2145340 2145663 (1317852) + rnd-2_family-153  Unknown             1    326   (423) 5414  
  307   29.1  3.3  3.3  contig_75_pilon  2145719 2145871 (1317644) + rnd-2_family-153  Unknown           331    483   (266) 5414  
  339   26.2  5.0  6.2  contig_75_pilon  2146321 2146499 (1317016) C rnd-1_family-37   Unknown          (21)    177       1 5415  
 1434   13.0  0.0  1.4  contig_75_pilon  2156948 2157173 (1306342) C rnd-1_family-17   Unknown           (6)    223       1 5416  
 1084   20.7  0.7  5.0  contig_75_pilon  2158213 2158651 (1304864) C rnd-1_family-17   Unknown           (4)    225      18 5417  
  302   19.1 31.3  0.0  contig_75_pilon  2158687 2158801 (1304714) C rnd-1_family-2    Unknown           (0)    281     131 5418 *
  633   15.8  2.9  0.0  contig_75_pilon  2158706 2158858 (1304657) + rnd-1_family-37   Unknown             1    198     (0) 5419  
  795    9.8 22.0  0.6  contig_75_pilon  2159987 2160172 (1303343) C rnd-1_family-17   Unknown           (3)    226       1 5420  
  333   28.7  2.0  0.0  contig_75_pilon  2161068 2161168 (1302347) C rnd-1_family-97   Unknown        (1343)   3276    3174 5421  
 4269   10.4  1.2  1.6  contig_75_pilon  2163278 2164029 (1299486) C rnd-2_family-153  Unknown           (0)    749       1 5422  
  948   17.8 11.0  0.8  contig_75_pilon  2170301 2170527 (1292988) + rnd-2_family-26   Unknown            20    269    (56) 5423  
  745   22.1  3.6  7.5  contig_75_pilon  2171955 2172204 (1291311) + rnd-2_family-19   Unknown             1    241     (3) 5424  
  865   10.4 12.4  6.3  contig_75_pilon  2174788 2174981 (1288534) C rnd-2_family-436  Unknown           (0)    211       7 5425  
  537   28.5  2.4  0.0  contig_75_pilon  2177152 2177316 (1286199) + rnd-2_family-26   Unknown           102    270    (55) 5426  
 2971    8.4  0.2  3.4  contig_75_pilon  2178405 2178833 (1284682) C rnd-1_family-8    Unknown           (0)    416       1 5427  
 2571    9.8  3.0  7.3  contig_75_pilon  2179442 2179871 (1283644) + rnd-1_family-8    Unknown             3    415     (1) 5428  
  784   15.0 12.6  7.4  contig_75_pilon  2190443 2190673 (1272842) + rnd-2_family-19   Unknown             1    242     (2) 5429  
  725   21.0  6.9  5.6  contig_75_pilon  2192560 2192806 (1270709) C rnd-2_family-26   Unknown          (49)    276      27 5430  
 1026   27.5  5.8  4.0  contig_75_pilon  2196111 2196625 (1266890) + rnd-1_family-66   Unknown             2    525   (194) 5431  
  274   25.4  7.2  2.9  contig_75_pilon  2196506 2196671 (1266844) C rnd-2_family-195  Unknown           (0)    552     380 5432 *
 3076   13.7  1.0  0.4  contig_75_pilon  2196747 2197238 (1266277) + rnd-1_family-4    Unknown             2    496     (0) 5433  
 2577   13.0  0.0  0.6  contig_75_pilon  2197800 2198163 (1265352) + rnd-1_family-8    Unknown             4    365    (51) 5434  
  226    9.4  0.0  0.0  contig_75_pilon  2198279 2198310 (1265205) + rnd-1_family-8    Unknown           333    364    (52) 5435 *
  620    6.2  1.2  0.0  contig_75_pilon  2198308 2198388 (1265127) + rnd-1_family-8    Unknown           334    415     (1) 5435  
  354   15.2  1.7  0.0  contig_75_pilon  2201325 2201383 (1262132) + rnd-3_family-331  Unknown            37     96     (1) 5436 *
  553   21.4  4.0  2.0  contig_75_pilon  2201382 2201529 (1261986) + rnd-2_family-26   Unknown           122    272    (53) 5437  
 2303    6.8  0.0  0.0  contig_75_pilon  2204401 2204680 (1258835) + rnd-1_family-2    Unknown             1    280     (1) 5438  
  352   21.7 48.8  2.0  contig_75_pilon  2205824 2206009 (1257506) + rnd-2_family-50   Unknown            97    369   (127) 5439  
 1246   13.0  0.0  0.0  contig_75_pilon  2206317 2206508 (1257007) + rnd-1_family-79   Unknown             1    192     (0) 5440  
 1374   13.2  0.0  2.4  contig_75_pilon  2206923 2207140 (1256375) + rnd-1_family-17   Unknown             1    213    (16) 5441  
  316   30.9  8.2  1.4  contig_75_pilon  2208280 2208473 (1255042) C rnd-1_family-44   Unknown         (377)   1237    1031 5442  
  296   29.8  0.0  0.0  contig_75_pilon  2208433 2208536 (1254979) + rnd-1_family-66   Unknown           136    239   (480) 5443 *
 2710   13.1  1.0  0.7  contig_75_pilon  2210670 2211085 (1252430) C rnd-1_family-30   DNA/TcMar-Tc1     (0)   1089     673 5444  
  306   21.0 22.4  0.0  contig_75_pilon  2211522 2211664 (1251851) + rnd-2_family-50   Unknown           215    389   (107) 5445  
  293   22.1 17.8  1.7  contig_75_pilon  2211544 2211695 (1251820) C rnd-2_family-195  Unknown         (340)    212      37 5446 *
 1125   21.2  1.8  0.9  contig_75_pilon  2212358 2212585 (1250930) + rnd-1_family-97   Unknown          3048   3277  (1342) 5447  
  249   24.1  7.5  6.6  contig_75_pilon  2213393 2213512 (1250003) C rnd-1_family-44   Unknown         (382)   1232    1112 5448 *
 2595   14.1  2.1  1.9  contig_75_pilon  2213419 2214087 (1249428) + rnd-1_family-66   Unknown             2    715     (4) 5449  
 1274   26.8  2.6  0.8  contig_75_pilon  2214171 2214554 (1248961) C rnd-1_family-66   Unknown         (321)    398       8 5450  
  251   26.0  6.4  4.4  contig_75_pilon  2214677 2214833 (1248682) + rnd-2_family-50   Unknown           233    392   (104) 5451 *
  275   25.7  6.4  3.5  contig_75_pilon  2214720 2214860 (1248655) C rnd-2_family-270  Unknown         (321)    458     314 5452  
 2695   14.3  0.0  1.0  contig_75_pilon  2218491 2218886 (1244629) C rnd-1_family-11   Unknown           (7)    393       2 5453  
  407   25.5  5.4  2.0  contig_75_pilon  2219624 2219771 (1243744) + rnd-2_family-195  Unknown           198    350   (202) 5454  
  540   26.2  0.0 14.5  contig_75_pilon  2220629 2220873 (1242642) C rnd-2_family-247  Unknown         (948)    280      67 5455  
 2775    6.3  0.8  0.5  contig_75_pilon  2221144 2221524 (1241991) + rnd-1_family-40   Unknown             1    382     (0) 5456  
 2654    5.9  5.9  0.3  contig_75_pilon  2222383 2222737 (1240778) C rnd-1_family-74   Unknown          (35)    375       1 5457  
  681   27.2  2.6  2.0  contig_75_pilon  2226637 2226831 (1236684) + rnd-3_family-57   Unknown          1062   1257     (0) 5458  
 1559   10.7  0.9  1.3  contig_75_pilon  2231519 2231745 (1231770) C rnd-1_family-17   Unknown           (3)    226       1 5459  
 2999   13.5  0.7  0.7  contig_75_pilon  2231815 2232268 (1231247) C rnd-1_family-52   Unknown           (0)    458       5 5460  
 1303   18.1  1.8  0.4  contig_75_pilon  2244632 2244859 (1218656) C rnd-1_family-97   Unknown        (1343)   3276    3046 5461  
  727   17.0  3.1  1.8  contig_75_pilon  2249298 2249459 (1214056) + rnd-2_family-26   Unknown           136    299    (26) 5462  
 1474   16.8  5.2  2.8  contig_75_pilon  2253170 2253556 (1209959) + rnd-3_family-333  Unknown             1    396   (313) 5463  
  230   18.9  0.0  3.3  contig_75_pilon  2253526 2253618 (1209897) + rnd-1_family-81   Unknown          2234   2323   (546) 5464 *
 1367   17.6  4.0  1.0  contig_75_pilon  2253637 2253934 (1209581) + rnd-3_family-333  Unknown           397    703     (6) 5463  
  388   26.7  0.0  0.0  contig_75_pilon  2261776 2261865 (1201650) + rnd-2_family-48   Unknown             6     95   (133) 5465  
 1649   12.6  0.0  0.4  contig_75_pilon  2263745 2263991 (1199524) C rnd-1_family-16   Unknown           (0)    246       1 5466  
  553   27.9  5.1  4.3  contig_75_pilon  2264702 2264956 (1198559) + rnd-2_family-108  Unknown            41    297     (4) 5467  
  266    6.5  0.0  0.0  contig_75_pilon  2273304 2273334 (1190181) + rnd-1_family-2    Unknown             1     31   (250) 5468  
  536   28.5  1.8  0.0  contig_75_pilon  2273758 2273922 (1189593) C rnd-1_family-5    Unknown         (635)    402     235 5469  
  343   12.1  4.5  0.0  contig_75_pilon  2286636 2286701 (1176814) C rnd-2_family-272  Unknown        (4694)   3377    3309 5470  
  390   31.4  4.1  3.8  contig_75_pilon  2295712 2296159 (1167356) C ltr-1_family-34   LTR/Copia       (353)   4133    3693 5471  
  426   35.2  5.1  4.4  contig_75_pilon  2296590 2297159 (1166356) C ltr-1_family-34   LTR/Copia      (1104)   3142    2569 5471  
  611   17.2  9.9  5.4  contig_75_pilon  2303933 2304073 (1159442) + rnd-2_family-251  Unknown             1    147     (2) 5472  
  334   26.1  2.5  3.4  contig_75_pilon  2307697 2307815 (1155700) C rnd-2_family-26   Unknown         (140)    185      68 5473  
  238   23.3  2.6  4.0  contig_75_pilon  2319546 2319621 (1143894) C rnd-1_family-69   Unknown           (5)    211     137 5474  
  228   20.7  3.4  1.7  contig_75_pilon  2319650 2319708 (1143807) C rnd-1_family-69   Unknown         (153)     63       4 5474  
 1385   13.0  1.4  0.9  contig_75_pilon  2319840 2320057 (1143458) + rnd-1_family-17   Unknown             7    225     (4) 5475  
  354   27.8  4.1  2.0  contig_75_pilon  2320271 2320417 (1143098) + rnd-1_family-5    Unknown           240    389   (648) 5476  
 1725   27.3  2.3  1.6  contig_75_pilon  2320753 2321326 (1142189) + rnd-2_family-247  Unknown           651   1228     (0) 5477  
 1064   23.8  4.3  6.2  contig_75_pilon  2322622 2322997 (1140518) C rnd-2_family-323  Unknown          (10)    369       1 5478  
  324   30.8  3.7  5.0  contig_75_pilon  2323458 2323782 (1139733) C rnd-2_family-190  Unknown          (55)    392      72 5479  
  702   25.7  1.9  1.9  contig_75_pilon  2323858 2324063 (1139452) C rnd-1_family-97   Unknown        (1352)   3267    3062 5480  
 1587   10.3  0.4  0.4  contig_75_pilon  2324152 2324376 (1139139) C rnd-1_family-17   Unknown           (4)    225       1 5481  
  474   22.9  7.0  4.8  contig_75_pilon  2334252 2334393 (1129122) C rnd-3_family-333  Unknown         (113)    596     452 5482  
  268   25.3  1.1  1.1  contig_75_pilon  2336530 2336617 (1126898) + rnd-2_family-272  Unknown          3323   3410  (4661) 5483  
  261   10.4  2.0  6.1  contig_75_pilon  2344305 2344355 (1119160) C rnd-2_family-399  Unknown          (29)    203     155 5484  
 2296   18.1  2.9  0.3  contig_75_pilon  2344527 2344908 (1118607) + rnd-2_family-1080 Unknown             1    392     (0) 5485  
  521   12.8 22.0  0.7  contig_75_pilon  2346001 2346118 (1117397) + rnd-1_family-97   Unknown          3062   3204  (1415) 5486  
  467   20.0  0.0  0.0  contig_75_pilon  2349820 2349894 (1113621) + rnd-1_family-97   Unknown          3203   3277  (1342) 5486  
 2495   12.5  3.1  5.3  contig_75_pilon  2349922 2350343 (1113172) C rnd-1_family-8    Unknown           (0)    416       4 5487  
  803   19.8  1.6  1.1  contig_75_pilon  2350862 2351045 (1112470) + rnd-2_family-247  Unknown            61    245   (983) 5488  
 1814   20.3  0.2  7.8  contig_75_pilon  2351062 2351531 (1111984) + rnd-2_family-247  Unknown           209    645   (583) 5489  
 1575   23.5  5.5  0.5  contig_75_pilon  2351594 2352012 (1111503) + rnd-2_family-247  Unknown           653   1092   (136) 5489  
  341   26.5  4.0  2.9  contig_75_pilon  2352154 2352254 (1111261) + rnd-1_family-97   Unknown          3174   3275  (1344) 5490  
  866   17.5  3.9  2.9  contig_75_pilon  2358054 2358259 (1105256) C rnd-2_family-399  Unknown          (22)    210       3 5491  
  235   19.6  8.8  9.9  contig_75_pilon  2359060 2359161 (1104354) C rnd-2_family-26   Unknown         (110)    215     115 5492  
  354   13.9  4.8  4.8  contig_75_pilon  2359942 2360024 (1103491) C rnd-3_family-331  Unknown           (1)     96      14 5493  
  467   27.3  5.1  4.7  contig_75_pilon  2368609 2368862 (1094653) + rnd-2_family-26   Unknown            25    279    (46) 5494  
  238   26.3  8.7  3.8  contig_75_pilon  2369026 2369175 (1094340) C rnd-1_family-44   Unknown         (382)   1232    1076 5495 *
  852   10.9  3.1  0.0  contig_75_pilon  2369051 2369178 (1094337) + rnd-1_family-66   Unknown             1    132   (587) 5496  
  416   13.2  1.3  0.0  contig_75_pilon  2369425 2369500 (1094015) + rnd-1_family-66   Unknown           643    719     (0) 5496 *
 1766   23.0  5.0  0.9  contig_75_pilon  2369469 2369991 (1093524) C rnd-1_family-66   Unknown         (175)    544       1 5497  
  436   28.1  4.7  5.6  contig_75_pilon  2369783 2370016 (1093499) + rnd-1_family-44   Unknown          1001   1232   (382) 5498 *
  479   22.2  0.0  2.8  contig_75_pilon  2370062 2370172 (1093343) C ltr-1_family-12   LTR/Gypsy      (6545)    919     812 5499  
 4602   14.3  2.1  0.8  contig_75_pilon  2370313 2371040 (1092475) C rnd-1_family-30   DNA/TcMar-Tc1   (352)    737       1 5500  
 1119    9.8  0.0 11.4  contig_75_pilon  2371074 2371269 (1092246) + rnd-1_family-30   DNA/TcMar-Tc1     911   1086     (3) 5501  
  658    9.7  1.1  0.0  contig_75_pilon  2371645 2371737 (1091778) C rnd-1_family-2    Unknown           (0)    281     188 5502  
 1541   11.7  0.0  1.8  contig_75_pilon  2371741 2371967 (1091548) + rnd-1_family-17   Unknown             3    225     (4) 5503  
 1143   13.7  5.2  0.0  contig_75_pilon  2371967 2372019 (1091496) C rnd-1_family-2    Unknown          (85)    196      45 5502 *
  315   24.6  0.0 23.9  contig_75_pilon  2372020 2372190 (1091325) + rnd-1_family-37   Unknown            45    182    (16) 5504  
 1143   13.7  5.2  0.0  contig_75_pilon  2372191 2372203 (1091312) C rnd-1_family-2    Unknown          (85)     44       2 5502  
  638   21.9  3.8 11.4  contig_75_pilon  2372571 2372833 (1090682) C rnd-2_family-26   Unknown          (58)    267      23 5505  
  745   16.1  0.0  0.0  contig_75_pilon  2372977 2373094 (1090421) + rnd-1_family-17   Unknown             1    118   (111) 5506 *
 1586   14.7  3.0  0.7  contig_75_pilon  2373092 2373359 (1090156) C rnd-1_family-30   DNA/TcMar-Tc1   (815)    274       1 5507  
  864    9.9  0.0  4.6  contig_75_pilon  2373383 2373519 (1089996) + rnd-1_family-30   DNA/TcMar-Tc1     905   1035    (54) 5508  
 2092    7.7  0.7  1.0  contig_75_pilon  2385052 2385341 (1078174) + ltr-1_family-11   LTR/Unknown         1    289     (0) 5509  
12643    7.8  2.6  1.4  contig_75_pilon  2385342 2387108 (1076407) + ltr-1_family-12   LTR/Gypsy           1   1787  (5677) 5510  
11219    7.2  0.8  0.2  contig_75_pilon  2387109 2388558 (1074957) + ltr-1_family-15   LTR/Unknown         2   1459    (13) 5511  
45387    5.4  0.8  0.6  contig_75_pilon  2388560 2394238 (1069277) + ltr-1_family-12   LTR/Gypsy        1761   7450    (14) 5510  
  229   21.6  2.0  0.0  contig_75_pilon  2396394 2396444 (1067071) C rnd-3_family-331  Unknown           (1)     96      45 5512  
  637   23.4  3.1  0.6  contig_75_pilon  2399550 2399712 (1063803) + rnd-1_family-5    Unknown           236    402   (635) 5513  
  532   26.7  6.8  0.0  contig_75_pilon  2401228 2401388 (1062127) C rnd-1_family-2    Unknown           (0)    281     110 5514 *
  759   23.9  5.0  6.1  contig_75_pilon  2401245 2401444 (1062071) + rnd-1_family-37   Unknown             1    198     (0) 5515  
 6218    7.5  0.6  1.1  contig_75_pilon  2402646 2403485 (1060030) + rnd-1_family-77   Unknown           845   1680  (1070) 5516  
 2067    7.6  1.4  1.4  contig_75_pilon  2416214 2416494 (1047021) + rnd-1_family-2    Unknown             1    281     (0) 5517  
  296   22.4  6.9  6.9  contig_75_pilon  2424051 2424194 (1039321) C rnd-2_family-108  Unknown          (10)    291     148 5518  
  586   30.1  3.6  4.4  contig_75_pilon  2428247 2428521 (1034994) + rnd-2_family-50   Unknown           130    402    (94) 5519  
  559   26.5  0.6  1.2  contig_75_pilon  2428598 2428769 (1034746) + rnd-3_family-57   Unknown           894   1064   (193) 5520  
  365   16.5  1.3  4.0  contig_75_pilon  2431731 2431806 (1031709) C rnd-2_family-19   Unknown         (149)     95      22 5521  
  335   18.2  0.0  0.0  contig_75_pilon  2435443 2435497 (1028018) + rnd-2_family-48   Unknown            41     95   (133) 5522 *
 2932    9.8  4.0  0.0  contig_75_pilon  2435496 2435895 (1027620) C rnd-1_family-8    Unknown           (0)    416       1 5523  
  555   23.4  1.4  0.7  contig_75_pilon  2435887 2436024 (1027491) + rnd-2_family-48   Unknown            87    225     (3) 5522 *
14489    2.9  0.3  0.0  contig_75_pilon  2456659 2458271 (1005244) C rnd-1_family-71   DNA/TcMar-Tc1     (0)   1618       1 5524  
 7027   13.4  0.0  0.9  contig_75_pilon  2457474 2458551 (1004964) + rnd-1_family-30   DNA/TcMar-Tc1       1   1068    (21) 5525 *
  277   15.6  0.0  0.0  contig_75_pilon  2458585 2458629 (1004886) + rnd-1_family-30   DNA/TcMar-Tc1    1042   1086     (3) 5526  
  774   17.0  7.5  0.2  contig_75_pilon  2464615 2464626  (998889) + rnd-1_family-2    Unknown             1     82   (199) 5527  
  471   21.6 17.6  0.0  contig_75_pilon  2464627 2464774  (998741) C rnd-1_family-37   Unknown          (16)    182       9 5528  
  774   17.0  7.5  0.2  contig_75_pilon  2464775 2464799  (998716) + rnd-1_family-2    Unknown            83    281     (0) 5527  
  305   25.7  6.3  1.6  contig_75_pilon  2466172 2466345  (997170) + rnd-2_family-399  Unknown            50    231     (1) 5529  
  717   24.1  7.3  1.2  contig_75_pilon  2474052 2474446  (989069) C rnd-2_family-50   Unknown          (73)    423       5 5530  
  238   32.4  6.3  2.9  contig_75_pilon  2475216 2475453  (988062) C rnd-1_family-97   Unknown        (2164)   2455    2210 5531  
12103    8.9  2.6  0.2  contig_75_pilon  2478296 2479965  (983550) + rnd-1_family-89   DNA/TcMar-Tc1       1   1710     (0) 5532  
  308    2.8  0.0  0.0  contig_75_pilon  2479944 2479979  (983536) C rnd-1_family-89   DNA/TcMar-Tc1  (1674)     36       1 5533 *
  592   20.9  5.3  6.6  contig_75_pilon  2481450 2481618  (981897) + rnd-2_family-108  Unknown           109    275    (26) 5534  
  727   19.1  1.8 16.6  contig_75_pilon  2486984 2487266  (976249) C rnd-2_family-26   Unknown          (56)    269      23 5535  
 1350   14.7  0.4  0.4  contig_75_pilon  2491492 2491717  (971798) C rnd-1_family-17   Unknown           (3)    226       1 5536  
  362   23.6  3.2 12.0  contig_75_pilon  2492344 2492497  (971018) C rnd-2_family-399  Unknown           (7)    225      84 5537  
 3347   18.3  1.8  3.2  contig_75_pilon  2505006 2505774  (957741) + rnd-2_family-149  Unknown             4    762    (50) 5538  
  968   14.3 30.6  0.0  contig_75_pilon  2514266 2514497  (949018) C rnd-2_family-156  DNA/TcMar-Tc1   (839)    755     453 5539  
  818   25.2  8.6  0.0  contig_75_pilon  2514513 2514746  (948769) C rnd-2_family-156  DNA/TcMar-Tc1  (1101)    493     240 5539 *
12238    8.2  0.2  0.2  contig_75_pilon  2514746 2516454  (947061) + rnd-1_family-89   DNA/TcMar-Tc1       1   1710     (0) 5540  
 1465   20.3  6.9  1.4  contig_75_pilon  2516834 2517369  (946146) + rnd-2_family-270  Unknown            38    743    (36) 5541  
  451   27.6 10.5  1.0  contig_75_pilon  2517318 2517602  (945913) C rnd-1_family-66   Unknown         (257)    462     151 5542 *
  271   27.2  3.9  0.0  contig_75_pilon  2522006 2522108  (941407) C rnd-2_family-108  Unknown         (153)    148      42 5543  
  366   18.9  1.1  3.3  contig_75_pilon  2525154 2525246  (938269) + rnd-3_family-331  Unknown             5     95     (2) 5544  
  547   23.9  3.6  0.0  contig_75_pilon  2525256 2525393  (938122) + rnd-2_family-26   Unknown           130    272    (53) 5545  
  245   26.1  5.0  4.1  contig_75_pilon  2525645 2525764  (937751) + rnd-2_family-26   Unknown            26    146   (179) 5546  
  583   17.2  2.9  1.4  contig_75_pilon  2527219 2527354  (936161) + rnd-2_family-26   Unknown           148    285    (40) 5546  
  401   23.1  8.5  0.9  contig_75_pilon  2528646 2528846  (934669) + rnd-3_family-9    Unknown           341    556    (36) 5547  
  232   28.9  0.9  4.5  contig_75_pilon  2532857 2532972  (930543) + rnd-2_family-194  Unknown             3    114   (102) 5548  
  340   22.2  0.0 13.7  contig_75_pilon  2533071 2533211  (930304) + rnd-2_family-19   Unknown            71    194    (50) 5549  
  837   21.4  6.8  1.2  contig_75_pilon  2533216 2533452  (930063) C rnd-2_family-26   Unknown          (51)    274      25 5550  
  825   17.4  4.1  1.0  contig_75_pilon  2534147 2534343  (929172) + rnd-2_family-26   Unknown            80    282    (43) 5551  
 1346   21.5 10.6  0.2  contig_75_pilon  2535190 2535595  (927920) C rnd-3_family-310  Unknown           (0)    552     105 5552  
  359   24.6  2.3  2.3  contig_75_pilon  2535866 2535994  (927521) C rnd-1_family-44   Unknown         (382)   1232    1104 5553  
  292   32.3  3.8  3.5  contig_75_pilon  2535955 2536268  (927247) + rnd-1_family-66   Unknown            66    380   (339) 5554 *
  272   31.9  2.2  4.1  contig_75_pilon  2536179 2536369  (927146) C rnd-2_family-272  Unknown        (7405)    666     356 5555 *
  410   24.0  0.8  0.8  contig_75_pilon  2536370 2536495  (927020) + rnd-2_family-50   Unknown             1    126   (370) 5556  
  496   29.7  2.9  0.5  contig_75_pilon  2536637 2536846  (926669) + rnd-1_family-97   Unknown          3057   3271  (1348) 5557  
  487   18.8  3.2  1.9  contig_75_pilon  2536854 2537010  (926505) + rnd-2_family-50   Unknown           192    350   (146) 5556  
  932   23.5  0.9  0.0  contig_75_pilon  2541163 2541379  (922136) C rnd-1_family-97   Unknown        (1342)   3277    3059 5558  
  813   23.9  0.5  0.9  contig_75_pilon  2543597 2543811  (919704) + rnd-1_family-97   Unknown          3064   3277  (1342) 5559  
  617   25.8  2.6  0.8  contig_75_pilon  2550067 2550297  (913218) + rnd-2_family-272  Unknown          3313   3547  (4524) 5560  
  241   24.3  0.8  4.7  contig_75_pilon  2554037 2554094  (909421) + rnd-2_family-270  Unknown           291    419   (360) 5561  
  317   19.7  0.0  0.0  contig_75_pilon  2554095 2554170  (909345) C rnd-2_family-50   Unknown         (107)    389     314 5562  
  384   14.1  7.5  0.9  contig_75_pilon  2554252 2554358  (909157) C rnd-2_family-50   Unknown         (284)    212      99 5562  
  344   20.7  8.9  0.8  contig_75_pilon  2554262 2554373  (909142) + rnd-2_family-195  Unknown           252    372   (180) 5563 *
  291   13.8  4.4  4.4  contig_75_pilon  2555375 2555465  (908050) + rnd-2_family-50   Unknown           124    214   (282) 5564 *
  399   27.4  1.3  8.8  contig_75_pilon  2555395 2555710  (907805) C rnd-2_family-272  Unknown        (7405)    666     373 5565  
  640   11.2  0.9  0.0  contig_75_pilon  2556236 2556342  (907173) C ltr-1_family-12   LTR/Gypsy        (13)   7451    7344 5566 *
 2193    5.9  0.3  0.0  contig_75_pilon  2556338 2556625  (906890) C ltr-1_family-11   LTR/Unknown       (0)    289       1 5567  
 5074    6.2  2.8  0.4  contig_75_pilon  2556629 2557331  (906184) C ltr-1_family-12   LTR/Gypsy         (2)   7462    6743 5568 *
16062    5.4  0.3  0.3  contig_75_pilon  2557325 2559417  (904098) C ltr-1_family-12   LTR/Gypsy      (2941)   4523    2431 5568  
 7540   17.3  1.5  3.0  contig_75_pilon  2559408 2560954  (902561) + ltr-1_family-6    LTR/Gypsy        8132   9655  (3747) 5569 *
 5955   17.3  0.1  2.7  contig_75_pilon  2560944 2562078  (901437) + rnd-1_family-47   LTR/Gypsy        2141   3246  (2394) 5570 *
 4902    7.2  0.1  0.1  contig_75_pilon  2562070 2562722  (900793) C ltr-1_family-12   LTR/Gypsy      (5028)   2436    1784 5571 *
10056    9.8  0.7  0.2  contig_75_pilon  2562741 2564191  (899324) C ltr-1_family-15   LTR/Unknown      (13)   1459       2 5572  
 4496    9.4  1.0  1.4  contig_75_pilon  2564192 2564882  (898633) C ltr-1_family-12   LTR/Gypsy      (5677)   1787    1100 5571  
  334    3.9  0.0  0.0  contig_75_pilon  2564873 2564923  (898592) C ltr-1_family-12   LTR/Gypsy      (6314)   1150    1100 5573 *
  368    3.7  0.0  0.0  contig_75_pilon  2564911 2564964  (898551) C ltr-1_family-12   LTR/Gypsy      (6311)   1153    1100 5573 *
 6995    9.3  3.9  1.4  contig_75_pilon  2564952 2566076  (897439) C ltr-1_family-12   LTR/Gypsy      (6311)   1153       1 5573  
 2200    5.2  0.0  0.7  contig_75_pilon  2566077 2566367  (897148) C ltr-1_family-11   LTR/Unknown       (0)    289       1 5574  
 1291   12.4  1.5  0.5  contig_75_pilon  2566546 2566747  (896768) C rnd-1_family-11   Unknown         (195)    205       2 5575  
 2554   12.0  3.7  0.5  contig_75_pilon  2566749 2567151  (896364) C rnd-1_family-8    Unknown           (0)    416       1 5576  
 1445   12.9  0.0  1.3  contig_75_pilon  2567359 2567586  (895929) C rnd-1_family-17   Unknown           (4)    225       1 5577  
  766   28.2  0.5  0.0  contig_75_pilon  2568467 2568679  (894836) C rnd-1_family-97   Unknown        (1342)   3277    3064 5578  
  829   19.6  1.2  8.7  contig_75_pilon  2568772 2569017  (894498) + rnd-2_family-19   Unknown             2    230    (14) 5579  
  391   28.3  9.6  2.4  contig_75_pilon  2569464 2569818  (893697) + rnd-1_family-66   Unknown           145    524   (195) 5580 *
 2382   15.5  1.0  0.8  contig_75_pilon  2569805 2570299  (893216) + rnd-2_family-50   Unknown             1    496     (0) 5581  
 2643   20.3  4.3  3.0  contig_75_pilon  2570319 2571065  (892450) C rnd-2_family-149  Unknown          (40)    772      17 5582  
  678   24.5  4.5  1.5  contig_75_pilon  2571089 2571287  (892228) + rnd-1_family-97   Unknown          3064   3268  (1351) 5583  
  309   23.2  9.7  3.5  contig_75_pilon  2571634 2571767  (891748) C rnd-2_family-26   Unknown          (53)    272     131 5584  
 7433   16.4  4.9  1.8  contig_75_pilon  2571904 2573446  (890069) + rnd-2_family-156  DNA/TcMar-Tc1       3   1592     (2) 5585  
  323   23.5  1.2  0.0  contig_75_pilon  2573796 2573876  (889639) + rnd-3_family-331  Unknown             1     82    (15) 5586  
  233   26.9  2.6  0.0  contig_75_pilon  2573868 2573945  (889570) + rnd-3_family-331  Unknown            13     92     (5) 5587 *
 1296   22.2  1.3  1.3  contig_75_pilon  2573997 2574311  (889204) + rnd-2_family-323  Unknown             6    320    (59) 5588  
  460   22.9  0.0  0.0  contig_75_pilon  2574333 2574441  (889074) + rnd-2_family-26   Unknown           164    272    (53) 5589  
  841   23.2  2.2  4.5  contig_75_pilon  2574590 2574909  (888606) C rnd-3_family-333  Unknown         (388)    321       9 5590  
 1225   26.8  3.1  0.9  contig_75_pilon  2575176 2575626  (887889) + rnd-1_family-66   Unknown             1    461   (258) 5591 *
 1905   17.7  0.8  3.6  contig_75_pilon  2575576 2576068  (887447) C rnd-2_family-270  Unknown           (2)    777     196 5592  
 1126   14.9  5.0  1.8  contig_75_pilon  2576828 2577045  (886470) C rnd-1_family-17   Unknown           (2)    227       3 5593  
  899   11.4  6.8  0.4  contig_75_pilon  2577051 2577064  (886451) + rnd-1_family-2    Unknown             1    108   (173) 5594  
  552   17.4  9.0  6.6  contig_75_pilon  2577065 2577242  (886273) C rnd-1_family-37   Unknown          (16)    182       1 5595  
  899   11.4  6.8  0.4  contig_75_pilon  2577243 2577261  (886254) + rnd-1_family-2    Unknown           109    281     (0) 5594  
 2468   13.2  2.3  0.2  contig_75_pilon  2577272 2577658  (885857) C rnd-1_family-11   Unknown           (4)    396       2 5596  
 4054   10.1  3.4  1.8  contig_75_pilon  2577770 2578536  (884979) + rnd-2_family-270  Unknown             1    779     (0) 5597  
 1075   20.5  0.8  1.1  contig_75_pilon  2578573 2578958  (884557) C rnd-1_family-66   Unknown         (351)    368       1 5598  
 1352   14.9  0.5  0.5  contig_75_pilon  2581793 2582015  (881500) C rnd-1_family-17   Unknown           (6)    223       1 5599  
  452   21.9  0.0  1.8  contig_75_pilon  2582093 2582208  (881307) C rnd-2_family-11   Unknown          (26)    205      92 5600  
 1363   25.0  2.1  3.2  contig_75_pilon  2582979 2583507  (880008) + rnd-2_family-110  Unknown           200    722    (85) 5601  
  662   19.0  1.8  6.2  contig_75_pilon  2585494 2585712  (877803) + rnd-2_family-50   Unknown           158    367   (129) 5602  
 1748   13.5  0.0  0.7  contig_75_pilon  2585962 2586244  (877271) + rnd-1_family-2    Unknown             1    281     (0) 5603  
 1049   14.5  0.0  7.5  contig_75_pilon  2586254 2586454  (877061) + rnd-1_family-17   Unknown             1    187    (42) 5604  
  714   22.4 16.3  2.3  contig_75_pilon  2586712 2587153  (876362) + rnd-3_family-9    Unknown            89    592     (0) 5605  
  281   31.3  3.0  0.7  contig_75_pilon  2587834 2587965  (875550) C rnd-1_family-5    Unknown         (657)    380     246 5606  
  828    7.6 32.8  0.6  contig_75_pilon  2593798 2593968  (869547) + rnd-1_family-17   Unknown             1    226     (3) 5607  
  299   32.9  8.2  1.2  contig_75_pilon  2595831 2596061  (867454) + rnd-2_family-26   Unknown            26    272    (53) 5608  
 1088    7.0  0.6  0.6  contig_75_pilon  2596622 2596780  (866735) + rnd-1_family-20   Unknown             1    159     (1) 5609  
  993   15.1  0.7  1.3  contig_75_pilon  2597199 2597352  (866163) + rnd-2_family-1080 Unknown             1    153   (239) 5610  
 1453   17.8  0.4  1.6  contig_75_pilon  2597406 2597657  (865858) + rnd-2_family-1080 Unknown           144    392     (0) 5610  
  679   24.7  2.5  4.4  contig_75_pilon  2598014 2598288  (865227) C rnd-2_family-50   Unknown         (108)    388     119 5611  
  389   23.2  1.6  2.4  contig_75_pilon  2598317 2598444  (865071) C rnd-2_family-50   Unknown         (368)    128       2 5611 *
  436   32.4  5.4  1.2  contig_75_pilon  2598429 2598741  (864774) C rnd-1_family-66   Unknown         (193)    526     201 5612  
  781   21.7  1.0  2.5  contig_75_pilon  2600129 2600331  (863184) + rnd-2_family-190  Unknown             5    204   (243) 5613  
  634   25.8  4.2  4.6  contig_75_pilon  2600329 2600592  (862923) + rnd-2_family-26   Unknown            21    283    (42) 5614 *
  803   17.6  6.1  3.7  contig_75_pilon  2600599 2600810  (862705) + rnd-2_family-190  Unknown           231    447     (0) 5613  
 1599   11.7  0.4  0.4  contig_75_pilon  2600824 2601055  (862460) + rnd-1_family-48   Unknown             1    232     (0) 5615  
  236   24.1  1.2  2.4  contig_75_pilon  2602754 2602838  (860677) C rnd-1_family-81   Unknown         (535)   2334    2251 5616  
 2480    2.5  0.0  0.0  contig_75_pilon  2603206 2603486  (860029) + rnd-1_family-2    Unknown             1    281     (0) 5617  
 1065   24.2  5.8  3.0  contig_75_pilon  2603577 2603972  (859543) + rnd-2_family-270  Unknown           360    766    (13) 5618  
  528   24.2  3.1  3.5  contig_75_pilon  2604022 2604292  (859223) C rnd-1_family-66   Unknown         (351)    368      40 5619  
  323   15.9  9.2  3.9  contig_75_pilon  2612893 2612990  (850525) + rnd-2_family-26   Unknown           194    296    (29) 5620  
  403   23.1  5.6  3.1  contig_75_pilon  2613361 2613485  (850030) + rnd-2_family-48   Unknown            63    190    (38) 5621  
  453   18.6 17.1  3.2  contig_75_pilon  2614575 2614685  (848830) + rnd-2_family-26   Unknown           127    252    (73) 5622  
  298   15.2 28.8  0.0  contig_75_pilon  2614849 2614914  (848601) + rnd-2_family-26   Unknown           167    251    (74) 5623  
  342   19.4  0.0 31.7  contig_75_pilon  2615495 2615652  (847863) + rnd-2_family-194  Unknown             1    120    (96) 5624  
  736   16.8  0.0  0.8  contig_75_pilon  2615676 2615801  (847714) + rnd-2_family-194  Unknown            92    216     (0) 5624  
  595   29.5  2.6  0.0  contig_75_pilon  2615897 2616052  (847463) C rnd-1_family-5    Unknown         (635)    402     243 5625  
  389   32.7  6.2  1.8  contig_75_pilon  2616215 2616588  (846927) + rnd-1_family-66   Unknown           136    525   (194) 5626 *
  615   28.1  2.1  9.3  contig_75_pilon  2616367 2616699  (846816) C rnd-2_family-272  Unknown        (7405)    666     356 5627 *
  751   24.6  2.6 13.3  contig_75_pilon  2616578 2616999  (846516) + rnd-2_family-50   Unknown             5    386   (110) 5628 *
  776   25.8  3.6  4.6  contig_75_pilon  2616705 2617033  (846482) C rnd-2_family-195  Unknown         (189)    363      38 5629  
 1719    9.9  0.0  0.0  contig_75_pilon  2617175 2617406  (846109) C rnd-1_family-48   Unknown           (0)    232       1 5630  
  338   18.9  0.0  2.9  contig_75_pilon  2620866 2620936  (842579) + rnd-2_family-436  Unknown           140    208     (3) 5631  
 1775   25.0  2.4  3.0  contig_75_pilon  2622189 2622725  (840790) C rnd-1_family-81   Unknown         (731)   2138    1605 5632  
 1771   27.6  3.6  2.8  contig_75_pilon  2623089 2623844  (839671) C rnd-1_family-77   Unknown        (1984)    766       5 5633  
 1058   20.3  0.0  0.0  contig_75_pilon  2636849 2637035  (826480) C rnd-1_family-97   Unknown        (1342)   3277    3091 5634  
  258   19.7  0.0  4.9  contig_75_pilon  2638203 2638266  (825249) C rnd-1_family-55   Unknown        (1538)   2115    2055 5635  
 1722   10.8  0.0  0.0  contig_75_pilon  2638336 2638567  (824948) + rnd-1_family-48   Unknown             1    232     (0) 5636  
  614   11.1  4.6  0.0  contig_75_pilon  2662278 2662385  (801130) + rnd-3_family-9    Unknown            32    144   (448) 5637  
  282   20.9  2.1  5.4  contig_75_pilon  2662359 2662454  (801061) + rnd-3_family-9    Unknown           449    541    (51) 5638 *
  555   21.5 16.3  4.3  contig_75_pilon  2668012 2668220  (795295) + rnd-2_family-108  Unknown            41    273    (28) 5639  
 1152    7.7 16.3  3.8  contig_75_pilon  2672915 2673104  (790411) + rnd-1_family-69   Unknown             4    216     (0) 5640  
  563   17.9  0.0  0.0  contig_75_pilon  2680536 2680630  (782885) C rnd-2_family-247  Unknown           (6)   1222    1128 5641  
 1825   20.9  5.5  1.8  contig_75_pilon  2680644 2681081  (782434) C rnd-2_family-247  Unknown         (572)    656     203 5641  
  280   26.6  3.8  0.0  contig_75_pilon  2683439 2683517  (779998) + rnd-2_family-247  Unknown           187    268   (960) 5642  
 2487   17.4  0.0  0.0  contig_75_pilon  2683584 2683968  (779547) C rnd-2_family-1080 Unknown           (7)    385       1 5643  
  804   20.2  2.2 11.5  contig_75_pilon  2683956 2684325  (779190) + rnd-2_family-247  Unknown           307    645   (583) 5642 *
  397   29.7  5.1  1.1  contig_75_pilon  2685154 2685330  (778185) + rnd-2_family-26   Unknown            27    210   (115) 5644  
  417   21.9  1.7  3.5  contig_75_pilon  2686094 2686211  (777304) + rnd-2_family-272  Unknown          3314   3429  (4642) 5645  
  280   28.1  0.0  0.0  contig_75_pilon  2703163 2703226  (760289) + rnd-2_family-26   Unknown           208    271    (54) 5646  
 1382   13.0  0.9  4.4  contig_75_pilon  2703902 2704134  (759381) C rnd-1_family-17   Unknown           (4)    225       1 5647  
  906   19.0  2.1 16.0  contig_75_pilon  2704601 2704976  (758539) + rnd-2_family-153  Unknown           264    594   (155) 5648  
  410   28.6  6.8  0.0  contig_75_pilon  2712380 2712512  (751003) C rnd-1_family-5    Unknown         (617)    420     279 5649  
  724   14.2  0.0  4.7  contig_75_pilon  2717379 2717554  (745961) + rnd-2_family-436  Unknown             1    211     (0) 5650  
  809   16.9  0.7  4.0  contig_75_pilon  2724419 2724572  (738943) C ltr-1_family-12   LTR/Gypsy        (14)   7450    7302 5651  
 6937   17.3  0.3  0.0  contig_75_pilon  2724579 2725637  (737878) C ltr-1_family-12   LTR/Gypsy       (881)   6583    5522 5651  
22040   19.6  1.1  0.5  contig_75_pilon  2725754 2729499  (734016) C ltr-1_family-12   LTR/Gypsy      (1914)   5550    1784 5651  
 7503   23.0  2.3  0.1  contig_75_pilon  2729533 2730944  (732571) C ltr-1_family-15   LTR/Unknown      (28)   1444       2 5652  
 1411   24.3  2.7  3.9  contig_75_pilon  2730930 2731263  (732252) C ltr-1_family-12   LTR/Gypsy      (5666)   1798    1469 5651 *
 2609   16.5  1.4  6.0  contig_75_pilon  2731247 2731838  (731677) C ltr-1_family-12   LTR/Gypsy      (6305)   1159     594 5651  
  589   19.3  2.6  1.3  contig_75_pilon  2732216 2732367  (731148) C ltr-1_family-12   LTR/Gypsy      (7300)    164      11 5651  
 1362   20.3  1.4  0.7  contig_75_pilon  2732389 2732671  (730844) C ltr-1_family-11   LTR/Unknown       (0)    289       5 5653  
  269   22.2  0.0 16.2  contig_75_pilon  2732723 2732808  (730707) C rnd-1_family-97   Unknown        (1372)   3247    3174 5654  
  267   29.9  6.8  0.8  contig_75_pilon  2737022 2737139  (726376) C rnd-1_family-96   Unknown        (1700)   1017     893 5655  
  253   26.2  8.8  3.4  contig_75_pilon  2737202 2737395  (726120) C rnd-1_family-96   Unknown        (1773)    944     741 5656  
  254   20.6  5.2  0.0  contig_75_pilon  2737577 2737673  (725842) + rnd-1_family-81   Unknown          2236   2337   (532) 5657  
  649   20.4  0.0  0.9  contig_75_pilon  2739912 2740025  (723490) C rnd-1_family-37   Unknown           (0)    198      86 5658  
  301   24.3 28.2  1.4  contig_75_pilon  2739968 2740084  (723431) + rnd-1_family-2    Unknown           129    276     (5) 5659 *
 1204   13.9  0.0  2.4  contig_75_pilon  2740077 2740290  (723225) C rnd-1_family-17   Unknown           (0)    229      21 5660  
  819   24.1  0.5  1.1  contig_75_pilon  2750066 2750254  (713261) C rnd-1_family-97   Unknown        (1377)   3242    3055 5661  
  488   22.0  0.8  1.7  contig_75_pilon  2750364 2750483  (713032) C rnd-1_family-97   Unknown        (1351)   3268    3150 5662  
  722   23.9  4.6  6.2  contig_75_pilon  2773246 2773508  (690007) C rnd-2_family-108  Unknown           (2)    299      41 5663  
  810   24.4  6.2  7.5  contig_75_pilon  2777871 2778260  (685255) + rnd-2_family-50   Unknown             2    386   (110) 5664  
 2742   20.1  4.5  0.9  contig_75_pilon  2779362 2779919  (683596) C rnd-2_family-247  Unknown           (0)   1228     651 5665  
 1312   22.2  1.8  0.3  contig_75_pilon  2779977 2780261  (683254) C rnd-2_family-247  Unknown         (581)    647     359 5665  
  361   27.2  7.7  6.7  contig_75_pilon  2781587 2781807  (681708) + rnd-2_family-11   Unknown             1    223     (8) 5666  
  587   22.1  5.6  4.6  contig_75_pilon  2782716 2783037  (680478) + rnd-2_family-50   Unknown            79    403    (93) 5667  
 1740    7.4  0.0  0.0  contig_75_pilon  2783699 2783914  (679601) C rnd-1_family-11   Unknown           (2)    398     183 5668  
 1646   20.1  8.0  0.5  contig_75_pilon  2785224 2785588  (677927) C rnd-2_family-156  DNA/TcMar-Tc1    (38)   1556    1165 5669  
  421   27.0  9.5  0.0  contig_75_pilon  2785591 2785727  (677788) C rnd-1_family-5    Unknown         (646)    391     242 5670  
 4143   21.8  7.8  0.6  contig_75_pilon  2785728 2786633  (676882) C rnd-2_family-156  DNA/TcMar-Tc1   (622)    972       2 5669  
  855   24.9  1.5  0.0  contig_75_pilon  2787236 2787436  (676079) + rnd-1_family-97   Unknown          3050   3253  (1366) 5671  
  386   30.3  4.4  1.6  contig_75_pilon  2788764 2788944  (674571) + rnd-2_family-26   Unknown            24    209   (116) 5672  
  258   21.7  5.0 14.7  contig_75_pilon  2789145 2789263  (674252) + rnd-2_family-26   Unknown           181    289    (36) 5672  
  817   20.5  8.0  4.0  contig_75_pilon  2795108 2795346  (668169) + rnd-2_family-108  Unknown            41    288    (13) 5673  
  296   16.7  0.0  0.0  contig_75_pilon  2796581 2796628  (666887) C rnd-2_family-80   Unknown          (87)     53       6 5674  
  254   29.4 10.8  2.2  contig_75_pilon  2799809 2800058  (663457) C rnd-1_family-96   Unknown        (1696)   1021     751 5675  
 2735   12.3  1.8  1.0  contig_75_pilon  2800673 2801066  (662449) C rnd-1_family-11   Unknown           (2)    398       2 5676  
  262   22.8  4.3  2.1  contig_75_pilon  2802396 2802489  (661026) C rnd-3_family-57   Unknown           (5)   1252    1157 5677  
 1558    8.3  3.6  0.9  contig_75_pilon  2802631 2802849  (660666) C rnd-1_family-17   Unknown           (4)    225       1 5678  
  609   19.3 20.1  2.5  contig_75_pilon  2809374 2809612  (653903) C rnd-2_family-26   Unknown          (22)    303      24 5679  
  689   19.1  1.5  0.7  contig_75_pilon  2811652 2811788  (651727) C rnd-2_family-399  Unknown           (1)    231      94 5680  
  476   29.1  3.8  7.8  contig_75_pilon  2812705 2813356  (650159) + rnd-3_family-57   Unknown           112    739   (518) 5681  
  694   27.3  0.0  1.8  contig_75_pilon  2818001 2818168  (645347) C rnd-2_family-48   Unknown          (25)    203      39 5682  
  447   17.2  4.5 17.6  contig_75_pilon  2818332 2818465  (645050) + rnd-2_family-430  Unknown          1696   1814     (0) 5683  
  287   28.5 15.9  0.8  contig_75_pilon  2818496 2818608  (644907) C rnd-2_family-26   Unknown         (170)    155      26 5684  
 1544    7.9  5.1  0.0  contig_75_pilon  2821643 2821857  (641658) + rnd-1_family-17   Unknown             1    226     (3) 5685  
  428   23.1  3.6 11.7  contig_75_pilon  2821946 2822166  (641349) + rnd-1_family-96   Unknown           787    991  (1726) 5686  
  512   22.3  3.2  6.7  contig_75_pilon  2822326 2822479  (641036) + rnd-1_family-97   Unknown          3119   3267  (1352) 5687  
  989   13.8  0.0  0.6  contig_75_pilon  2823047 2823207  (640308) + rnd-1_family-20   Unknown             1    160     (0) 5688  
  321   17.2  3.1  0.0  contig_75_pilon  2823213 2823276  (640239) C rnd-3_family-57   Unknown           (0)   1257    1192 5689  
  907   26.1  0.4  1.9  contig_75_pilon  2823591 2823860  (639655) C rnd-2_family-195  Unknown         (242)    310      45 5690  
  312   25.3  0.0  1.1  contig_75_pilon  2824621 2824712  (638803) + rnd-1_family-4    Unknown           406    496     (0) 5691  
  399   26.3  3.0  6.6  contig_75_pilon  2824793 2825028  (638487) C rnd-2_family-399  Unknown           (1)    231       4 5692  
  285   23.1  1.5  0.0  contig_75_pilon  2825725 2825789  (637726) + rnd-2_family-26   Unknown           202    267    (58) 5693  
  596   25.8  0.4  7.5  contig_75_pilon  2826016 2826258  (637257) + rnd-1_family-97   Unknown          3045   3271  (1348) 5694  
  279   19.1  4.8  0.0  contig_75_pilon  2838124 2838186  (625329) C rnd-2_family-26   Unknown          (55)    270     205 5695  
  469    8.6 15.7  0.0  contig_75_pilon  2838200 2838269  (625246) + rnd-2_family-436  Unknown             1     81   (130) 5696  
  553   18.8  0.7  7.4  contig_75_pilon  2838341 2838484  (625031) + rnd-2_family-436  Unknown            77    211     (0) 5697  
  371   28.9  4.7  0.6  contig_75_pilon  2838489 2838638  (624877) C rnd-2_family-26   Unknown         (143)    182      27 5695  
  483   26.8  2.8 11.0  contig_75_pilon  2848805 2849089  (614426) C rnd-2_family-195  Unknown          (18)    534     271 5698  
  663   25.3  3.5  6.0  contig_75_pilon  2851351 2851640  (611875) + rnd-1_family-62   Unknown             5    287  (1349) 5699  
  638   24.7  7.3  2.8  contig_75_pilon  2852895 2853098  (610417) + ltr-1_family-17   LTR/Gypsy        4121   4333   (892) 5700  
  435   24.4  5.5  0.8  contig_75_pilon  2853646 2853773  (609742) C rnd-2_family-26   Unknown          (53)    272     139 5701  
  382   25.3  1.1  1.1  contig_75_pilon  2853791 2853882  (609633) C rnd-3_family-331  Unknown           (0)     97       6 5702  
 2844   13.3  0.2  0.0  contig_75_pilon  2854219 2854616  (608899) + rnd-1_family-11   Unknown             2    400     (0) 5703  
  621   23.2  0.0  0.0  contig_75_pilon  2854730 2854854  (608661) C rnd-1_family-71   DNA/TcMar-Tc1     (0)   1618    1494 5704 *
 6573   15.8  2.3  0.3  contig_75_pilon  2854851 2855914  (607601) + rnd-1_family-30   DNA/TcMar-Tc1       2   1086     (3) 5705  
 4192    5.2  0.2  1.6  contig_75_pilon  2856923 2857434  (606081) C rnd-1_family-58   Unknown           (1)    505       1 5706  
  256   28.4 14.2  2.7  contig_75_pilon  2861051 2861387  (602128) + rnd-2_family-195  Unknown           148    522    (30) 5707  
 4630    0.0  0.0  0.0  contig_75_pilon  2862333 2862825  (600690) + ltr-1_family-9    LTR/Unknown         1    493     (0) 5708  
52303    0.0  0.0  0.0  contig_75_pilon  2862826 2868403  (595112) + ltr-1_family-10   LTR/Gypsy           1   5568     (0) 5709  
 4630    0.0  0.0  0.0  contig_75_pilon  2868394 2868886  (594629) + ltr-1_family-9    LTR/Unknown         1    493     (0) 5710 *
  698    1.3  0.0  0.0  contig_75_pilon  2879197 2879273  (584242) C rnd-1_family-2    Unknown           (0)    281     205 5711  
  606   21.6  0.7  0.7  contig_75_pilon  2879694 2879833  (583682) C rnd-2_family-399  Unknown           (7)    225      86 5712  
 1872    4.5  0.0  0.9  contig_75_pilon  2880751 2880975  (582540) C rnd-1_family-17   Unknown           (6)    223       1 5713  
 2366   12.0  1.6  3.8  contig_75_pilon  2882278 2882650  (580865) + rnd-1_family-11   Unknown            32    396     (4) 5714  
  345   29.2  8.6  0.6  contig_75_pilon  2883881 2884042  (579473) + rnd-2_family-270  Unknown           494    668   (111) 5715  
  906   26.6  4.4  1.2  contig_75_pilon  2884204 2884565  (578950) C rnd-1_family-66   Unknown         (354)    365       1 5716  
  623   23.4  0.0  0.7  contig_75_pilon  2884604 2884749  (578766) + rnd-2_family-194  Unknown            12    156    (60) 5717  
  231   10.3  1.5  0.0  contig_75_pilon  2885025 2885092  (578423) + rnd-1_family-81   Unknown          2251   2319   (550) 5718  
  319   25.1  8.2  4.6  contig_75_pilon  2885379 2885524  (577991) + rnd-2_family-436  Unknown             1    151    (60) 5719  
 1465   22.6  3.5  4.6  contig_75_pilon  2886132 2886618  (576897) + rnd-3_family-310  Unknown            71    552     (0) 5720  
 2920   13.6  5.0  0.0  contig_75_pilon  2887014 2887491  (576024) C rnd-1_family-58   Unknown           (4)    502       1 5721  
 1392   15.2  0.4  0.9  contig_75_pilon  2887968 2888192  (575323) C rnd-1_family-17   Unknown           (4)    225       2 5722  
 1309   16.2  0.0  0.9  contig_75_pilon  2888194 2888411  (575104) C rnd-1_family-17   Unknown           (9)    220       5 5723  
  652   23.8  9.9  1.8  contig_75_pilon  2888890 2889253  (574262) + rnd-2_family-272  Unknown           990   1382  (6689) 5724 *
 1479   24.6  4.6  2.1  contig_75_pilon  2889252 2889711  (573804) + rnd-3_family-310  Unknown            81    551     (1) 5725  
  567   29.4  0.6  0.0  contig_75_pilon  2889726 2889888  (573627) + rnd-3_family-310  Unknown           371    534    (18) 5726  
  233   15.9  2.3  0.0  contig_75_pilon  2890190 2890233  (573282) + rnd-3_family-310  Unknown             4     48   (504) 5727  
  786   21.4  3.8  2.1  contig_75_pilon  2890361 2890599  (572916) + rnd-3_family-310  Unknown            35    277   (275) 5727  
  689   15.7  9.8  3.1  contig_75_pilon  2891235 2891418  (572097) + rnd-3_family-9    Unknown           118    313   (279) 5728  
  674   17.3  0.9  0.0  contig_75_pilon  2892019 2892128  (571387) + rnd-1_family-2    Unknown           171    281     (0) 5729  
 1158   21.2  1.7  0.0  contig_75_pilon  2892269 2892499  (571016) + rnd-1_family-97   Unknown          3042   3276  (1343) 5730  
 1402   13.3  0.4  1.3  contig_75_pilon  2894225 2894452  (569063) + rnd-1_family-17   Unknown             1    226     (3) 5731  
  502   25.3  3.6  8.3  contig_75_pilon  2894567 2894580  (568935) + rnd-2_family-195  Unknown           260    291   (261) 5732  
  656   18.8  0.5  5.1  contig_75_pilon  2894581 2894765  (568750) C rnd-2_family-50   Unknown         (319)    177       1 5733  
  502   25.3  3.6  8.3  contig_75_pilon  2894766 2894868  (568647) + rnd-2_family-195  Unknown           292    548     (4) 5732  
  292   18.2  1.0  0.5  contig_75_pilon  2894919 2894952  (568563) C rnd-1_family-49   Unknown         (306)    190      42 5734  
  253   22.7  0.0  0.0  contig_75_pilon  2894953 2895018  (568497) + rnd-2_family-270  Unknown           532    597   (182) 5735  
 3970    6.0  0.6  0.4  contig_75_pilon  2895643 2896143  (567372) C rnd-1_family-58   Unknown           (4)    502       1 5736  
  276   16.0  0.0  1.0  contig_75_pilon  2900971 2901071  (562444) C rnd-1_family-81   Unknown         (552)   2317    2218 5737 *
  280   31.8  0.0  0.0  contig_75_pilon  2901070 2901132  (562383) + rnd-3_family-189  Unknown           290    352    (44) 5738  
  245   23.1 12.7  5.4  contig_75_pilon  2904280 2904554  (558961) + rnd-1_family-40   Unknown            21    314    (68) 5739  
 3324   19.5  0.3  0.6  contig_75_pilon  2904742 2905390  (558125) + rnd-1_family-35   Unknown           515   1161  (1471) 5740  
 3100   18.8  0.4  0.2  contig_75_pilon  2905377 2905931  (557584) + rnd-1_family-35   Unknown          1515   2070   (562) 5740 *
 2374   20.8  0.5  0.0  contig_75_pilon  2905934 2906322  (557193) C rnd-3_family-189  Unknown           (0)    396       6 5741  
 3236   29.3  0.8  1.3  contig_75_pilon  2906328 2907280  (556235) + rnd-1_family-61   Unknown          1000   1948  (2050) 5742  
  591   35.6  1.2  3.1  contig_75_pilon  2907904 2908332  (555183) C ltr-1_family-26   LTR/Gypsy       (807)   1197     777 5743  
 1174    8.8  0.0  0.0  contig_75_pilon  2909919 2910078  (553437) + rnd-1_family-20   Unknown             1    160     (0) 5744  
  241   22.4  0.0  0.0  contig_75_pilon  2911444 2911492  (552023) + rnd-2_family-48   Unknown           170    218    (10) 5745  
  988   11.0  0.0  1.4  contig_75_pilon  2912574 2912588  (550927) + rnd-1_family-2    Unknown             1     46   (235) 5746  
  471   17.4  8.6  0.8  contig_75_pilon  2912589 2912704  (550811) C rnd-1_family-37   Unknown          (15)    183      59 5747  
  988   11.0  0.0  1.4  contig_75_pilon  2912705 2912774  (550741) + rnd-1_family-2    Unknown            47    281     (0) 5746  
  403   25.9  3.1  1.8  contig_75_pilon  2916064 2916224  (547291) C rnd-2_family-50   Unknown         (102)    394     232 5748  
  394   24.1  2.6  3.1  contig_75_pilon  2916072 2916264  (547251) + rnd-2_family-195  Unknown            72    263   (289) 5749 *
 1935    0.9  0.0  0.0  contig_75_pilon  2916692 2916907  (546608) + rnd-1_family-69   Unknown             1    216     (0) 5750  
  793   17.8 10.0  2.0  contig_75_pilon  2917456 2917684  (545831) C rnd-2_family-26   Unknown          (56)    269      23 5751  
  771   21.4  5.1  6.8  contig_75_pilon  2918256 2918510  (545005) + rnd-2_family-108  Unknown            41    291    (10) 5752  
  528   23.5 13.0  1.3  contig_75_pilon  2919247 2919453  (544062) + rnd-2_family-11   Unknown             1    231     (0) 5753  
 1136   24.3  1.2  1.9  contig_75_pilon  2919885 2920203  (543312) + rnd-2_family-195  Unknown            67    383   (169) 5754  
 1222   23.2 12.0  1.6  contig_75_pilon  2925334 2925832  (537683) + rnd-3_family-9    Unknown            13    562    (30) 5755  
  360   22.5  0.6 16.7  contig_75_pilon  2926415 2926574  (536941) + rnd-2_family-108  Unknown            41    178   (123) 5756  
  463   17.2  3.0  0.0  contig_75_pilon  2933662 2933760  (529755) + rnd-2_family-26   Unknown           173    274    (51) 5757  
  488   30.7  8.0  6.1  contig_75_pilon  2933873 2934209  (529306) C rnd-2_family-323  Unknown          (36)    343       1 5758  
 2679   11.2 13.4  0.6  contig_75_pilon  2934396 2934843  (528672) C rnd-1_family-58   Unknown           (0)    506       2 5759  
  241   19.1  0.0  0.0  contig_75_pilon  2935840 2935886  (527629) C rnd-2_family-108  Unknown          (51)    250     204 5760  
  362   25.0  0.9  2.6  contig_75_pilon  2935901 2936015  (527500) C rnd-2_family-108  Unknown         (148)    153      41 5760  
  537   20.9  5.5  5.5  contig_75_pilon  2936233 2936414  (527101) C rnd-2_family-108  Unknown           (8)    293     112 5761  
  646   20.4  8.3 12.6  contig_75_pilon  2944044 2944307  (519208) + rnd-3_family-189  Unknown             1    254   (142) 5762  
  306   31.5  1.9  1.4  contig_75_pilon  2944390 2944577  (518938) C ltr-1_family-34   LTR/Copia       (312)   3934    3839 5763  
  609   26.3  4.6  2.5  contig_75_pilon  2950715 2950952  (512563) + rnd-2_family-26   Unknown            27    269    (56) 5764  
  242   24.2  5.2  5.2  contig_75_pilon  2954391 2954486  (509029) + rnd-3_family-331  Unknown             2     97     (0) 5765  
  435   16.5 24.8  0.0  contig_75_pilon  2954495 2954603  (508912) + rnd-2_family-26   Unknown           139    274    (51) 5766  
 1304    0.5 14.6 13.0  contig_75_pilon  2956242 2956454  (507061) + rnd-1_family-69   Unknown             1    216     (0) 5767  
  459   23.4  0.7 10.1  contig_75_pilon  2962576 2962727  (500788) + rnd-2_family-19   Unknown           103    241     (3) 5768  
 1593   20.4 12.5  2.1  contig_75_pilon  2968638 2969118  (494397) + rnd-2_family-149  Unknown            17    546   (266) 5769  
  854   14.5  0.4  3.4  contig_75_pilon  2969109 2969183  (494332) C rnd-1_family-2    Unknown           (1)    280       3 5770 *
  536   17.4  8.7  0.7  contig_75_pilon  2969184 2969310  (494205) + rnd-1_family-37   Unknown            59    195     (3) 5771  
  439   17.9  1.3  1.3  contig_75_pilon  2969344 2969422  (494093) C rnd-2_family-149  Unknown         (181)    631     553 5772  
  465   19.5  6.1  4.9  contig_75_pilon  2976393 2976656  (486859) + rnd-2_family-272  Unknown          1118   1384  (6687) 5773  
  562   28.1  1.8  0.0  contig_75_pilon  2976855 2977071  (486444) C rnd-2_family-48   Unknown           (0)    228       8 5774  
 1238   27.5  6.2  2.4  contig_75_pilon  2978173 2978700  (484815) + rnd-3_family-310  Unknown             4    551     (1) 5775  
  790   24.5  7.6  5.0  contig_75_pilon  2978757 2979189  (484326) + rnd-3_family-9    Unknown           109    552    (40) 5776  
  816   23.6  0.9  7.1  contig_75_pilon  2979435 2979658  (483857) + rnd-2_family-194  Unknown             1    211     (5) 5777  
  484   17.3 19.2  3.6  contig_75_pilon  2989478 2989597  (473918) C rnd-1_family-37   Unknown           (0)    198      61 5778  
  241   27.0  4.8  4.8  contig_75_pilon  2989533 2989637  (473878) + rnd-1_family-2    Unknown           150    254    (27) 5779 *
  354   24.1  2.2  4.5  contig_75_pilon  2990570 2990704  (472811) C rnd-2_family-19   Unknown         (112)    132       1 5780  
  715   25.6  7.8  0.4  contig_75_pilon  2991956 2992186  (471329) C rnd-2_family-26   Unknown          (51)    274      27 5781  
  666   20.3 18.1  0.0  contig_75_pilon  2996476 2996652  (466863) C rnd-1_family-69   Unknown           (6)    210       2 5782  
 1725   18.2  0.6  7.5  contig_75_pilon  2996752 2997077  (466438) + rnd-2_family-1080 Unknown             1    305    (87) 5783 *
40294    4.9  0.6  0.3  contig_75_pilon  2997075 3002053  (461462) C ltr-1_family-12   LTR/Gypsy       (687)   6777    1784 5784  
11568    7.5  0.8  0.1  contig_75_pilon  3002072 3003519  (459996) C ltr-1_family-15   LTR/Unknown      (13)   1459       2 5785  
 9786   10.0  1.7  2.6  contig_75_pilon  3003520 3005179  (458336) C ltr-1_family-12   LTR/Gypsy      (5677)   1787       2 5784  
 2076    7.7  0.7  1.0  contig_75_pilon  3005181 3005470  (458045) C ltr-1_family-11   LTR/Unknown       (0)    289       1 5786  
  664   18.0  2.3  0.0  contig_75_pilon  3005496 3005623  (457892) C rnd-3_family-57   Unknown           (1)   1256    1126 5787  
 2556   15.1  2.3  0.5  contig_75_pilon  3006786 3007178  (456337) C rnd-1_family-11   Unknown           (0)    400       1 5788  
 1697   15.0  0.3  1.8  contig_75_pilon  3007718 3008002  (455513) C rnd-1_family-2    Unknown           (0)    281       1 5789  
  883   20.3 13.5  0.4  contig_75_pilon  3008078 3008285  (455230) + rnd-1_family-97   Unknown          3043   3277  (1342) 5790  
  279   27.6  4.7  3.9  contig_75_pilon  3008291 3008418  (455097) + rnd-2_family-26   Unknown           146    274    (51) 5791  
  342   27.9  0.8  3.2  contig_75_pilon  3008968 3009093  (454422) C rnd-2_family-26   Unknown         (179)    146      24 5792  
  761   20.5  1.7  0.6  contig_75_pilon  3009139 3009310  (454205) + rnd-2_family-48   Unknown            55    228     (0) 5793  
  705   24.3 14.2  1.1  contig_75_pilon  3011556 3011788  (451727) + rnd-2_family-26   Unknown            24    286    (39) 5794  
  921   14.8  7.5  4.9  contig_75_pilon  3012845 3013043  (450472) + rnd-2_family-436  Unknown             1    204     (7) 5795  
  550   21.2 16.2  2.7  contig_75_pilon  3018523 3018750  (444765) C rnd-2_family-26   Unknown          (50)    275      18 5796  
  313   16.8 12.8  3.2  contig_75_pilon  3020105 3020190  (443325) C rnd-2_family-251  Unknown           (1)    148      55 5797  
 1178   24.2  3.3  5.5  contig_75_pilon  3022242 3022669  (440846) C rnd-2_family-270  Unknown          (39)    740     322 5798  
  325   26.9  0.9  0.9  contig_75_pilon  3023706 3023810  (439705) + rnd-2_family-48   Unknown            76    180    (48) 5799  
  327   20.3 23.9  0.6  contig_75_pilon  3036293 3036426  (427089) C rnd-2_family-50   Unknown         (117)    379     215 5800  
  453   24.0  2.0  1.0  contig_75_pilon  3037099 3037199  (426316) + rnd-3_family-189  Unknown           275    376    (20) 5801  
  563   12.4  2.1  0.0  contig_75_pilon  3040620 3040716  (422799) + rnd-1_family-69   Unknown             6    104   (112) 5802  
 1116    9.4  0.0  0.0  contig_75_pilon  3040746 3040904  (422611) + rnd-1_family-20   Unknown             1    159     (1) 5803  
 1007   23.6  0.8  1.3  contig_75_pilon  3042278 3042517  (420998) + rnd-1_family-97   Unknown          3039   3277  (1342) 5804  
 1847   14.0  0.0  1.8  contig_75_pilon  3042541 3042824  (420691) + rnd-1_family-2    Unknown             1    279     (2) 5805  
  750   25.9  1.8  0.4  contig_75_pilon  3055008 3055232  (408283) + rnd-1_family-97   Unknown          3050   3277  (1342) 5806  
  643   15.5 13.9  0.0  contig_75_pilon  3056976 3057104  (406411) + rnd-2_family-251  Unknown             2    148     (1) 5807  
  720   36.2  2.2  1.1  contig_75_pilon  3059218 3059761  (403754) C rnd-1_family-89   DNA/TcMar-Tc1   (360)   1350     801 5808  
  395   28.8  1.6  0.0  contig_75_pilon  3060453 3060577  (402938) C rnd-1_family-44   Unknown         (383)   1231    1105 5809  
  296   22.2  0.0  1.4  contig_75_pilon  3060621 3060693  (402822) C rnd-2_family-11   Unknown         (123)    108      37 5810  
  644    8.3  0.0  0.0  contig_75_pilon  3061678 3061761  (401754) C rnd-1_family-8    Unknown           (0)    416     333 5811  
  228    9.7  0.0  0.0  contig_75_pilon  3061798 3061828  (401687) C rnd-1_family-8    Unknown          (53)    363     333 5811  
 2894    7.2  0.0  0.3  contig_75_pilon  3061840 3062201  (401314) C rnd-1_family-8    Unknown          (55)    361       1 5811  
  262   17.5  3.6  4.8  contig_75_pilon  3072104 3072187  (391328) + rnd-2_family-26   Unknown            24    106   (219) 5812  
 2491   16.5  2.2  0.7  contig_75_pilon  3074572 3074974  (388541) C rnd-1_family-8    Unknown           (0)    416       8 5813  
  874   20.8 12.9  2.0  contig_75_pilon  3075168 3075530  (387985) + rnd-3_family-9    Unknown            86    487   (105) 5814  
  313   21.5  4.1  5.2  contig_75_pilon  3081239 3081336  (382179) + rnd-2_family-26   Unknown           209    305    (20) 5815 *
  763   23.0  0.0  5.6  contig_75_pilon  3081323 3081474  (382041) + rnd-2_family-1080 Unknown             1    144   (248) 5816  
 1499   15.5  4.2  0.0  contig_75_pilon  3081578 3081816  (381699) + rnd-2_family-1080 Unknown           144    392     (0) 5816  
  254   19.8  0.8 29.5  contig_75_pilon  3082646 3082767  (380748) + rnd-2_family-430  Unknown          1720   1814     (0) 5817  
  709   18.5  3.7  6.7  contig_75_pilon  3083917 3084130  (379385) C rnd-2_family-436  Unknown           (0)    211       4 5818  
 2083    2.3  8.0  1.1  contig_75_pilon  3086050 3086312  (377203) C rnd-1_family-2    Unknown           (0)    281       1 5819  
 1191   20.0  1.3  0.4  contig_75_pilon  3086314 3086539  (376976) + rnd-1_family-97   Unknown          3049   3276  (1343) 5820  
  471   19.7  0.0  3.7  contig_75_pilon  3086546 3086656  (376859) C rnd-2_family-436  Unknown         (101)    110       4 5821  
  234   19.1  0.0  0.0  contig_75_pilon  3087720 3087766  (375749) + rnd-3_family-9    Unknown            32     78   (514) 5822  
  814   26.1  6.0  3.7  contig_75_pilon  3093144 3093457  (370058) + rnd-1_family-66   Unknown             1    321   (398) 5823  
  513   19.6 12.2  0.6  contig_75_pilon  3093577 3093740  (369775) C rnd-2_family-272  Unknown        (6710)   1361    1179 5824  
  261   27.0  1.1  2.2  contig_75_pilon  3095540 3095630  (367885) + rnd-1_family-49   Unknown            49    138     (5) 5825  
  393   24.8  9.1  4.8  contig_75_pilon  3096022 3096318  (367197) + rnd-1_family-77   Unknown           496    804  (1946) 5826  
 1090    9.1 17.6  0.0  contig_75_pilon  3096722 3096897  (366618) C rnd-1_family-69   Unknown           (4)    212       6 5827  
  359   15.5  3.0  8.5  contig_75_pilon  3096981 3097079  (366436) + rnd-1_family-5    Unknown           304    397   (640) 5828  
  372   24.4  0.0  3.5  contig_75_pilon  3097855 3097943  (365572) + rnd-2_family-26   Unknown            17    102   (223) 5829  
  806   21.1  3.8  8.3  contig_75_pilon  3101001 3101315  (362200) C rnd-1_family-62   Unknown        (1326)    310       9 5830  
  411   26.4  5.7  4.2  contig_75_pilon  3116391 3116671  (346844) + rnd-2_family-270  Unknown           359    643   (136) 5831  
 1157   24.1  4.4  1.9  contig_75_pilon  3118687 3119143  (344372) C rnd-3_family-9    Unknown          (53)    539      72 5832  
  578   22.3  3.0  0.6  contig_75_pilon  3123993 3124159  (339356) C rnd-3_family-333  Unknown         (382)    327     157 5833  
  304   26.3  0.0  0.0  contig_75_pilon  3124158 3124252  (339263) + rnd-3_family-333  Unknown           606    700     (9) 5834 *
  686   17.2 19.9  5.2  contig_75_pilon  3142568 3142788  (320727) C rnd-2_family-108  Unknown           (8)    293      42 5835  
  625   21.6  7.2  7.2  contig_75_pilon  3144238 3144432  (319083) + rnd-2_family-108  Unknown            46    240    (61) 5836  
 1506   10.9  0.5  1.4  contig_75_pilon  3145296 3145509  (318006) + rnd-1_family-17   Unknown            14    225     (4) 5837  
  592   24.8 11.9  0.4  contig_75_pilon  3147913 3148131  (315384) C rnd-2_family-26   Unknown          (55)    270      27 5838  
  922   23.7  0.4 10.2  contig_75_pilon  3148730 3148997  (314518) + rnd-2_family-19   Unknown             1    244     (0) 5839  
  388   28.3  9.3  0.9  contig_75_pilon  3149203 3149309  (314206) + rnd-2_family-19   Unknown             1    116   (128) 5840  
  228   15.8  0.0  0.0  contig_75_pilon  3149383 3149420  (314095) + rnd-2_family-19   Unknown           206    243     (1) 5841  
 1291   17.6  0.0 11.1  contig_75_pilon  3152353 3152602  (310913) + rnd-1_family-17   Unknown             1    225     (4) 5842  
 1016   19.1  4.2  2.0  contig_75_pilon  3152995 3153186  (310329) + rnd-1_family-37   Unknown             3    198     (0) 5843  
 1031   21.9  8.9  2.1  contig_75_pilon  3165281 3165550  (297965) C rnd-2_family-323  Unknown          (60)    319      32 5844  
 1445   15.6  0.4  0.4  contig_75_pilon  3186028 3186252  (277263) C rnd-1_family-17   Unknown           (4)    225       1 5845  
 1007   22.4  1.4  1.4  contig_75_pilon  3186498 3186719  (276796) C rnd-1_family-97   Unknown        (1349)   3270    3049 5846  
  340   24.8  5.4  4.7  contig_75_pilon  3186798 3186945  (276570) + rnd-2_family-149  Unknown           310    458   (354) 5847  
  419   18.9  3.3  0.0  contig_75_pilon  3187092 3187181  (276334) + rnd-2_family-26   Unknown           178    270    (55) 5848  
  499   13.4  5.5  0.8  contig_75_pilon  3193503 3193630  (269885) + rnd-2_family-153  Unknown             5    138   (611) 5849  
  363   23.1  7.6  5.7  contig_75_pilon  3193655 3193903  (269612) C rnd-1_family-49   Unknown         (194)    525      35 5850  
  469   24.6  2.3  0.0  contig_75_pilon  3195230 3195359  (268156) + rnd-3_family-57   Unknown          1120   1252     (5) 5851  
  259   33.1  4.6  0.0  contig_75_pilon  3199642 3199771  (263744) + rnd-2_family-26   Unknown           131    266    (59) 5852  
 4992   10.7  2.5  0.1  contig_75_pilon  3199997 3200794  (262721) + rnd-1_family-66   Unknown             1    719     (0) 5853  
  241   14.6  0.0  0.0  contig_75_pilon  3200792 3200832  (262683) C rnd-1_family-49   Unknown           (0)    143     103 5854 *
  226   22.3  1.3 15.6  contig_75_pilon  3205671 3205824  (257691) C rnd-2_family-153  Unknown         (614)    135       1 5855  
  706   24.1  4.8  8.1  contig_75_pilon  3206662 3207122  (256393) + rnd-2_family-153  Unknown             1    447   (302) 5856  
  629   25.2  5.7  1.7  contig_75_pilon  3208528 3208806  (254709) + rnd-2_family-270  Unknown           418    707    (72) 5857  
  260   27.3  0.0  0.0  contig_75_pilon  3208836 3208901  (254614) C rnd-1_family-66   Unknown         (528)    191     126 5858  
  853   20.9  7.1  2.7  contig_75_pilon  3209846 3210125  (253390) + rnd-2_family-110  Unknown             1    292   (515) 5859  
 1337   23.4  9.2  1.5  contig_75_pilon  3210160 3210649  (252866) + rnd-2_family-110  Unknown           281    807     (0) 5859  
  967   10.7  8.0  0.0  contig_75_pilon  3210903 3211052  (252463) + rnd-1_family-17   Unknown             1    162    (67) 5860 *
 1658    3.4  0.0 13.7  contig_75_pilon  3211052 3211309  (252206) C rnd-1_family-69   Unknown           (0)    216       1 5861  
  492    6.0  1.5  1.5  contig_75_pilon  3211300 3211367  (252148) + rnd-1_family-17   Unknown           158    225     (4) 5862 *
  782   17.1  4.9  2.9  contig_75_pilon  3211973 3212177  (251338) + rnd-2_family-247  Unknown            74    282   (946) 5863  
 2038   18.1  1.6  2.8  contig_75_pilon  3212196 3212633  (250882) + rnd-2_family-247  Unknown           220    652   (576) 5864  
 2697   19.8  1.6  2.5  contig_75_pilon  3212683 3213247  (250268) + rnd-2_family-247  Unknown           651   1210    (18) 5864  
  350   29.0 15.3  0.5  contig_75_pilon  3215624 3215793  (247722) C rnd-2_family-48   Unknown          (26)    202       8 5865  
  444   17.9  5.4  0.0  contig_75_pilon  3232960 3233071  (230444) + ltr-1_family-22   LTR/Unknown         3    120     (0) 5866 *
  956   22.3  3.7  1.4  contig_75_pilon  3233053 3233325  (230190) + ltr-1_family-21   LTR/Gypsy          12    290  (5472) 5867  
 1194    7.0  3.2  1.4  contig_75_pilon  3233326 3233541  (229974) + rnd-1_family-75   Unknown             1    220     (0) 5868  
  512    3.0  1.5  0.0  contig_75_pilon  3233700 3233766  (229749) + rnd-1_family-44   Unknown             1     68  (1546) 5869  
15297    3.2  0.9  2.8  contig_75_pilon  3237309 3240164  (223351) + rnd-1_family-25   Unknown             1   1916     (0) 5869  
15013   12.6  1.7  0.8  contig_75_pilon  3241025 3243401  (220114) + ltr-1_family-21   LTR/Gypsy         283   2681  (3081) 5870  
  312   31.4  6.2  6.8  contig_75_pilon  3243414 3243912  (219603) + ltr-1_family-10   LTR/Gypsy        2447   2942  (2626) 5871  
 9142   14.7  1.0  1.1  contig_75_pilon  3244122 3245630  (217885) + ltr-1_family-21   LTR/Gypsy        2678   4185  (1577) 5872  
 7228   11.2  0.4  1.1  contig_75_pilon  3245625 3246702  (216813) + ltr-1_family-21   LTR/Gypsy        4693   5762     (0) 5872 *
  436   18.4  3.5  1.7  contig_75_pilon  3246703 3246818  (216697) + ltr-1_family-22   LTR/Unknown         3    120     (0) 5873 *
 1638   21.7  2.1  1.9  contig_75_pilon  3246802 3247223  (216292) + ltr-1_family-21   LTR/Gypsy          14    436  (5326) 5874  
  298   29.4  1.1  1.1  contig_75_pilon  3252472 3252564  (210951) C rnd-2_family-80   Unknown          (47)     93       1 5875  
  451   24.1  1.7  0.0  contig_75_pilon  3252659 3252774  (210741) + rnd-3_family-57   Unknown          1140   1257     (0) 5876  
 1266   24.4  0.3  7.4  contig_75_pilon  3263327 3263675  (199840) + rnd-2_family-323  Unknown            11    336    (43) 5877  
  831   28.9  6.4  8.5  contig_75_pilon  3264639 3264668  (198847) + rnd-2_family-195  Unknown            38    106  (7965) 5878  
  917   23.0  5.2  4.9  contig_75_pilon  3264669 3265015  (198500) C rnd-2_family-50   Unknown         (108)    388      41 5879  
  831   28.9  6.4  8.5  contig_75_pilon  3265016 3265249  (198266) + rnd-2_family-195  Unknown           107    666  (7405) 5878  
  327   22.6 11.4  3.2  contig_75_pilon  3265149 3265349  (198166) C rnd-2_family-50   Unknown         (234)    262      46 5880 *
 1160    8.1  0.0  0.6  contig_75_pilon  3266702 3266862  (196653) + rnd-1_family-20   Unknown             1    160     (0) 5881  
  236   10.5  0.0  2.6  contig_75_pilon  3272684 3272722  (190793) C rnd-1_family-37   Unknown           (7)    191     154 5882 *
 1458   10.6  0.0  0.0  contig_75_pilon  3272696 3272893  (190622) + rnd-1_family-37   Unknown             1    198     (0) 5883  
  511   21.6  1.1  7.8  contig_75_pilon  3276533 3276723  (186792) C rnd-2_family-153  Unknown         (131)    618     440 5884  
 1367   19.6  7.1  3.9  contig_75_pilon  3276776 3277200  (186315) C rnd-2_family-153  Unknown         (311)    438       1 5884  
  896   20.4  5.2  0.5  contig_75_pilon  3282581 3282792  (180723) C rnd-2_family-11   Unknown           (9)    222       1 5885  
  280   22.2  4.0 11.6  contig_75_pilon  3282780 3282927  (180588) C rnd-1_family-25   Unknown        (1545)    371     234 5886 *
  532   21.6 16.5  0.7  contig_75_pilon  3283037 3283278  (180237) + rnd-2_family-50   Unknown           147    426    (70) 5887  
 1632    8.6  0.5  0.5  contig_75_pilon  3284196 3284418  (179097) C rnd-1_family-48   Unknown           (9)    223       1 5888  
  438   26.9  8.4  0.0  contig_75_pilon  3285447 3285613  (177902) + rnd-3_family-57   Unknown          1072   1252     (5) 5889  
  251   23.7  1.3  0.0  contig_75_pilon  3285853 3285928  (177587) C rnd-2_family-50   Unknown         (102)    394     318 5890  
 1028   24.0  1.8  0.0  contig_75_pilon  3287038 3287262  (176253) + rnd-1_family-97   Unknown          3046   3274  (1345) 5891  
  485   22.3  1.1  0.0  contig_75_pilon  3287276 3287369  (176146) + rnd-3_family-331  Unknown             1     95     (2) 5892  
  489   25.8  3.1  0.0  contig_75_pilon  3287422 3287549  (175966) + rnd-2_family-26   Unknown           128    259    (66) 5893  
  517   20.0  1.1  0.0  contig_75_pilon  3288217 3288311  (175204) C rnd-3_family-331  Unknown           (1)     96       1 5894  
  328   23.6 28.3  1.3  contig_75_pilon  3288837 3288956  (174559) C rnd-1_family-2    Unknown           (0)    281     130 5895 *
  672   16.0  0.0  0.0  contig_75_pilon  3288900 3288999  (174516) + rnd-1_family-37   Unknown            86    185    (13) 5896  
  828   22.7 12.9  0.0  contig_75_pilon  3290469 3290662  (172853) + rnd-1_family-97   Unknown          3059   3277  (1342) 5897  
 2077   10.7  0.0  0.7  contig_75_pilon  3290687 3290968  (172547) + rnd-1_family-2    Unknown             1    280     (1) 5898  
 1620   11.2  0.0  0.5  contig_75_pilon  3290998 3291221  (172294) + rnd-1_family-17   Unknown             1    223     (6) 5899  
 2482   12.7  5.5  0.5  contig_75_pilon  3291810 3292189  (171326) C rnd-1_family-11   Unknown           (1)    399       1 5900  
  728   26.9  1.4  2.8  contig_75_pilon  3292185 3292402  (171113) + rnd-2_family-194  Unknown             2    216     (0) 5901 *
  986   19.7  0.5  0.2  contig_75_pilon  3294415 3294433  (169082) C rnd-1_family-2    Unknown           (0)    281       3 5902  
  481   26.7  5.6  7.2  contig_75_pilon  3294434 3294631  (168884) + rnd-1_family-37   Unknown             1    195     (3) 5903  
 2917   12.1  0.2  0.0  contig_75_pilon  3294691 3295087  (168428) + rnd-1_family-11   Unknown             1    398     (2) 5904  
 1886    7.4  8.8  0.7  contig_75_pilon  3295130 3295389  (168126) + rnd-1_family-2    Unknown             1    281     (0) 5905  
  529   26.9  9.6  0.5  contig_75_pilon  3297128 3297314  (166201) C rnd-1_family-97   Unknown        (1363)   3256    3053 5906  
  244   24.4  1.3  4.0  contig_75_pilon  3297998 3298074  (165441) C rnd-2_family-50   Unknown         (103)    393     319 5907  
  686   10.2  0.0  0.0  contig_75_pilon  3298130 3298217  (165298) + rnd-1_family-17   Unknown             5     92   (137) 5908  
  527   30.3 23.5  2.5  contig_75_pilon  3300794 3301269  (162246) C rnd-1_family-66   Unknown         (143)    576       1 5909  
 1153   19.6  0.0  0.5  contig_75_pilon  3301302 3301521  (161994) + rnd-1_family-97   Unknown          3059   3277  (1342) 5910  
  675   28.6  0.9  2.4  contig_75_pilon  3315114 3315324  (148191) C rnd-3_family-310  Unknown         (341)    211       4 5911  
 1410   19.0 15.6  3.6  contig_75_pilon  3316182 3316733  (146782) C rnd-2_family-153  Unknown         (119)    630      15 5912  
  530   23.4  3.8  2.1  contig_75_pilon  3317393 3317575  (145940) C rnd-2_family-50   Unknown          (73)    423     238 5913  
 2081    7.3  1.0  1.0  contig_75_pilon  3319587 3319875  (143640) + ltr-1_family-11   LTR/Unknown         1    289     (0) 5914  
  754    7.4  0.0  0.0  contig_75_pilon  3319871 3319978  (143537) + ltr-1_family-12   LTR/Gypsy        7344   7451    (13) 5915 *
  805    5.6  0.0  0.0  contig_75_pilon  3320961 3321067  (142448) C ltr-1_family-12   LTR/Gypsy        (14)   7450    7344 5916 *
 2556    1.0  0.3  0.0  contig_75_pilon  3321063 3321350  (142165) C ltr-1_family-11   LTR/Unknown       (0)    289       1 5917  
46632    4.0  0.7  0.5  contig_75_pilon  3321351 3327045  (136470) C ltr-1_family-12   LTR/Gypsy         (0)   7464    1762 5918  
11177    5.7  1.2  0.6  contig_75_pilon  3327048 3328496  (135019) C ltr-1_family-15   LTR/Unknown      (13)   1459       2 5919  
11931    7.8  3.8  1.4  contig_75_pilon  3328497 3330241  (133274) C ltr-1_family-12   LTR/Gypsy      (5677)   1787       1 5918  
 2629    0.7  0.0  0.0  contig_75_pilon  3330242 3330530  (132985) C ltr-1_family-11   LTR/Unknown       (0)    289       1 5920  
  844   23.8  3.9 11.9  contig_75_pilon  3330608 3331070  (132445) C rnd-2_family-153  Unknown         (319)    430       1 5921  
 1025   18.3  6.8  3.5  contig_75_pilon  3331245 3331627  (131888) + rnd-2_family-153  Unknown             1    495   (254) 5922  
 1333   14.3  1.5 12.5  contig_75_pilon  3331676 3332003  (131512) + rnd-2_family-153  Unknown           454    749     (0) 5923  
  286   21.6  0.0  3.1  contig_75_pilon  3332345 3332411  (131104) + rnd-2_family-149  Unknown           350    414   (398) 5924  
  268   26.6  5.7  1.6  contig_75_pilon  3332464 3332585  (130930) + rnd-1_family-44   Unknown          1106   1232   (382) 5925  
 2950    8.8  0.2  6.5  contig_75_pilon  3337781 3338218  (125297) C rnd-1_family-8    Unknown           (3)    413       2 5926  
  528   33.3  4.5  3.1  contig_75_pilon  3338386 3338738  (124777) + rnd-1_family-97   Unknown          2213   2570  (2049) 5927  
  813    4.7  0.0  0.0  contig_75_pilon  3338842 3338948  (124567) C ltr-1_family-12   LTR/Gypsy        (14)   7450    7344 5928 *
 2461    1.4  1.1  0.0  contig_75_pilon  3338944 3339229  (124286) C ltr-1_family-11   LTR/Unknown       (0)    289       1 5929  
41094    6.3  1.3  1.1  contig_75_pilon  3339233 3344900  (118615) C ltr-1_family-12   LTR/Gypsy         (2)   7462    1784 5930  
 9963    7.2  2.0  0.8  contig_75_pilon  3344916 3346359  (117156) C ltr-1_family-15   LTR/Unknown       (9)   1463       3 5931  
12452    6.6  1.4  2.6  contig_75_pilon  3346361 3348167  (115348) C ltr-1_family-12   LTR/Gypsy      (5677)   1787       1 5930  
 2586    0.7  0.0  0.0  contig_75_pilon  3348170 3348455  (115060) C ltr-1_family-11   LTR/Unknown       (3)    286       1 5932  
 2736    7.2  2.3  1.8  contig_75_pilon  3348459 3348856  (114659) C ltr-1_family-12   LTR/Gypsy         (2)   7462    7063 5933  
 1222   20.1  8.5  0.0  contig_75_pilon  3350441 3350699  (112816) + rnd-1_family-2    Unknown             1    281     (0) 5934  
  420   13.6  2.0  5.1  contig_75_pilon  3350880 3350980  (112535) C rnd-2_family-190  Unknown          (67)    380     283 5935  
 2993   10.4  1.0  0.7  contig_75_pilon  3351092 3351506  (112009) + rnd-1_family-8    Unknown             1    416     (0) 5936  
  269   27.4  0.0  0.0  contig_75_pilon  3351517 3351589  (111926) C rnd-2_family-190  Unknown         (295)    152      80 5937  
 2865   12.4  0.0  1.3  contig_75_pilon  3352271 3352670  (110845) C rnd-1_family-11   Unknown           (4)    396       2 5938  
  464   30.1  3.3  3.3  contig_75_pilon  3353931 3353951  (109564) C rnd-2_family-195  Unknown         (275)    277     197 5939  
  661   23.2  3.3  0.5  contig_75_pilon  3353952 3354133  (109382) + rnd-2_family-50   Unknown           197    383   (113) 5940  
  464   30.1  3.3  3.3  contig_75_pilon  3354134 3354171  (109344) C rnd-2_family-195  Unknown         (275)    196      37 5939  
  661   21.4  3.3  4.5  contig_75_pilon  3354270 3354450  (109065) C rnd-2_family-399  Unknown           (2)    230      52 5941  
 3141   10.3  0.4  1.8  contig_75_pilon  3356879 3357340  (106175) + rnd-1_family-52   Unknown             3    458     (0) 5942  
  484   16.9 10.2  6.9  contig_75_pilon  3358996 3359122  (104393) + rnd-2_family-430  Unknown          1681   1811     (3) 5943  
  367   25.4  1.5  3.1  contig_75_pilon  3365364 3365493   (98022) C rnd-2_family-436  Unknown          (10)    201      74 5944  
  247   22.6  0.0  1.6  contig_75_pilon  3366140 3366202   (97313) C rnd-2_family-272  Unknown        (4690)   3381    3320 5945  
  677   15.3  0.0  0.9  contig_75_pilon  3372874 3372985   (90530) + rnd-2_family-436  Unknown             1    111   (100) 5946  
  251   13.2  0.0  0.0  contig_75_pilon  3373009 3373046   (90469) + rnd-2_family-436  Unknown           174    211     (0) 5946  
  709   22.5  1.3  0.0  contig_75_pilon  3383807 3383957   (79558) C rnd-3_family-57   Unknown           (0)   1257    1105 5947  
 1557   21.0  2.0  1.5  contig_75_pilon  3385189 3385594   (77921) + rnd-3_family-57   Unknown           102    509   (748) 5948  
  364   27.0  0.0  1.1  contig_75_pilon  3385600 3385689   (77826) + rnd-3_family-57   Unknown          1149   1237    (20) 5948  
  491   21.7  9.1 14.0  contig_75_pilon  3386477 3386685   (76830) C rnd-2_family-11   Unknown           (7)    224      25 5949  
  402   19.4  0.0  0.0  contig_75_pilon  3386998 3387069   (76446) + rnd-1_family-69   Unknown           139    210     (6) 5950  
  300   30.3  5.6  3.2  contig_75_pilon  3397294 3397345   (66170) + rnd-2_family-272  Unknown           270    519   (260) 5951  
  713   27.4  3.9  1.6  contig_75_pilon  3397346 3397701   (65814) C rnd-2_family-50   Unknown         (131)    365       2 5952  
  336   25.9  8.8  4.2  contig_75_pilon  3397687 3397912   (65603) C rnd-1_family-49   Unknown           (6)    137      34 5953 *
  300   30.3  5.6  3.2  contig_75_pilon  3397702 3397736   (65779) + rnd-2_family-272  Unknown           520    699    (80) 5951 *
  257   27.4  7.2  6.4  contig_75_pilon  3400222 3400595   (62920) + rnd-2_family-272  Unknown           272    648  (7423) 5954 *
  284   26.4  0.0  1.1  contig_75_pilon  3400505 3400596   (62919) C rnd-1_family-49   Unknown           (4)    139      49 5955  
  469   26.5 13.5  2.0  contig_75_pilon  3400867 3401132   (62383) + rnd-2_family-26   Unknown            24    319     (6) 5956  
 1092   19.3  0.5  0.0  contig_75_pilon  3408335 3408541   (54974) + rnd-2_family-48   Unknown             3    210    (18) 5957  
  250   23.5  5.8  1.6  contig_75_pilon  3413085 3413205   (50310) + rnd-2_family-270  Unknown           314    439   (340) 5958  
  344   26.9  7.4  2.0  contig_75_pilon  3413348 3413537   (49978) + rnd-1_family-66   Unknown           325    524   (195) 5959 *
 4521   12.7  2.0  1.9  contig_75_pilon  3413430 3414240   (49275) C rnd-1_family-66   Unknown           (4)    715       1 5960  
  552   20.8  5.0  1.2  contig_75_pilon  3414753 3414913   (48602) + rnd-3_family-9    Unknown            32    198   (394) 5961  
  764   23.1  3.5  9.8  contig_75_pilon  3414953 3415211   (48304) + rnd-1_family-97   Unknown          3017   3260  (1359) 5962  
 1676    9.1  0.0  0.4  contig_75_pilon  3420895 3421127   (42388) C rnd-1_family-48   Unknown           (0)    232       1 5963  
  524   14.8  8.7  0.0  contig_75_pilon  3424277 3424391   (39124) + rnd-2_family-26   Unknown           124    248    (77) 5964  
 3089    8.9  0.0  0.0  contig_75_pilon  3433234 3433628   (29887) C rnd-1_family-11   Unknown           (4)    396       2 5965  
 1520   21.9  4.8  1.9  contig_75_pilon  3435099 3435513   (28002) + rnd-2_family-149  Unknown            12    438   (374) 5966  
  979   21.8 10.0  3.8  contig_75_pilon  3435891 3436190   (27325) + rnd-2_family-149  Unknown           457    774    (38) 5966  
  659   28.5  0.0  1.1  contig_75_pilon  3436365 3436552   (26963) C rnd-1_family-97   Unknown        (1380)   3239    3054 5967  
  448   28.2  5.4  7.9  contig_75_pilon  3436944 3437201   (26314) + rnd-1_family-62   Unknown             7    258  (1378) 5968  
  343   17.9  3.0  0.0  contig_75_pilon  3437514 3437580   (25935) + rnd-1_family-16   Unknown             1     69   (177) 5969  
 1618   12.8  0.4  0.4  contig_75_pilon  3438494 3438736   (24779) C rnd-1_family-16   Unknown           (3)    243       1 5970  
  460   16.2  0.0  0.0  contig_77_pilon   3315  3394 (61494) C rnd-1_family-69 Unknown        (0)    216    137 5971  
 2489    0.7  0.0  0.0  contig_77_pilon   5246  5534 (59354) + ltr-1_family-11 LTR/Unknown      1    289    (0) 5972  
65937    0.0  0.0  0.0  contig_77_pilon   5535 12998 (51890) + ltr-1_family-12 LTR/Gypsy        1   7464    (0) 5973  
 2454    0.7  0.3  0.0  contig_77_pilon  12999 13286 (51602) + ltr-1_family-11 LTR/Unknown      1    289    (0) 5974  
  808    2.8  0.0  0.0  contig_77_pilon  13282 13388 (51500) + ltr-1_family-12 LTR/Gypsy     7344   7450   (14) 5975 *
  231   13.5  0.0 16.4  contig_77_pilon  16575 16645 (48243) + rnd-1_family-25 Unknown        682    742 (1174) 5976  
 5932    8.3  2.3  1.5  contig_77_pilon  17540 18527 (46361) C rnd-1_family-21 LTR/Gypsy   (8097)    999      4 5977  
  256   32.9  0.0  2.0  contig_77_pilon  18720 18874 (46014) C ltr-1_family-6  LTR/Gypsy    (180)  13222  13071 5978  
57534    9.2  2.1  1.1  contig_77_pilon  18902 27907 (36981) C rnd-1_family-21 LTR/Gypsy      (2)   9094      1 5979  
  287   27.4  1.7  2.6  contig_77_pilon  28361 28476 (36412) C rnd-1_family-73 Unknown     (2058)    400    286 5980  
19201    5.0  1.1  0.4  contig_77_pilon  28880 31306 (33582) + rnd-1_family-90 Unknown          1   2444    (0) 5981  
24120    7.5  0.8  0.4  contig_77_pilon  31937 35176 (29712) C rnd-1_family-41 LTR/Gypsy   (3521)   3253      1 5982  
20938    2.6  0.0  0.0  contig_77_pilon  35177 37632 (27256) C rnd-1_family-73 Unknown        (2)   2456      1 5983  
 5954   11.5  0.5  0.3  contig_77_pilon  37625 38497 (26391) + ltr-1_family-6  LTR/Gypsy     8135   9008 (4394) 5984 *
23415    8.5  0.8  0.8  contig_77_pilon  38498 41750 (23138) + rnd-1_family-41 LTR/Gypsy        1   3253 (3521) 5985  
14074   14.8  2.5  0.9  contig_77_pilon  41751 44111 (20777) + ltr-1_family-6  LTR/Gypsy     9004  11402 (2000) 5984  
 3936    3.6  0.0  0.0  contig_77_pilon  44112 44583 (20305) C rnd-1_family-92 Unknown        (0)    472      1 5986 *
21237   12.3  1.4  0.3  contig_77_pilon  44582 47804 (17084) C ltr-1_family-6  LTR/Gypsy   (2001)  11401   8143 5987  
47919    5.6  1.4  0.7  contig_77_pilon  48837 57682  (7206) + rnd-1_family-41 LTR/Gypsy        1   6774    (0) 5988  
37106    9.2  1.7  1.0  contig_77_pilon  55453 61055  (3833) C rnd-1_family-47 LTR/Gypsy      (0)   5640      1 5989 *
13956    6.3  0.7  0.5  contig_77_pilon  63030 64879     (9) + rnd-1_family-41 LTR/Gypsy        1   1852 (4922) 5990  
 6352    7.6  0.5  0.1  contig_83_pilon   1414  2255 (7782) C rnd-1_family-77 Unknown    (1071)   1679    835 5991  
 3644   24.2  1.2  2.3  contig_83_pilon   3715  4883 (5154) + rnd-1_family-34 Unknown         3    964    (0) 5992  
10253    3.3  0.2  0.3  contig_8_pilon     15  1211 (36107) C ltr-1_family-12  LTR/Gypsy     (13)   7451   6256 5993  
  280    8.5  0.0  0.0  contig_8_pilon   1220  1266 (36052) + rnd-1_family-31  Unknown          8     54 (2211) 5994  
 5501   10.2  0.4  0.2  contig_8_pilon   3153  3938 (33380) + rnd-1_family-86  Unknown          1    787    (0) 5995  
 3861   18.3  0.8  0.5  contig_8_pilon   4338  5095 (32223) + rnd-1_family-72  Unknown          1    760    (6) 5996  
39755    2.9  0.1  0.2  contig_8_pilon   9615 14580 (22738) C rnd-1_family-26  Unknown        (0)   4548      1 5997  
37680    3.9  0.5  0.3  contig_8_pilon  14579 19081 (18237) C ltr-1_family-12  LTR/Gypsy   (1195)   6269   1762 5998 *
 1026    7.0  0.0  0.0  contig_8_pilon  19084 19211 (18107) C ltr-1_family-15  LTR/Unknown   (13)   1459   1332 5999  
24571    8.6  0.7  0.4  contig_8_pilon  19213 22455 (14863) C rnd-1_family-41  LTR/Gypsy   (3521)   3253      1 6000  
 8325    6.4  0.4  0.0  contig_8_pilon  22446 23474 (13844) C ltr-1_family-15  LTR/Unknown  (127)   1345    313 5999 *
  344    7.0  0.0  0.0  contig_8_pilon  23474 23516 (13802) + ltr-1_family-15  LTR/Unknown   1190   1232  (240) 6001 *
11024    6.6  4.3  1.4  contig_8_pilon  23553 25101 (12217) C ltr-1_family-12  LTR/Gypsy   (5870)   1594      1 5998  
 2602    1.0  0.0  0.0  contig_8_pilon  25102 25390 (11928) C ltr-1_family-11  LTR/Unknown    (0)    289      1 6002  
  287   27.9  2.1  1.1  contig_8_pilon  25932 26025 (11293) + rnd-3_family-331 Unknown          2     96    (1) 6003  
  585   22.5  4.0  0.0  contig_8_pilon  26031 26181 (11137) + rnd-2_family-26  Unknown        127    283   (42) 6004 *
 1285   21.5  7.1  0.8  contig_8_pilon  26152 26630 (10688) C rnd-3_family-9   Unknown       (29)    563     55 6005  
  718   29.9  5.4  3.5  contig_8_pilon  26675 27173 (10145) + rnd-1_family-66  Unknown          1    508  (211) 6006  
  543   27.8  8.2  0.6  contig_8_pilon  27069 27400  (9918) C rnd-2_family-270 Unknown       (65)    714    200 6007 *
  533   22.8  0.0  3.8  contig_8_pilon  27401 27537  (9781) C rnd-1_family-2   Unknown        (0)    281    150 6008 *
  724   14.1 22.2  6.2  contig_8_pilon  27422 27588  (9730) + rnd-1_family-37  Unknown          3    194    (4) 6009  
  399   22.1  3.4  0.7  contig_8_pilon  27641 27786  (9532) C rnd-2_family-270 Unknown      (316)    463    314 6007  
  290   18.4 14.1  2.3  contig_8_pilon  28155 28232  (9086) + rnd-2_family-80  Unknown          8     94   (46) 6010  
  515   30.9  3.6  0.4  contig_8_pilon  28498 28721  (8597) C rnd-2_family-26  Unknown       (78)    247     17 6011  
 1660   25.4  3.8  3.6  contig_8_pilon  28810 29418  (7900) C rnd-1_family-55  Unknown        (7)   3646   3037 6012 *
14583   22.9  1.8  1.4  contig_8_pilon  29414 33342  (3976) C rnd-1_family-24  Unknown        (0)   4548     12 6013  
 5830   27.0  1.5  0.2  contig_8_pilon  35071 36356   (962) C ltr-1_family-15  LTR/Unknown  (169)   1303      2 6014  
 2660   27.6  3.1  2.9  contig_8_pilon  36342 37103   (215) C ltr-1_family-12  LTR/Gypsy   (5666)   1798   1035 6015 *
  310   19.7  0.0  0.0  contig_8_pilon  37248 37318     (0) C ltr-1_family-12  LTR/Gypsy   (6682)    782    712 6015  
  435   24.1  3.9 12.7  contig_85_pilon    693   973 (29171) + rnd-1_family-62 Unknown         71    329 (1307) 6016  
 4977   10.3  1.3  1.4  contig_85_pilon   2667  3426 (26718) + rnd-1_family-86 Unknown         18    776   (11) 6017  
 3928   15.7  1.9  0.8  contig_85_pilon   3833  4571 (25573) + rnd-1_family-72 Unknown         12    758    (8) 6018  
  365   32.4  8.2  4.0  contig_85_pilon   5155  5607 (24537) + rnd-1_family-61 Unknown       2622   3092  (906) 6019  
17616    8.8  1.4  2.5  contig_85_pilon   9406 11981 (18163) C rnd-1_family-26 Unknown      (134)   4414   1866 6020  
 3174    7.3  0.2  5.4  contig_85_pilon  11981 12426 (17718) C rnd-1_family-47 LTR/Gypsy   (2402)   3238   2815 6021 *
 9643   12.6  1.4  1.1  contig_85_pilon  12407 13935 (16209) C rnd-1_family-47 LTR/Gypsy   (4107)   1533      1 6021  
19261    3.5  0.5  1.1  contig_85_pilon  13956 16235 (13909) C rnd-1_family-31 Unknown        (0)   2265      1 6022  
 2966   23.6  0.5  0.2  contig_85_pilon  16238 16792 (13352) + ltr-1_family-15 LTR/Unknown    903   1459   (13) 6023  
 9127   19.1  2.1  0.2  contig_85_pilon  16812 18350 (11794) + ltr-1_family-12 LTR/Gypsy     1785   3352 (4112) 6024  
 2208    2.0  0.0  0.0  contig_85_pilon  18350 18594 (11550) C ltr-1_family-13 LTR/Unknown    (0)    245      1 6025 *
45828    4.0  0.4  0.0  contig_85_pilon  18595 23879  (6265) C ltr-1_family-14 LTR/Gypsy      (0)   5302      1 6026  
 2179    2.9  0.0  0.0  contig_85_pilon  23880 24124  (6020) C ltr-1_family-13 LTR/Unknown    (0)    245      1 6027  
18948   16.1  0.5  0.5  contig_85_pilon  24125 27023  (3121) + ltr-1_family-12 LTR/Gypsy     3347   6245 (1219) 6024 *
20161    5.5  1.0  0.2  contig_85_pilon  27021 29446   (698) + rnd-1_family-90 Unknown          1   2444    (0) 6028  
 4197   15.5  6.4  0.5  contig_85_pilon  29443 30141     (3) + ltr-1_family-12 LTR/Gypsy     6241   6980  (484) 6024 *
 3010   24.1  0.3  0.2  contig_86_pilon      1   565 (58792) + ltr-1_family-15  LTR/Unknown    894   1459   (13) 6029  
 8556   18.2  2.2  0.1  contig_86_pilon    585  1969 (57388) + ltr-1_family-12  LTR/Gypsy     1785   3198 (4266) 6030  
21745    2.7  0.3  0.1  contig_86_pilon   5471  7922 (51435) C rnd-1_family-73  Unknown        (0)   2458      2 6031  
 4229    1.1  0.2  0.0  contig_86_pilon   7919  8389 (50968) C rnd-1_family-92  Unknown        (0)    472      1 6032 *
  627   24.2  0.0  0.8  contig_86_pilon  11901 12029 (47328) + ltr-1_family-12  LTR/Gypsy     3225   3352 (4112) 6033 *
 2244    1.6  0.0  0.0  contig_86_pilon  12029 12273 (47084) C ltr-1_family-13  LTR/Unknown    (0)    245      1 6034  
49846    0.0  0.0  0.0  contig_86_pilon  12274 17575 (41782) C ltr-1_family-14  LTR/Gypsy      (0)   5302      1 6035  
 2273    0.8  0.0  0.0  contig_86_pilon  17576 17820 (41537) C ltr-1_family-13  LTR/Unknown    (0)    245      1 6036  
 2982   20.7  0.4  0.6  contig_86_pilon  17821 18349 (41008) + ltr-1_family-12  LTR/Gypsy     3347   3874 (3590) 6033  
  507    5.2 29.9  0.0  contig_86_pilon  18348 18444 (40913) + rnd-3_family-189 Unknown          1    126  (270) 6037 *
  409   23.6  1.8  3.7  contig_86_pilon  24797 24906 (34451) C rnd-3_family-310 Unknown       (66)    486    379 6038  
  283   20.0  0.0  0.0  contig_86_pilon  25023 25077 (34280) + rnd-2_family-48  Unknown        101    155   (73) 6039  
  563   24.4  4.7  5.1  contig_86_pilon  25922 26176 (33181) + rnd-2_family-270 Unknown        284    537  (242) 6040  
  339   17.8 15.6  0.0  contig_86_pilon  37473 37562 (21795) + rnd-3_family-189 Unknown        291    394    (2) 6041  
 9979   15.5  0.7  0.5  contig_86_pilon  37567 39083 (20274) + ltr-1_family-12  LTR/Gypsy     3865   5384 (2080) 6042 *
20896   12.5  1.3  1.9  contig_86_pilon  39083 42354 (17003) + rnd-1_family-41  LTR/Gypsy        1   3253 (3521) 6043  
10489   14.8  2.6  0.2  contig_86_pilon  42347 43905 (15452) + ltr-1_family-12  LTR/Gypsy     5372   6967  (497) 6042 *
  311   11.8  0.0  0.0  contig_86_pilon  43903 43953 (15404) + rnd-1_family-46  Unknown       5056   5106 (2411) 6044 *
15483   20.9  1.3  1.5  contig_86_pilon  55658 55905  (3452) C rnd-1_family-46  Unknown        (0)   7517   6895 6045  
 3761   29.4  1.2  1.2  contig_86_pilon  55906 57287  (2070) + rnd-1_family-67  Unknown       1075   2455 (1621) 6046  
15483   20.9  1.3  1.5  contig_86_pilon  57288 59323    (34) C rnd-1_family-46  Unknown        (0)   6894   1756 6045  
  280    5.3  0.0  0.0  contig_86_pilon  59320 59357     (0) + ltr-1_family-12  LTR/Gypsy     6948   6985  (479) 6047 *
 2249   15.9  1.2  0.5  contig_90_pilon    759  1162 (2541) C rnd-2_family-247 Unknown       (6)   1222    816 6048  
  568   34.0  3.7  4.0  contig_90_pilon   1176  1819 (1884) + rnd-1_family-59  LTR/Gypsy    5936   6577 (2416) 6049  
  934   19.0  0.0  0.6  contig_90_pilon   3006  3185  (518) C rnd-2_family-247 Unknown     (388)    840    662 6050  
 1991    8.3  0.0  0.0  contig_91_pilon   1773  2038 (1102) + rnd-1_family-70 Unknown         1    266    (0) 6051  
  688   23.9  4.8  2.0  contig_94_pilon    749  1039 (1354) + rnd-1_family-4   Unknown       198    496    (0) 6052  
  624   27.4  0.5  3.3  contig_94_pilon   1296  1514  (879) C rnd-2_family-399 Unknown       (1)    231     19 6053  
  226   24.1  0.9  6.9  contig_94_pilon   2097  2203  (190) C rnd-3_family-9   Unknown      (91)    501    401 6054  
 4861    7.0  1.0  0.6  contig_95_pilon      1   708 (25426) C rnd-1_family-21 LTR/Gypsy  (8385)    711      1 6055  
  281   12.2  0.0  0.0  contig_95_pilon    707   747 (25387) C ltr-1_family-6  LTR/Gypsy     (0)  13402  13362 6056 *
67647    6.6  1.4  0.8  contig_95_pilon   1070 10114 (16020) C rnd-1_family-21 LTR/Gypsy     (0)   9096      1 6057  
30985    6.3  1.3  0.6  contig_95_pilon  10109 14154 (11980) C rnd-1_family-47 LTR/Gypsy  (1569)   4071      1 6058 *
  359   21.7  7.7  3.4  contig_95_pilon  15362 15504 (10630) C rnd-1_family-64 Unknown      (20)   6455   6307 6059  
  290   15.8  9.5  9.5  contig_95_pilon  15419 15523 (10611) + rnd-1_family-64 Unknown      6307   6411   (64) 6060 *
51098    6.8  1.7  1.0  contig_95_pilon  15529 22927  (3207) C rnd-1_family-64 Unknown       (0)   6475      1 6061  
 1598   22.9  0.9  0.0  contig_95_pilon  23274 23592  (2542) C rnd-1_family-59 LTR/Gypsy  (7984)   1009    688 6062  
  499   13.2  0.0  0.0  contig_98_pilon      3    78 (51480) C rnd-1_family-69  Unknown       (2)    214    139 6063  
 4847   28.3  1.7  0.8  contig_98_pilon   3484  5021 (46537) + rnd-1_family-46  Unknown         1   1551 (5966) 6064  
 2045   20.4  0.2  0.7  contig_98_pilon   5135  5543 (46015) + rnd-1_family-46  Unknown      1605   2011 (5506) 6064  
12463   22.8  1.3  1.1  contig_98_pilon   5623  8467 (43091) + rnd-1_family-46  Unknown      2021   4871 (2646) 6064  
 1103   31.6  4.0  4.5  contig_98_pilon  18747 19526 (32032) + rnd-1_family-68  DNA/Sola-1    208    983 (1423) 6065  
  325   18.6  0.0  0.0  contig_98_pilon  20907 20965 (30593) C rnd-1_family-69  Unknown     (152)     64      6 6066  
13582    2.7  0.1  0.2  contig_98_pilon  23582 25218 (26340) + rnd-1_family-62  Unknown         1   1636    (0) 6067  
23742    2.0  0.6  0.5  contig_98_pilon  25656 29006 (22552) C rnd-1_family-81  Unknown       (0)   2869      1 6068  
13141    3.7  0.2  0.1  contig_98_pilon  36598 38231 (13327) + rnd-1_family-62  Unknown         1   1636    (0) 6069  
23493    2.2  0.7  0.4  contig_98_pilon  38679 42008  (9550) C rnd-1_family-81  Unknown       (0)   2869      1 6070  
  229    0.0  5.7  0.0  contig_98_pilon  42049 42083  (9475) C rnd-1_family-77  Unknown    (2713)     37      1 6070  
  466   27.8  0.0  3.3  contig_98_pilon  49609 49764  (1794) C rnd-3_family-333 Unknown       (7)    702    552 6071  
13160    2.5  1.1  0.4  contig_98_pilon  49933 51557     (1) + rnd-1_family-62  Unknown         1   1636    (0) 6072  
