"","baseMean","log2FoldChange","lfcSE","stat","pvalue","padj"
"g970",247.233628073943,-6.18929738056983,0.612884139262918,-10.0986417889903,5.60125593975868e-24,9.11482218276696e-21
"g348",186.436797333931,4.30871306197812,0.429396737871141,10.0343404641121,1.07676576287855e-23,9.11482218276696e-21
"g1141",1053.72653816016,3.66571488793473,0.379386445924187,9.66221889926783,4.36309505011418e-22,2.4622399732811e-19
"g735",292.181630646852,5.04717497854415,0.52510420303236,9.6117588649983,7.13201233741464e-22,3.01862422181074e-19
"g780",164.254152899452,4.51398195280111,0.47115468264153,9.58067938005722,9.64086565110408e-22,3.26439710946384e-19
"g1607",309.564195234945,3.82032715704308,0.400789107920508,9.53201342437878,1.54261836153601e-21,4.35275481013411e-19
"g1427",520.409363504487,-3.7607502229702,0.403801060461895,-9.313373814988,1.23834911862814e-20,2.99503579691063e-18
"g1431",151.648473194869,7.60488045612291,0.842972662683602,9.02150306026863,1.85526061636365e-19,3.92619527937958e-17
"g736",105.793809801975,5.92360309541136,0.668904281122228,8.8556812425737,8.31742527045388e-19,1.56460010920871e-16
"g1584",136.73444987944,4.90370060013283,0.579527858666851,8.46154421534338,2.638599882589e-17,4.46714960122317e-15
"g1451",1336.98970577227,2.34865084373446,0.282638273845138,8.3097409695522,9.59112032307342e-17,1.47616060972394e-14
"g197",17410.5924709454,4.50002393906809,0.554869546747433,8.11005751792759,5.05958060165163e-16,7.13822496549684e-14
"g900",1374.32153303642,-2.76031994527672,0.348440093072219,-7.92193550672884,2.33841600792828e-15,3.04533715494045e-13
"g90",414.243053498334,-2.57281413365403,0.326900466940266,-7.87032872034459,3.53710619621515e-15,4.27737199299447e-13
"g1761",4140.73277658159,3.60642542418767,0.465098990257985,7.75410288933809,8.89701728249325e-15,1.00417668395074e-12
"g1048",324.210843056874,-3.0264075603194,0.402334810557876,-7.5221121337301,5.3898325363005e-14,5.70311655247296e-12
"g572",74.765895489111,4.86503008056824,0.648867169134183,7.49772882955367,6.49330551282597e-14,6.46656837247903e-12
"g948",239.599590520824,-3.13178278755254,0.419562249951863,-7.46440555105198,8.36765094164031e-14,7.87024058010947e-12
"g876",418.368143751481,2.14598899749347,0.291932261970421,7.35098266635191,1.96754937859571e-13,1.67149859994437e-11
"g279",1409.57900339327,2.3313359257608,0.317166786277372,7.35050461343696,1.97459964553381e-13,1.67149859994437e-11
"g560",629.552565883493,-4.24224183473082,0.582411087445091,-7.28393041647026,3.24232294476767e-13,2.61392987880555e-11
"g829",570.103739176594,-2.17497943067923,0.303168644517206,-7.17415692557148,7.27541211117505e-13,5.59876032009971e-11
"g886",258.866846329733,2.1136225562708,0.296070917007333,7.13890637295676,9.40763827254064e-13,6.92483982409187e-11
"g589",279.628076994395,-6.4714251031509,0.907252236772863,-7.13299437670173,9.82085707115796e-13,6.92779625894601e-11
"g1985",174.130202812445,-6.50027531197444,0.925344483477985,-7.02470855777149,2.14513533995115e-12,1.45268565221492e-10
"g74",558.932563025035,-3.219607150936,0.463773004674835,-6.94220473913388,3.86027187132327e-12,2.51363087621165e-10
"g1523",327.501828774964,-2.2678277439224,0.328871307967159,-6.89579081234069,5.35659708687368e-12,3.35878476595449e-10
"g23",111.56663059441,3.06746478102415,0.445888198959184,6.87944822981273,6.00848281814781e-12,3.63298621825866e-10
"g1409",140.480122476968,-4.02525598971605,0.585779748048136,-6.8716202687589,6.34767415794859e-12,3.70572839634723e-10
"g19",54.3682477817686,5.4276859757845,0.799272063806924,6.79078654386154,1.11523831573256e-11,6.29366156178409e-10
"g1841",104.429685369186,3.39168935958563,0.510851245007067,6.63928960286416,3.15198565242865e-11,1.72139087405216e-09
"g401",88.4248661155765,3.7740971287315,0.571588731711015,6.60281933381363,4.03411062061111e-11,2.12581373381304e-09
"g760",46.3501029364562,9.07814679874624,1.3757168603765,6.59884825156667,4.14364165480391e-11,2.12581373381304e-09
"g638",384.606148064674,-4.86041417297904,0.753040684240352,-6.45438457004764,1.08659561179822e-10,5.41060697286586e-09
"g1148",768.644212419548,2.31086673334981,0.360577332343611,6.408796466295,1.46672842615282e-10,7.09477492993350e-09
"g1883",6124.41058164135,3.19012120351896,0.498796733236153,6.39563371400152,1.59882856360964e-10,7.51893543941978e-09
"g241",7459.53553616755,3.63067296425781,0.571868599238344,6.34878881108948,2.17016707557064e-10,9.9299806998408e-09
"g569",143.314672736219,-3.73242176038284,0.59323195945371,-6.29167343549717,3.14061653998225e-10,1.39922731636578e-08
"g1640",35.7238633666351,5.4680667225871,0.872942268360917,6.26395000078784,3.75345869597915e-10,1.62938604417762e-08
"g93",44.2551625440565,-8.82030233565634,1.41016276481489,-6.25481154071897,3.97996221866298e-10,1.68451900904911e-08
"g179",108.680800941239,3.69877777540216,0.609426421708133,6.06927701794587,1.28487351866241e-09,5.30558748072065e-08
"g692",304.388267039156,-3.47425591273999,0.575470094479619,-6.03724840972259,1.56764304052466e-09,6.31909444668629e-08
"g937",54.1103057929868,2.84408270059535,0.477471974609462,5.95654373834529,2.57628186237037e-09,1.01433609139373e-07
"g1529",4995.01165619352,3.75639325685546,0.637488430579192,5.8924885169172,3.80422539898855e-09,1.463762181929e-07
"g1752",61.7666482863549,-4.30384643275898,0.734753556280671,-5.85753739600131,4.69781056216764e-09,1.76742072927774e-07
"g1421",463.031966287524,4.13360876303603,0.710626386294537,5.8168523471105,5.99660657387671e-09,2.20701194121158e-07
"g398",135.48611288118,-2.3615935974019,0.40673163217259,-5.80626981183454,6.38799925213648e-09,2.30103887954618e-07
"g400",20514.726396597,2.34510274444074,0.406860450926436,5.76389948716043,8.21923761540637e-09,2.86895122125668e-07
"g1827",924.897587501009,-2.43621127343194,0.422793455309565,-5.76217829968103,8.3035209593371e-09,2.86895122125668e-07
"g477",2654.51189309873,-2.69869880847688,0.46904904032378,-5.75355362973133,8.7386708716994e-09,2.95891395715742e-07
"g1297",5726.8804852368,1.95471724120128,0.342578461305718,5.70589649375794,1.1573231489024e-08,3.84185900214071e-07
"g437",31.2296504021539,-5.36144055105202,0.953990303821507,-5.62001576910697,1.90940030350192e-08,6.21656675736299e-07
"g785",236.920779966141,-1.89686182489834,0.339592594194829,-5.58569844373604,2.32762826817781e-08,7.43523520382083e-07
"g10",786.128451512186,-2.19777715332157,0.395130569756307,-5.56215418786004,2.66464695115049e-08,8.35416164499589e-07
"g1441",768.567197910569,2.30498840579833,0.416298264898671,5.5368676743329,3.07929019496596e-08,9.47861509104977e-07
"g1726",948.77509972725,1.96202471517343,0.354934313603662,5.52785301385182,3.24173468510995e-08,9.80045861051991e-07
"g1763",139.747801379136,-1.86620471177514,0.339460901824858,-5.49755421535407,3.85094938950154e-08,1.14379952919756e-06
"g227",75.6184792165652,-3.64844902741874,0.666604743762697,-5.47318191410523,4.42025940368562e-08,1.29025847766203e-06
"g1467",565.216564727916,-2.08595582586398,0.381504719162847,-5.46770648195725,4.55895989455061e-08,1.30818967821596e-06
"g1419",1665.69392761942,1.69164548799474,0.310801981229226,5.44284010450726,5.24377129173133e-08,1.47961746615019e-06
"g1816",1105.87476703372,1.83480398707378,0.337407576392824,5.43794542698005,5.38984766825783e-08,1.49590362333779e-06
"g1418",58.192292877805,-3.1020527014451,0.570817654845284,-5.4344021687379,5.49804516796527e-08,1.501321043446e-06
"g587",62.4518863665109,5.00226276170855,0.921397463032129,5.42899558812234,5.66720848110177e-08,1.51765406247304e-06
"g1905",397.141176108091,-3.37839666122447,0.622538690402735,-5.42680593721637,5.73714471342438e-08,1.51765406247304e-06
"g481",572.284815452543,2.76815791582411,0.513387716928683,5.39194418671425,6.96994189718876e-08,1.81540178952932e-06
"g1509",261.502237059098,-1.78304439310637,0.331726465517973,-5.37504413560202,7.65639253506557e-08,1.96398069119182e-06
"g117",406.075508343899,2.5309079950664,0.475258195991494,5.32533266425078,1.00768446304718e-07,2.54628327752072e-06
"g1099",630.924494013926,-2.46336151345234,0.463272669237042,-5.31730377600132,1.05316161007495e-07,2.62206265567189e-06
"g1256",1184.75737169952,-2.9974922427097,0.566600187426222,-5.29031283297979,1.22107322938902e-07,2.99605359037045e-06
"g1510",1103.28234853916,-1.4398183302889,0.27375937820042,-5.25943015999549,1.44502497840917e-07,3.49489612635247e-06
"g1916",4442.92534760309,-1.51271751281797,0.288978774995744,-5.23470110509065,1.65252059373678e-07,3.94044699323432e-06
"g280",203.782519434448,2.17157726978124,0.416565486125462,5.21305134993158,1.85759448748808e-07,4.36792703794071e-06
"g1671",27.8749112707044,3.67538821569016,0.70594124721093,5.2063655866704,1.92575069239069e-07,4.46615879755814e-06
"g1569",206.609677654973,1.93600457836584,0.372526924708628,5.19695208575885,2.02582551254396e-07,4.63476026045529e-06
"g184",144.559645586465,3.48457445353815,0.67358122943611,5.17320599396047,2.3011108110296e-07,5.19437413743083e-06
"g2015",859.274541542412,-3.00467050613172,0.581457162871976,-5.16748386293985,2.37266444950044e-07,5.28542225395295e-06
"g929",371.014382559887,-2.15926432389712,0.418141737771983,-5.16395310212871,2.41788299467465e-07,5.30586381454751e-06
"g1844",249.283975499119,3.65269944494207,0.707626531029593,5.16190290325521,2.44452083599944e-07,5.30586381454751e-06
"g118",795.163136588391,2.38104715955861,0.463163374895903,5.14083644911205,2.73518066377186e-07,5.86159603008324e-06
"g1727",470.985525072249,-2.00689206160129,0.390949101654907,-5.1333845073592,2.84577685470465e-07,6.02237526876871e-06
"g1065",1688.07227376564,-2.33493136683114,0.456353634166935,-5.11649561220984,3.11264522750483e-07,6.50581280267368e-06
"g20",914.803447335452,2.01128862462351,0.397448321944231,5.06050350089471,4.18150781168218e-07,8.6332838111926e-06
"g936",198.094556538796,-4.41006195290357,0.873630767564895,-5.04797005398048,4.46529115493776e-07,9.10811798230075e-06
"g182",377.615705744515,2.46648870598813,0.488909625710422,5.04487655035251,4.53814274001197e-07,9.14651864147651e-06
"g11",318.118110903978,-2.28382656024981,0.453816245356772,-5.03249185902185,4.84145172463343e-07,9.64303267035811e-06
"g1984",110.035133836633,-2.6902192502701,0.536728226063842,-5.01225596052426,5.37955790868727e-07,1.05902227202413e-05
"g1983",469.166857732734,-2.82337539859011,0.567121380283153,-4.97843230170665,6.41013563273067e-07,1.2473976581854e-05
"g2005",228.079056036558,-3.58182275185097,0.721034885757198,-4.967613665585,6.77818292506996e-07,1.3040299650163e-05
"g727",888.761531149864,-1.70358883385246,0.343834515680406,-4.95467661378109,7.24506832836791e-07,1.37819108763223e-05
"g678",743.644602271519,-1.66557456275812,0.337295214556629,-4.93803199949781,7.89148958923925e-07,1.48447687495356e-05
"g940",1121.84811987049,-1.60390331699447,0.325538164946441,-4.92692866674587,8.35322329321977e-07,1.55406670718913e-05
"g1544",236.976704538436,1.81131208272459,0.368750674387018,4.91202378337497,9.01411155830302e-07,1.65879248567468e-05
"g1514",45.6895977679102,-2.19416939914161,0.451581443978312,-4.8588564220256,1.18065711059513e-06,2.1384416363406e-05
"g283",15.3413439298573,7.48663517110898,1.54117604187648,4.85774172948699,1.18732140470181e-06,2.1384416363406e-05
"g554",39.4042482302329,3.84888674892334,0.793007736220682,4.85352988769866,1.21283053328589e-06,2.16139167668737e-05
"g512",23.9231838646043,-6.96307875182827,1.44224783987454,-4.82793494940092,1.37956138815622e-06,2.43291398973799e-05
"g1531",648.04601078395,2.97658734482856,0.622268415556208,4.78344597028593,1.72315225005379e-06,3.00752243231038e-05
"g522",17.2566062404258,5.17973042465714,1.08428729379046,4.77708302432447,1.77856353132898e-06,3.07255924340812e-05
"g312",201.989112483047,-3.53367265396567,0.740590351792511,-4.7714268021624,1.82925458684037e-06,3.12821011668763e-05
"g1790",367.183214266641,-1.53462991993122,0.321971839311741,-4.76634827198461,1.87594880199116e-06,3.17598132177103e-05
"g1914",2127.1315120566,2.44838634925833,0.51462964446732,4.75756959510676,1.95937714235837e-06,3.27088298637813e-05
"g1469",296.942989971176,-2.48102164785217,0.521616257870119,-4.7564116540055,1.97064420915871e-06,3.27088298637813e-05
"g1377",46.7480229673317,-4.50618426132526,0.949711455931773,-4.74479299284032,2.08719671037914e-06,3.43070294239989e-05
"g1530",13647.1382742278,3.10887073628404,0.656147550382944,4.73806651334693,2.15766998470513e-06,3.49655054809204e-05
"g1751",1077.09821047154,-4.00876271548779,0.846257990777669,-4.73704562813514,2.16856354134474e-06,3.49655054809204e-05
"g895",42.3214453277528,2.73265520846488,0.577951934613677,4.72817036297573,2.26552062317326e-06,3.61842114625692e-05
"g662",234.339204514582,-2.14281626279988,0.453887957240456,-4.72102471241528,2.3465942308716e-06,3.71288227370619e-05
"g326",257.165066157829,1.77176905746926,0.375469587146876,4.71880844180379,2.37230071320832e-06,3.71880102542748e-05
"g1505",552.107479982604,-1.48684646892803,0.315353609358674,-4.71485476875241,2.4188321377852e-06,3.75695670575261e-05
"g1942",5696.59170925738,-1.98178516114435,0.422057893536301,-4.69552919515269,2.65917382634338e-06,4.09271026181758e-05
"g1439",356.650766202447,-2.20662215216883,0.471891404249345,-4.6761227949871,2.92349589679908e-06,4.4589896876404e-05
"g515",148.852012027894,-2.12281777207137,0.454568804231186,-4.66995920598136,3.01259554010769e-06,4.55386093696636e-05
"g426",1715.07952099094,1.5645901935716,0.336317021477234,4.65212907363213,3.28525328853316e-06,4.90402122374778e-05
"g1699",19.158226745463,5.35316881699492,1.15110903828955,4.65044460509949,3.31220204400092e-06,4.90402122374778e-05
"g521",1030.09105353483,1.31687692568286,0.283243893567845,4.64926854766397,3.3311425914412e-06,4.90402122374778e-05
"g1265",172.107646333915,-1.99732738163606,0.431148877021622,-4.63257006589837,3.61154047461073e-06,5.25561861577632e-05
"g668",448.523276919918,2.28080994863393,0.492466894202453,4.63139751216717,3.63205775573438e-06,5.25561861577632e-05
"g1965",383.919051558758,-1.66753284452852,0.362922329826151,-4.59473751677752,4.33294337347729e-06,6.216672145167e-05
"g8",434.67177975213,-1.51476394178776,0.330122107620618,-4.58849591354407,4.46451045572441e-06,6.35161025339616e-05
"g396",892.895992502097,-1.90974034022742,0.416924253624256,-4.58054508373248,4.63765627615327e-06,6.54296006293957e-05
"g1379",180.090775686425,-2.19094011549162,0.479109282632855,-4.57294440936672,4.80917766175079e-06,6.72887419945793e-05
"g1848",1499.66871909628,-1.65998788537987,0.363422288696035,-4.56765569149854,4.93209314056466e-06,6.84428990735735e-05
"g1809",747.622961730445,2.54248744786738,0.560396336324698,4.53694516374254,5.70749393868154e-06,7.85592458389256e-05
"g1721",615.488768353091,-1.26765763328349,0.279597490724257,-4.53386627326236,5.79137029096181e-06,7.90708863112769e-05
"g567",3657.90996060404,-2.70681206599236,0.599710703176107,-4.51352969299515,6.37575184199199e-06,8.63531829479395e-05
"g535",923.531981592603,-1.98981992879361,0.44147158888763,-4.50724345321368,6.56752642174098e-06,8.82446208889482e-05
"g392",284.713459909298,-2.19427821209175,0.489117907341104,-4.48619479916422,7.25064547548059e-06,9.66562424408555e-05
"g1039",335.760361704847,-1.72626611564803,0.385240821017135,-4.48100518291453,7.42923070364216e-06,9.82028648535106e-05
"g1375",553.856038732462,1.48513211941244,0.331541536981881,4.47947528063009,7.48267546727872e-06,9.82028648535106e-05
"g1053",450.961375287937,-1.69088743924205,0.380694486281518,-4.44158636432592,8.92980924368336e-06,0.000116293592688892
"g1497",324.458725490929,1.3302666915975,0.299743120513939,4.43802242839343,9.07891608464963e-06,0.000117332862071083
"g817",127.226850950389,-2.24339613772695,0.506436458949036,-4.42976823268703,9.43344145707225e-06,0.00012099103323351
"g508",3718.87848243791,-2.74797292384616,0.62069491428879,-4.42725219844095,9.54411188864116e-06,0.000121490085920823
"g482",32.4675342989183,3.43674904097359,0.776938034972412,4.42345320511387,9.71356787586885e-06,0.000122724406073477
"g939",588.710900724572,1.34960836891052,0.306300778024762,4.40615390406034,1.05222214763332e-05,0.000131956451551349
"g912",1628.29295495287,1.95940739759168,0.445639147538466,4.396847557973,1.09834426544107e-05,0.000136727708925863
"g88",5224.41677564902,1.63387223103816,0.372209958224756,4.38965211686132,1.13532137907473e-05,0.000140299203998067
"g1051",21.1724774243945,3.84484897864168,0.876801398797958,4.38508536130614,1.15940304382858e-05,0.000142236909652303
"g292",1723.52188614333,-2.27066190730726,0.520330339870131,-4.36388527310168,1.27772604233074e-05,0.00015524908574436
"g696",537.306273670893,-1.6361115420238,0.37501007858589,-4.36284685519213,1.28380815145956e-05,0.00015524908574436
"g1547",708.247222702164,1.16629676540822,0.267735288788511,4.35615630156808,1.32366273080457e-05,0.000158933404485967
"g1781",519.099750486994,-2.48711295563438,0.57312633845805,-4.33955445552503,1.42771885537327e-05,0.000170159745060327
"g1005",1971.01076448664,1.69366793271491,0.390417871521179,4.33809017531881,1.43726187499272e-05,0.000170159745060327
"g1276",254.338969400394,1.82677659530122,0.422112256688047,4.32770327408725,1.50672267135518e-05,0.000177144547403077
"g228",180.464475253772,-2.10678393450848,0.488120076214958,-4.31611817904555,1.58796985618853e-05,0.000185409170105323
"g684",142.712641478018,1.68926345555944,0.39238272172322,4.30514230631954,1.66878426631069e-05,0.000193510394716713
"g406",12.7792796484113,4.72879984364857,1.09976732717305,4.29981844960237,1.7093808565518e-05,0.000196741446701679
"g111",372.291789631758,-2.44580885870176,0.568996546069643,-4.29845993898599,1.71988978805957e-05,0.000196741446701679
"g1773",307.483442398488,-2.3714023203649,0.552505731334825,-4.29208637281593,1.77002066157868e-05,0.000201117112755215
"g1021",48.2166799616359,2.28381340633512,0.532284885841132,4.29058473589039,1.78203272134136e-05,0.000201132093148728
"g119",2261.06676492591,2.01193088254606,0.469972588377723,4.28095368176888,1.8609409142884e-05,0.000208647216416574
"g887",72.0103755152215,2.22647349019622,0.520848452684559,4.27470501010519,1.91390527289826e-05,0.000213173791251102
"g616",243.784584814439,-1.83739494595896,0.431141151602227,-4.26170162400583,2.02876199153722e-05,0.000224489807298858
"g1754",950.105435283303,-3.03084199532207,0.712557948105627,-4.25346738939581,2.10485603561114e-05,0.000231397484953874
"g156",219.355291473961,-1.83266501855975,0.432111321569022,-4.2411872290345,2.22340564565301e-05,0.00024285327471552
"g1692",427.488771361142,-1.66228678806964,0.392323377842205,-4.237032208512,2.26493656038336e-05,0.000245803692098014
"g223",19.6626141909197,3.14060537304871,0.743240362253189,4.22555815392981,2.38349259862424e-05,0.000256754989262785
"g1936",164.383429608784,2.00070057094177,0.473610024314265,4.22436280532399,2.39617769069817e-05,0.000256754989262785
"g634",2001.61431011185,-1.83042537049672,0.434289561274899,-4.21475792584867,2.50046243829418e-05,0.00026624420805233
"g1764",434.211050243183,-1.31427457133868,0.311941098937267,-4.21321389139233,2.51762440891588e-05,0.000266396132768411
"g1593",2144.24613983904,1.70229332751595,0.404180149485162,4.21171927835721,2.5343437406786e-05,0.000266499624408005
"g234",143.922026323672,-4.04976622947022,0.965474064986306,-4.19458831297313,2.73367631342011e-05,0.000285686049297546
"g1133",4172.91610174443,1.65811706610071,0.396789371374315,4.17883437844535,2.93006960275075e-05,0.000304331769169142
"g1470",74.9681866971393,-2.2694910598295,0.543669777501765,-4.17439253338326,2.9878221522312e-05,0.000308437981934599
"g507",1443.8732952655,1.22536667738669,0.293703219404311,4.17212545327892,3.01771397691339e-05,0.000309635743206931
"g1412",104.766164210048,-2.27282943835963,0.545310342880012,-4.1679558585958,3.07343431861135e-05,0.000313453271169218
"g422",826.559677893786,1.61866883000935,0.389792189712907,4.15264562176462,3.28653482973853e-05,0.000333179848308223
"g584",801.588008438792,1.31232004235209,0.316639480964108,4.14452436050085,3.40519757744856e-05,0.000343154732060739
"g288",11.4689521623906,7.07230845207691,1.7118576354429,4.13136484345972,3.60615697860995e-05,0.000361255844070216
"g1140",380.580831842494,-1.80506868582514,0.437571163702899,-4.12520027725306,3.70412281754007e-05,0.000368887054711491
"g640",549.060839347412,1.20011196881343,0.291946627064956,4.11072387058753,3.94420656837583e-05,0.000390499515804695
"g1504",61.5469330802989,-1.76681848148342,0.430412341100816,-4.10494382425148,4.04413142303531e-05,0.000398064796465045
"g1493",18.7796524130767,5.31943061046156,1.29654042498009,4.10278808741596,4.08201099135403e-05,0.000399470786610542
"g212",74.6718415197771,-2.18950777498219,0.534233767622986,-4.09840767783018,4.16002102785917e-05,0.000404765264377332
"g186",12.4493395465955,3.89109431559377,0.950047396278484,4.09568441620484,4.20923000767509e-05,0.00040627471544044
"g478",7749.754253485,-1.7001011068637,0.415269301220811,-4.0939725182327,4.24044594043776e-05,0.00040627471544044
"g1340",2712.15485031126,1.56588380233377,0.382521302654882,4.09358587735057,4.24752655835545e-05,0.00040627471544044
"g370",33.6485319866158,2.35516158487294,0.575813144227987,4.0901490500544,4.31096061818403e-05,0.000410025636325031
"g1767",389.344700703504,1.76957005787441,0.433416022210416,4.08284412018187,4.44878651805705e-05,0.00042077070251791
"g1870",405.77879559383,2.3004095783306,0.564008196319317,4.07868111375496,4.52919109962178e-05,0.000425995585092204
"g1568",466.138188271819,1.81105345115871,0.445020625606595,4.06959441192218,4.70950523536522e-05,0.000440507865385266
"g1032",19.9555151328976,4.14906476770092,1.02675407588316,4.04095280959281,5.32344709049602e-05,0.000495197578253283
"g941",1661.74780490844,-2.93903609572896,0.729110121279356,-4.0309906692447,5.55422488901242e-05,0.000513841679622843
"g2002",14.4928647451766,-7.20617600116329,1.79292304916956,-4.01923328750836,5.83878363631978e-05,0.000536104375330328
"g1225",291.914670103007,1.1371512065326,0.282982474794258,4.0184509919187,5.85819902162497e-05,0.000536104375330328
"g1679",538.532597323014,1.81771370696188,0.454492220270396,3.99943855118234,6.34929301751815e-05,0.000577922208530012
"g1084",260.203391031755,-1.51416560803196,0.380204457694643,-3.98250356456378,6.81931017107445e-05,0.000617384605327756
"g1273",187.849746820254,-2.67252397445622,0.672225701028662,-3.97563492494655,7.0191734068766e-05,0.000632098966906494
"g743",2344.14339170665,1.23751171998115,0.311589900368783,3.97160408125068,7.13902974638831e-05,0.000639490865642085
"g718",13.7787847457157,4.08478179936036,1.03193130425528,3.9583853910782,7.54581337095024e-05,0.000672371686158882
"g432",45.0544644923903,-2.35522757909234,0.595744764745437,-3.95341716531698,7.70429433789284e-05,0.000682898969322124
"g1675",457.403989688893,-1.35013447273573,0.342239191957751,-3.94500251421351,7.97991413267903e-05,0.000703645553470084
"g1872",306.2768826369,-1.6885059647662,0.429106983382125,-3.9349300527756,8.322092949763e-05,0.000730015718339314
"g203",1874.08170367127,2.09628476948988,0.533883207472402,3.92648568104334,8.61960211467879e-05,0.000752215792791299
"g410",163.716375848379,-1.52610131188353,0.388893975726124,-3.92420918589462,8.70151022651945e-05,0.000755469580179355
"g1546",330.645713758091,1.21695931572717,0.310454821572726,3.91992403133636,8.85768855666372e-05,0.000765105445226106
"g1724",2073.79732564452,1.14282388284207,0.292729322125383,3.90402941032526,9.46042769256641e-05,0.00081302051185355
"g138",834.899294405203,1.06817630383067,0.273908417194906,3.89975713331433,9.62892273389445e-05,0.000823321524670874
"g274",3571.78214185657,-2.70714514270872,0.695020842539293,-3.89505605733783,9.81760217717429e-05,0.000835236205324425
"g1351",733.440444860721,1.22490538921707,0.314752182260401,3.89165018784105,9.95647269223451e-05,0.000842815413397651
"g337",35.3582244462501,2.0630111935303,0.530313772146495,3.89017087974176,0.000100173656473551,0.000843751245819508
"g262",28.4060182658584,3.27349489310818,0.841878392560101,3.88832273406338,0.000100939351271038,0.000845991691593403
"g1015",3364.51748623482,1.30841316605952,0.336855403125234,3.88419824625192,0.000102668113139172,0.00085624194849566
"g1313",228.035677959031,-1.39663111231991,0.359784114646023,-3.88185874658196,0.000103661087013715,0.000860285393697157
"g1716",51.9947635035682,-3.19084703544838,0.822647683166904,-3.87875283762393,0.000104993363961028,0.000865159300194145
"g1919",291.782604297225,-1.1834210793472,0.305153949681497,-3.8781116239275,0.000105270416916712,0.000865159300194145
"g905",91.6140291708349,2.39330247192543,0.620764226252909,3.85541300659674,0.000115534410751951,0.000941336414634426
"g1533",434.901915954812,-2.17831833619644,0.565201447040696,-3.85405654497484,0.000116176745596685,0.000941336414634426
"g338",462.830247942654,-1.43041065470897,0.371150418518967,-3.85399176004397,0.000116207507772354,0.000941336414634426
"g699",326.636632429627,-1.67723772652475,0.435797224711927,-3.84866546048669,0.000118763066744215,0.000953201346139738
"g1274",4436.10176430065,-1.51104470588573,0.392622647304601,-3.84859283146101,0.000118798277634663,0.000953201346139738
"g1656",11.3277010755611,-4.27142319850927,1.11221129898861,-3.8404781558985,0.000122794899113709,0.000979503356494412
"g976",27.1288057588787,-4.49795386104283,1.17146327521411,-3.83960296170678,0.000123233440598529,0.000979503356494412
"g1812",1222.0652363153,-1.08706750285717,0.283261456141556,-3.83768239302533,0.000124200977770186,0.000982580632546378
"g838",1936.28534279875,-1.15571037591458,0.301529137545891,-3.83283149788033,0.000126676726092479,0.000997505568718918
"g275",1379.87055051422,-1.55037320983044,0.405663485718849,-3.82182095359934,0.000132469858992261,0.00103450891389776
"g579",1163.96853264664,-1.9557761921495,0.51177127965329,-3.8215825504598,0.00013259801199989,0.00103450891389776
"g1976",262.298966017521,-1.89562312587552,0.498178476103454,-3.80510844366923,0.000141742076435161,0.00110077676791159
"g1981",82.5187018553504,-1.93206649317587,0.509278625475878,-3.7937317541464,0.00014839999108982,0.00114722002244322
"g1520",177.289822054906,-2.6021376950594,0.686670711696449,-3.78949859188068,0.000150951667089338,0.00116164169264659
"g1104",815.178028909207,-1.91987042579722,0.506827646396686,-3.78801440577804,0.000151856046586754,0.00116331351525508
"g1913",85.3610596461478,-1.56931927276144,0.415964084827552,-3.7727278147392,0.000161472413265242,0.0012314089894507
"g516",818.007898495892,1.35346612335764,0.358952779980496,3.77059657660592,0.000162857761670694,0.00123640444174208
"g1237",189.836629064732,3.25878453185356,0.865532874216764,3.76506153484059,0.000166508071275543,0.00125847394941738
"g420",310.543793771661,-1.37304881827044,0.365608404334019,-3.75551765767406,0.000172983563893893,0.0013016052163216
"g1683",963.049072651795,-2.60381618152821,0.69457789290725,-3.74877491512087,0.000177700476957072,0.0013311810065855
"g1867",3621.44226061632,-1.23927741300387,0.330884960656483,-3.74534221967997,0.000180148038329057,0.00134357105238367
"g249",349.721200525241,1.28901046791252,0.344268732093323,3.74419849306297,0.000180970547224261,0.00134378568618717
"g321",892.386007753026,1.1157114119055,0.298955114838224,3.73203653835879,0.000189937942145,0.00140421369454797
"g894",446.717568459795,1.68827370783604,0.453906619372078,3.71942958261229,0.000199673203765541,0.00146931942784029
"g1866",11.5364562032114,5.11940999799396,1.37677366009522,3.7184107645115,0.000200480087319024,0.00146931942784029
"g534",747.862258731515,1.1663825425063,0.314256174794566,3.71156602815769,0.00020598091992784,0.0014957544126185
"g1925",111.978191764011,-3.12690635183568,0.842652313796204,-3.71079067919337,0.000206612898231842,0.0014957544126185
"g352",439.187051263409,-1.5566995995763,0.419523422171457,-3.71063811293016,0.000206737467544436,0.0014957544126185
"g566",2823.08014123178,-2.22130176820825,0.598817638197064,-3.70947952517933,0.000207685751042423,0.00149622117665882
"g681",831.509727006629,3.9514801747721,1.06579805157369,3.70753180580278,0.00020928913752531,0.00150138351623029
"g1224",384.359336026265,1.10056899952905,0.297590260759057,3.69826954928516,0.000217074305277041,0.00155066159845582
"g1123",317.122292728423,-1.38695049916039,0.376094477584169,-3.68777150908842,0.000226226651265711,0.00160925092686071
"g97",100.252346254072,3.05404879912966,0.828853299671092,3.68466748016999,0.000229001407271423,0.00162217314857958
"g1246",22.3400098529046,4.56215186001269,1.24219396515807,3.67265659629263,0.000240041962026797,0.00169329600713069
"g1624",375.693140201959,-1.1312928860731,0.308492758987722,-3.66716188018575,0.000245257538508938,0.00172290876637191
"g1365",24.1866225909323,-2.81223172602632,0.767874033687558,-3.6623607553457,0.000249901595516006,0.0017482785173909
"g69",97.6903943610987,-1.96480844945282,0.538891142905632,-3.64602104769959,0.000266332171147096,0.00185555706070796
"g1962",55.5902140462332,-2.24333513089755,0.616771213878075,-3.63722411231244,0.000275592127763361,0.00191220275534168
"g64",923.193398948785,1.03727973752091,0.285288536512809,3.63589701219677,0.000277014995914933,0.00191423015544482
"g1800",677.165102305166,-1.98044073467758,0.545028540541212,-3.63364592377311,0.000279444284705089,0.00192316737400697
"g259",9927.39197394277,2.94632139174477,0.812743987617688,3.62515310679937,0.0002887903070206,0.00197944125419383
"g1090",228.298677686883,1.18197207026304,0.327259690038457,3.61172520246581,0.000304166782487364,0.00207332317483565
"g204",8.30425658557845,6.58544660530068,1.8236829625969,3.61106987363807,0.000304936485844109,0.00207332317483565
"g1396",1073.72284861266,-1.70947164292228,0.474180247893374,-3.60510934505791,0.0003120215261912,0.00211300977536681
"g1634",2342.95884546799,1.34323651293332,0.373011992067866,3.60105450092052,0.000316929124664296,0.00213055679083981
"g220",12.1984649928887,3.56835348704112,0.990964268889893,3.60089016230473,0.000317129540042311,0.00213055679083981
"g1144",546.504768181001,1.16045815526559,0.322443858784655,3.59894637050787,0.000319509064468122,0.00213805868041317
"g754",111.340891054101,-2.10687717099565,0.590431233842898,-3.56837011701222,0.000359208844934782,0.00239425423021491
"g1098",392.732004722578,-2.33237656468628,0.65601909731465,-3.55534857785945,0.000377478296120662,0.00250615982483247
"g911",1080.81230444456,1.54259059077385,0.434301021613555,3.55189261365925,0.000382470919685027,0.00252938776182325
"g1323",14.908939208924,3.27012933270392,0.922615480039198,3.54441194999784,0.000393489909753205,0.00258253975074208
"g1512",460.286476090599,-1.37120151765416,0.386867955159756,-3.54436571798231,0.000393558922440317,0.00258253975074208
"g1837",297.043551886555,-1.88078718169895,0.531510832484495,-3.53856792138627,0.000402303767779293,0.00262973080637198
"g691",201.869604620243,-2.12284288710036,0.600151356238672,-3.53717918827152,0.000404425180215005,0.00263343011578463
"g531",142.319240824771,-2.76919920993373,0.784051286152839,-3.53191080588818,0.000412568487655729,0.00266820782500899
"g1259",81.0246153980345,-1.99664027409457,0.565350329391821,-3.5316867618039,0.000412918163114208,0.00266820782500899
"g992",326.825932106694,-1.63850863974134,0.464315562250676,-3.52886866810795,0.000417340189321919,0.00268652829095821
"g1346",337.650782974005,1.53414819678276,0.435056678473858,3.52631800105776,0.000421380673677244,0.00270226318384687
"g632",1423.32274005609,-1.00591220733073,0.285447147128871,-3.52398760137753,0.000425104140461155,0.00271585399924806
"g465",6164.57597636793,-1.87745900608875,0.533204386372707,-3.52108694915427,0.000429781665416023,0.00273541488552378
"g904",527.643523936653,1.10394742601903,0.314144154513776,3.51414282314975,0.000441175537307056,0.00279741642195073
"g240",389.638299095245,-1.94421720227374,0.553750640422512,-3.51099765914546,0.000446428329526215,0.00282016105182046
"g687",347.440192110378,-2.22304397664396,0.633388378975427,-3.50976438854146,0.000448503922421804,0.00282274029985173
"g1058",134.118898749281,1.43335507314519,0.411645776254458,3.48201088369522,0.000497663464580578,0.00312053424272192
"g1392",243.204493863625,-1.45851509479192,0.419091002572072,-3.48018708547936,0.000501063757753516,0.00313026177814281
"g1791",1185.88964883964,1.13932915266116,0.327776868787407,3.47592908821188,0.000509086876411079,0.00316869147707337
"g461",6.17443412152039,6.15787797689501,1.77275439643108,3.47362160787308,0.000513484616048946,0.00317658970949548
"g1395",155.773055636771,-2.08340754817772,0.59983591295591,-3.47329578502723,0.000514108434968554,0.00317658970949548
"g1003",853.576342746331,1.16403554747269,0.335320452647202,3.47141231106889,0.00051772839203284,0.003187324246224
"g813",4.80477621244618,5.80305223663361,1.67337983149257,3.46786313986919,0.000524614395430164,0.00321801511399734
"g1052",14.5949341740909,-2.78522151802447,0.803869052816831,-3.46477017402872,0.000530684787433552,0.00324349944088449
"g609",476.856785602815,0.990195723053926,0.286321712570349,3.4583326362671,0.000543529855845963,0.00331005771923459
"g1258",1983.63273559887,-1.80157842056315,0.521176952922614,-3.45674997802648,0.000546731853841049,0.00331762375825411
"g58",1490.61301936919,-1.44454163248314,0.418241777537698,-3.4538434706058,0.000552658047994154,0.0033416074116218
"g55",2131.47542891457,-2.86475055799692,0.830591011293746,-3.44905075909108,0.00056256094267784,0.00338937962972805
"g972",715.359428525239,1.47118031843024,0.427041343831443,3.44505359886403,0.000570946165545575,0.00342770162506617
"g340",139.566619500324,-2.04204205009512,0.594477135519877,-3.43502201865061,0.000592505684368677,0.00354456580790166
"g1068",122.636861908211,-1.3754940254999,0.40068882644633,-3.43282351469349,0.000597330779377523,0.00356084862495122
"g1498",42.425156078308,1.9674112375231,0.575463329274305,3.41882990181863,0.000628910280403959,0.00373594773587334
"g504",477.484293470386,-1.17219197616632,0.343124017273026,-3.41623412281745,0.000634936326328441,0.00375855664501417
"g485",56.3040412750887,-1.46401451205856,0.430613462961533,-3.39983451049076,0.000674266484802495,0.00397746745216246
"g1293",1437.35430053349,0.844535406789116,0.249137466063073,3.38983702505552,0.000699341863022532,0.00411106171561509
"g1227",225.661439580817,2.3633465331239,0.697950567301181,3.38612309215885,0.000708875791975797,0.00415268759797587
"g811",452.356125016078,1.45118696791379,0.430541779437611,3.3706066106044,0.000750028784102865,0.00437861631546948
"g1832",1738.46346595333,1.17401680075749,0.348536570378083,3.36841783771486,0.000756009263557189,0.00439836317251657
"g1014",650.768398730107,1.13741221143625,0.337907855317766,3.36604252767855,0.000762549509532475,0.00442122027273452
"g1579",712.973245768157,0.986951015877222,0.293393035748384,3.3639210738582,0.000768435153855603,0.00442593009080591
"g1508",86.1355619079764,-1.53635500368946,0.456723099039058,-3.36386534187113,0.000768590340636112,0.00442593009080591
"g349",62.8203555144216,-2.26706344816042,0.674346896802486,-3.36186532318904,0.000774178726793189,0.00444299859139278
"g248",137.392368428753,-1.78379639531895,0.530952731534615,-3.35961431098251,0.000780513538086344,0.00445640535727094
"g961",33.3404651071848,2.36563905764932,0.704233926636225,3.35916656124308,0.000781779321387756,0.00445640535727094
"g235",329.414212263461,-1.50588325895301,0.449747867289631,-3.34828326819667,0.000813138530104072,0.00461960916599394
"g391",90.6255435162764,-2.75475368646046,0.823085022998987,-3.34686406566269,0.000817312782073199,0.00462779444832751
"g619",1384.29416022886,1.11613572355168,0.334019443014758,3.34152920404208,0.000833182509877922,0.00470192663074441
"g1628",179.517095942773,-1.56077856330244,0.467935082281353,-3.33545960198812,0.000851585259761818,0.00478871675842754
"g955",207.24638644702,-1.44544885329205,0.433469811374851,-3.33460096957496,0.000854218819282409,0.00478871675842754
"g1733",26.4590362999556,1.9570794898799,0.587171520497955,3.33306269387892,0.000858955846140037,0.00479938035483526
"g2008",795.319251064743,1.10815316062278,0.33264185471523,3.33137019564618,0.000864195930495288,0.00481277536292277
"g363",1186.83551864857,-0.945415975653499,0.283925761791261,-3.32979990857102,0.000869084134817079,0.00482412931227972
"g1249",48.6594835243445,-1.87097479664813,0.563401275851833,-3.32085651353791,0.000897416615236384,0.00495440106270827
"g651",576.503355969521,-1.67433306818891,0.504233808160548,-3.32054900145809,0.000898405863113667,0.00495440106270827
"g1382",107.965061053508,1.41284073475536,0.426025056496137,3.31633248611087,0.000912072476753071,0.00501343734786672
"g1433",196.163815873773,2.49863925804522,0.753810675466944,3.31467746393675,0.000917489209687446,0.00502689071844934
"g877",1090.94517227345,2.03972055396128,0.616654888948128,3.30771812648819,0.000940594298539926,0.00513685854009063
"g1920",953.010064495522,1.72844632620019,0.522895124572399,3.30553153964409,0.000947964343608812,0.00516046184479009
"g108",10.4652391778122,3.67351672954655,1.11238554438995,3.3023772630569,0.000958690334730886,0.00520212415608779
"g828",421.818519397695,1.2397722357836,0.37565172569888,3.30032354696912,0.000965734215722721,0.00521467465560205
"g265",597.973143953882,-1.08343217648188,0.328321883038703,-3.29990851189826,0.000967163521476103,0.00521467465560205
"g24",24.5842061827606,2.89594115436446,0.878314931845178,3.29715578019449,0.000976693130128926,0.00524933799780404
"g404",50.1824837872247,1.59755042613352,0.485118554655106,3.29311342723078,0.000990844926231418,0.00530854575984111
"g1160",495.164570173314,1.08858933776095,0.330712916455502,3.29164445534265,0.000996034481610851,0.00531951538601631
"g62",43.5343423721422,-1.95877977023737,0.596232538791619,-3.28526144213334,0.00101887781830925,0.00542440297609296
"g252",231.290720691269,1.53658354187537,0.468249607703855,3.28154795347354,0.00103238968232843,0.00547910887831361
"g154",488.137195196202,-1.65867497469406,0.506484742127857,-3.27487649030767,0.00105708178633804,0.0055774953926156
"g1899",273.863315030087,1.35236899350267,0.412973900392576,3.27470814067692,0.00105771188381657,0.0055774953926156
"g289",1537.97062158901,1.46471471118688,0.447393945426944,3.27388138833465,0.00106081129144845,0.0055774953926156
"g555",495.365643518813,1.46770217753358,0.448790661208947,3.27034919483374,0.00107414798030446,0.0056301316738559
"g669",273.404108397605,-1.44002786670846,0.440847110851316,-3.26650176730802,0.00108885128217394,0.00568958401456936
"g219",165.685446306367,-1.3787536860387,0.422225379424421,-3.26544483876886,0.00109292290099687,0.00569328760426984
"g921",114.306856288253,1.34881742730084,0.413826194511529,3.25938146301482,0.00111655428395512,0.00579854724765649
"g1444",16.7167399355929,-2.91104475759154,0.893380465165586,-3.25846027655416,0.00112018557716169,0.00579961523588607
"g193",794.21161254332,-1.79517914138544,0.555788611061158,-3.22996748342493,0.00123804297738869,0.00639026451438736
"g505",59.0622901021358,1.39271156130424,0.431353604817606,3.22870041133223,0.00124354092293407,0.0063991330775908
"g1217",979.35969766979,-1.11755903661154,0.346820281739381,-3.22230012329941,0.00127165855862648,0.00652399375683219
"g1621",25.9199464878215,2.18427405500213,0.679054020333761,3.2166425491871,0.00129700082911767,0.00663390454288888
"g54",37.9548008896188,1.78755142952288,0.556383781476381,3.21280290518095,0.00131446459493276,0.00670297758801554
"g513",10.5968127887717,-3.92687411033614,1.22345476801536,-3.20966022855603,0.00132891956833584,0.00675633882640411
"g1564",181.075967298245,-1.2972906875168,0.404578265409794,-3.2065259022325,0.00134348209312893,0.00680992569960261
"g878",65.0103691057347,1.65502621498309,0.517529826775738,3.19793397279933,0.00138415968731427,0.00699517119588973
"g1521",1540.39517063149,-2.21289946369473,0.697053304274095,-3.17464883980319,0.00150017930620886,0.00755893918277262
"g1203",611.874557528517,-1.49772410776059,0.472284271971879,-3.17123435321548,0.0015179263026161,0.00761490451253269
"g652",106.105790575054,-1.39615945194445,0.44031996990892,-3.17078385573393,0.001520282176749,0.00761490451253269
"g1492",723.477686871744,-0.879107565190349,0.277350294009606,-3.16966516415483,0.00152614694194183,0.00762173089294252
"g1187",357.565214716787,-1.30671817420796,0.412891246512279,-3.16479989645191,0.00155189640111009,0.00772753119729232
"g386",89.1184024753782,1.80503700887835,0.572483421182665,3.15299437868334,0.00161604918790549,0.00802337617338417
"g357",1713.88167429813,1.80306258133283,0.572146805789155,3.15139849264016,0.00162490631791205,0.00804376139247106
"g1004",367.811849269473,0.939087888613423,0.298146533711603,3.14975283100826,0.00163408647158379,0.00806562214691355
"g263",552.172905731469,0.852587844979763,0.270978003981415,3.14633598466626,0.00165329961249308,0.00813673326729879
"g1635",2381.80700784542,1.30746986378594,0.415910437763507,3.14363320818938,0.00166864449676111,0.00816270291899963
"g1707",13.016364870337,3.10054922517111,0.986480142332769,3.14304271532433,0.00167201438492539,0.00816270291899963
"g139",176.225165466234,1.18880754718146,0.378256230503294,3.1428630946797,0.001673040704603,0.00816270291899963
"g1013",101.608989886676,1.75046467630769,0.557970936015308,3.13719687410325,0.00170571549868674,0.00829820787148462
"g1758",101.9149417666,-1.43799393894059,0.460356604843615,-3.12365223787565,0.00178621434535777,0.00865425636372288
"g1038",199.089130920017,-1.17458477380251,0.376087005951881,-3.12317297650213,0.00178912565109451,0.00865425636372288
"g27",1723.47893286183,-2.4109523358069,0.773650234039578,-3.11633375100041,0.00183114898004942,0.00883229408325833
"g1720",431.704622857081,-1.34003484394652,0.430437431764018,-3.11319310324567,0.00185074881154672,0.00890147084644487
"g1993",752.693112739675,-0.970862689857109,0.312111479200264,-3.11062794724753,0.00186689997428728,0.00895371574070359
"g1064",806.088420756805,-1.54830569016227,0.498097183493636,-3.10844096588241,0.00188077215721276,0.00899476627729155
"g1678",85.1509604027791,1.275784029552,0.410969580947504,3.10432715387507,0.00190712323445395,0.0090950975660015
"g1786",7.00269338985802,4.44164783007739,1.43211891889597,3.10145182182321,0.00192574206522198,0.00914409212194006
"g808",1444.63390541881,1.86596011518681,0.601714093953639,3.10107430412056,0.00192819898850124,0.00914409212194006
"g1248",400.00906439578,1.79008955210975,0.577689378585025,3.09870601480392,0.00194367783461859,0.00919175020672982
"g384",99.8169537777153,1.38259824600079,0.446681411029362,3.09526703342016,0.0019663577718848,0.00927310225014197
"g974",480.506197912884,-1.00370976233319,0.325008384425171,-3.08825805866027,0.00201333556774377,0.009468269767195
"g962",1014.70865452287,1.18891285079849,0.385532179042953,3.08382261047535,0.00204359406684418,0.00958394669021383
"g1081",54.126133323494,-2.20632530110076,0.716578816189053,-3.07897086999384,0.00207716990902481,0.00971449904966576
"g758",33.2391174366083,3.3462264872936,1.08794708239164,3.07572541114552,0.00209991134414556,0.00979380139294336
"g417",949.121085598315,0.933188805260467,0.303493035186983,3.07482774583452,0.00210624161616403,0.0097963380663893
"g585",1801.9449034113,0.90433690395418,0.29491697924475,3.06641179585553,0.00216644717121043,0.0100487535913952
"g1223",2527.80131231358,1.34725706332926,0.439565531065366,3.06497431694414,0.00217688689906595,0.0100695888527832
"g975",226.20580172038,-2.54042777791615,0.82936534166521,-3.06309855294345,0.0021905790338173,0.010105314180525
"g1288",592.220332264686,0.932279392334837,0.304542227407495,3.06124835386914,0.00220416184667199,0.0101403424087382
"g1243",4600.82609867545,-1.96640472402947,0.644156493887221,-3.05268167392527,0.00226806394182485,0.0104060494675053
"g1686",874.71551093698,0.986706888897456,0.32376363982967,3.04761488787486,0.00230665332695577,0.0105290077058617
"g881",477.584828424778,1.09058888340804,0.357859884806019,3.04753041542838,0.00230730174771099,0.0105290077058617
"g1961",1401.92228212624,-2.54718585642472,0.836732123654496,-3.04420708183125,0.00233294493396502,0.0106174079924806
"g290",525.685521463015,-1.25441464299306,0.412676173526575,-3.03970697477711,0.00236808425622862,0.0107301783187573
"g1657",6.52636667668833,4.35928947969117,1.43425393444304,3.03941259982251,0.00237039969947739,0.0107301783187573
"g1687",1039.63519252563,0.877510493380272,0.289539445264328,3.03071138572905,0.00243978338407119,0.0110148087179534
"g238",347.5642793546,-0.846914321632841,0.280371525560925,-3.02068592714065,0.002522028138737,0.0113558341459621
"g192",416.314044841941,1.04365196288574,0.34672050633743,3.01006702461969,0.0026119004564972,0.0117293036415113
"g1970",85.367869675584,1.07776578954495,0.35946437825225,2.99825477780344,0.00271530574216222,0.0121287240693345
"g1025",32.2039368281144,1.7337693340263,0.578387378112622,2.99759192478212,0.00272121777573145,0.0121287240693345
"g1850",228.49636470659,1.20747740886843,0.402832637813229,2.99746667852736,0.00272233617622392,0.0121287240693345
"g1018",441.5075357424,0.983485925859286,0.328356000685976,2.99518182644649,0.00274281287175441,0.0121878797687145
"g165",189.150129894424,-1.49479418379761,0.499530356798153,-2.9923990873724,0.00276794159556292,0.0122673432494451
"g133",3199.28830783091,-1.71484921057541,0.574494365981122,-2.98497132804216,0.00283604905667159,0.0125363735063838
"g1578",1002.62918874212,1.06508277772317,0.357983242214392,2.97523082682543,0.00292768159600004,0.0129077212031981
"g1612",65.0032112196489,-1.66610577524456,0.560704348916948,-2.971451493934,0.00296395690347587,0.0130337117859341
"g94",746.318395973565,-1.04188691180735,0.350833148916379,-2.96975047832689,0.00298041726648279,0.0130721410159466
"g159",1473.51643380864,-0.927510751515659,0.31263201225052,-2.96678112020218,0.00300935110167127,0.0131649390571821
"g1948",661.1747466337,0.850432778096983,0.287215658820194,2.96095547711547,0.00306686270260923,0.0133662564260358
"g1211",519.845038066545,-1.34082666687169,0.452901775532307,-2.9605242004092,0.00307115992305253,0.0133662564260358
"g1825",194.02450150917,-1.29466859262248,0.438183213657899,-2.95462845738599,0.00313045799815844,0.0135575946932049
"g1266",39.2720876385611,-2.07083502044306,0.700894254600876,-2.95456127204566,0.00313113970764508,0.0135575946932049
"g1834",225.508633257348,-1.74548909354839,0.590952993887546,-2.9536851688758,0.00314004166118441,0.0135614554397582
"g1254",56.1387234886711,1.4146518133179,0.479796696518827,2.94844008635725,0.00319382041191109,0.0137586207566551
"g626",45.7125928049967,1.57045108383222,0.533108958695053,2.94583510222071,0.00322084055653941,0.0138137250007325
"g1560",109.673379308249,1.04744546238094,0.355695987828433,2.94477727672927,0.00323187217314782,0.0138137250007325
"g1711",252.400263219544,-1.38155390502884,0.469197503237048,-2.9445039572831,0.00323472809800367,0.0138137250007325
"g973",31.4392277144123,1.64371330083809,0.558312925773289,2.94407172923942,0.00323924915847065,0.0138137250007325
"g85",3535.0738241263,2.51268811644921,0.854515137035685,2.9404840330456,0.0032769989040378,0.013919990904847
"g168",223.707260221571,0.978757250666365,0.332894481712495,2.94014261105016,0.00328061215064027,0.013919990904847
"g135",8479.72424266798,-0.851071845395951,0.289588844474523,-2.93889720420783,0.00329382299499038,0.0139382902493099
"g1642",434.796673922238,-1.29054226848254,0.439230988160973,-2.93818583676425,0.00330139066153176,0.0139382902493099
"g217",213.121156057869,1.38698026556743,0.472733731049755,2.93395663238901,0.00334670966026815,0.0140944762558059
"g583",489.961630309771,1.37583346986106,0.469284628051636,2.93176760460535,0.00337038852464697,0.0141589771023011
"g1196",2048.02624789375,1.16185110668098,0.39710968053729,2.92576878284355,0.00343606211024631,0.014399141466948
"g281",14.4893887522084,3.62847537235153,1.24351057050702,2.91792885272545,0.00352364738548659,0.0147297161077254
"g1454",743.575570227045,-1.49202402281234,0.51224292583838,-2.91272743370808,0.00358287185334687,0.0149403991323061
"g372",194.656690777765,1.13436878161164,0.390392764055685,2.90571159625754,0.00366419008366775,0.0152419503971732
"g518",5534.40175702049,1.15690814629912,0.398392649143098,2.90393948981617,0.00368499372635817,0.0152909175949127
"g1562",7210.71889709212,1.65600061132645,0.571125438330438,2.8995392258615,0.00373711581321867,0.0154692837940812
"g686",247.491888403658,-1.40657594139411,0.485243705207334,-2.89870002701656,0.00374713206789661,0.0154729136364609
"g250",634.81037329034,1.34188688353645,0.463750952485408,2.89355067918415,0.00380912814620701,0.0156906422178308
"g885",11.850697834525,2.59808093307322,0.898237617635805,2.89242053779874,0.00382285870884637,0.015708980082711
"g162",648.810784660496,-1.28827704886951,0.445657105249934,-2.89073602483464,0.00384340804832223,0.0157551811762943
"g1147",165.475242528966,-1.76279884498327,0.610010240610319,-2.88978565871219,0.00385504577778287,0.0157647161878899
"g456",6.14530641215904,4.19965092421172,1.45569958559909,2.88497088668426,0.00391449859834542,0.0159272197382806
"g1344",51.5429736611976,-1.91551142515066,0.664079108781555,-2.88446270906673,0.0039208219174902,0.0159272197382806
"g1445",4187.45498615332,1.03748689810236,0.35975670595269,2.88385700929448,0.00392837083480189,0.0159272197382806
"g166",226.357940552239,-1.38966997904535,0.481933095389943,-2.88353298899495,0.00393241456030791,0.0159272197382806
"g783",207.44220405692,-1.39390164389592,0.486503167524831,-2.86514402565483,0.00416819616635518,0.0168419000230055
"g1481",208.704469216046,1.52345432349984,0.531939170048707,2.86396341777265,0.00418376326759854,0.0168645505048674
"g412",792.2962508241,-1.26213806380414,0.441013940583187,-2.86190060598791,0.00421108945112531,0.0169343810944303
"g364",11.036597929263,2.58148051893985,0.902482697616699,2.86042106486594,0.00423078860936099,0.0169732822645691
"g879",133.278029829156,1.03581259041809,0.362490918207436,2.85748563175133,0.0042701196635293,0.0170905734996575
"g177",106.995127447796,-2.60156859662527,0.912196644953234,-2.85198220254214,0.00434475331298331,0.0173236990282226
"g710",288.023602504526,1.55685718989431,0.545943106682433,2.85168394075888,0.00434883171116042,0.0173236990282226
"g59",1134.57099656901,-0.903153968190245,0.317036592106164,-2.84873730880823,0.00438931053653652,0.0174165722206676
"g427",54.9017362395679,1.4670424231681,0.51502456646871,2.84849018606423,0.00439272081407268,0.0174165722206676
"g798",2166.59617991427,0.906844274903279,0.318688249374556,2.84555290847093,0.00443343936555745,0.0174915437675723
"g944",3120.20384989552,1.19733862561542,0.420856675527539,2.84500328791166,0.00444109646429067,0.0174915437675723
"g1102",57.1372276909734,1.4313394014651,0.503125796308441,2.84489368656346,0.00444262481987955,0.0174915437675723
"g126",764.612702615778,0.92750201705014,0.326635552336049,2.83956235142434,0.004517546548864,0.0177263327673464
"g1877",365.355158286124,1.15538526196113,0.406945674396295,2.83916339367691,0.00452319891051012,0.0177263327673464
"g823",609.603284401446,-1.87426613979043,0.660703131921543,-2.83677501927295,0.0045571711587582,0.0178182234914033
"g1571",8.9634831513952,3.05731454613617,1.0792863322714,2.83271867225626,0.00461539859921639,0.0180043083605377
"g866",12.8374004024866,3.72737605115859,1.31726659320906,2.8296292264409,0.00466019758398243,0.0181372747349017
"g1907",608.999291936227,-1.30392306338302,0.461356070198288,-2.82628353155212,0.00470915608203535,0.0182857826763437
"g453",57.9322040196769,-2.20754763312062,0.783134315591807,-2.81886208938808,0.00481942197739127,0.0186711245027996
"g1789",71.7959163428353,-1.96930558697296,0.700190334512645,-2.81252895092255,0.00491535984743076,0.0189993247070783
"g755",1107.49630688938,0.912998584472854,0.325064943345623,2.80866517033833,0.00497473562923657,0.0191850282922495
"g188",222.34771138906,-1.70184084726507,0.606798810791861,-2.80462126325561,0.00503757343302308,0.0193832086866093
"g143",414.538859594911,-1.12353565606535,0.401004037447589,-2.80180634393786,0.00508173681465541,0.0195087991546748
"g266",150.715460492228,-1.15529649129132,0.413008455835468,-2.79727079426083,0.00515363190449785,0.0197400425663232
"g1951",33.0836062430281,1.57480710115877,0.563281308584958,2.79577375843503,0.00517756310766009,0.0197654473605074
"g1645",170.575392108452,-1.2306860015719,0.440254583671179,-2.79539622576897,0.00518361407446267,0.0197654473605074
"g848",186.506163994314,1.19369794998254,0.428030696020758,2.78881388900353,0.00529014557092887,0.0200993183960263
"g1874",3660.41962374448,-1.66340298345632,0.596647732346351,-2.78791469954121,0.00530485097304167,0.0200993183960263
"g753",246.683814831027,0.794520110144974,0.28501310716999,2.78766165540274,0.00530899592475038,0.0200993183960263
"g1685",236.534094898902,1.07259861343623,0.384847796183227,2.78707225057245,0.00531866192641452,0.0200993183960263
"g1232",232.505799004644,-0.873806106349,0.314324196178646,-2.77995177263533,0.00543669719562471,0.0204996177108967
"g660",3225.26779271686,0.881157816697286,0.317506305056074,2.77524509801992,0.00551601203357879,0.0207524630507753
"g1235",1759.85911016666,0.766125208514033,0.276563248344086,2.77016274975501,0.00560282890822274,0.0210323488727741
"g1807",317.288047198527,-1.16861623653944,0.422979646559801,-2.76281907662481,0.00573045209060982,0.021463839357085
"g1838",1442.90886931171,1.58289776796374,0.574721380460659,2.7542002469005,0.00588357576419372,0.0219887279664017
"g256",57.4364248800688,3.05727700085703,1.11040170380639,2.75330719538422,0.00589965089417436,0.0220002400084519
"g987",2013.24158171048,0.898790051666792,0.327246834163911,2.74652023437638,0.00602311704962904,0.0223803792242602
"g1161",22.583913792398,1.56233505499111,0.568897021361375,2.74625283017378,0.006028028899151,0.0223803792242602
"g625",976.501606400667,0.78649943336908,0.286505546919779,2.74514557161191,0.0060484061557398,0.0224068963275
"g22",9.25493504541357,2.46804190121493,0.900239997800827,2.74153770910429,0.0061152340974199,0.0226050028972312
"g1406",34.6059235179609,-1.45228144879107,0.530450880583779,-2.73782456010401,0.00618470594556776,0.0228119981826715
"g1756",409.457246557821,-1.38329259926646,0.505494164334231,-2.73651546717328,0.00620936758621461,0.0228430293361871
"g124",67.5776277524699,1.28441199102951,0.469457920612838,2.73594700320066,0.00622010426697121,0.0228430293361871
"g470",178.683001592857,1.01462974488471,0.37275393635222,2.72198264306448,0.00648915506077623,0.0237795227660047
"g1082",368.903141349273,-1.77934275713617,0.655357138687165,-2.71507343415929,0.00662610759967952,0.0242289420437525
"g1799",70.4748515045675,-1.41665643859249,0.523273909616911,-2.70729423454272,0.00678341069742092,0.0247506773938225
"g336",609.882515347975,1.09677476549052,0.405742064694135,2.70313300228635,0.00686892548970197,0.0250087975356246
"g771",1413.26080572386,-1.74403495870501,0.649796010155633,-2.68397301837432,0.00727529774560534,0.0264231227108278
"g1955",12.0789287972024,-2.42019220867925,0.901925260301783,-2.68336226426285,0.00728859911751719,0.0264231227108278
"g1352",1031.22865082744,0.914768660199715,0.341078321736322,2.68199003543502,0.00731856396816193,0.0264750615343977
"g1369",4.70213851645185,-4.56728487910698,1.70409435072569,-2.68018309969867,0.00735818993470111,0.0265212395774288
"g1956",10.4604881369513,2.07186716418579,0.773090579729021,2.67997983484938,0.00736265954010133,0.0265212395774288
"g445",317.485778043258,-0.72710461096148,0.271691910139333,-2.67621001519183,0.00744599703207168,0.0267392989161878
"g1215",377.088093467516,-1.35212523799793,0.505313471359435,-2.67581474596419,0.00745478386795076,0.0267392989161878
"g1295",1928.91838826739,-1.02051100833055,0.381998653966791,-2.67150419964377,0.00755121275845709,0.0270279137422153
"g910",1819.70585357471,1.49699474416489,0.561521208457355,2.66596296207141,0.00767681500752067,0.0274195101428956
"g247",464.141851149879,-0.972579478107337,0.365054930688614,-2.66420036095042,0.00771715830263443,0.0275055768554949
"g641",344.384506978599,-0.999573164159385,0.375660724069173,-2.66084022128256,0.00779459355868916,0.0277232077623125
"g405",943.209190874864,-0.672004163313304,0.253081838409553,-2.65528402802979,0.00792416570052708,0.0281249738595228
"g1859",223.977015565753,-1.36572036278558,0.514480473823193,-2.65456209180627,0.00794114232477509,0.0281262635059503
"g1117",1486.65028470967,-0.98591167050062,0.372037106927171,-2.65003584896068,0.00804832304297905,0.0284463693356232
"g1397",513.252505996093,-1.40825178686957,0.532209915586428,-2.64604575305189,0.00814388006328645,0.0286766547345936
"g1219",1330.61471543457,0.673389766009364,0.254508109602047,2.64584797341935,0.008148642906004,0.0286766547345936
"g1526",312.118647579889,-1.01358203299847,0.383178012929795,-2.64519883395339,0.00816429272420207,0.0286766547345936
"g981",60.9825338136578,-1.62646237932864,0.615300070809088,-2.64336452487309,0.00820866078476958,0.0287426449137332
"g1858",804.572391741168,0.944622656660095,0.357402858815156,2.64301930821612,0.00821703493103771,0.0287426449137332
"g1801",1499.8268992007,0.991419653153939,0.375961647026911,2.63702337989538,0.00836370668824064,0.0291953720065802
"g18",364.980184445771,1.73502190568124,0.658267109042238,2.63574145183352,0.00839536730247982,0.0292455902121365
"g620",1114.60799071237,-1.09677773100557,0.416328127397092,-2.63440699494097,0.00842843909313616,0.0292556141335936
"g831",16.6483895261649,1.78964795719243,0.679381515442634,2.63423115953696,0.00843280549154973,0.0292556141335936
"g362",84.3653118023651,1.15200815753019,0.437551025182886,2.63285443577392,0.00846706270497039,0.0293143909192533
"g1370",109.188764551823,-1.25263989491373,0.476497657699055,-2.6288479590069,0.00856746560772155,0.0296014679058624
"g1429",742.627823751801,0.872328002107335,0.331919017977055,2.62813504156498,0.00858544256187779,0.0296031654933994
"g544",501.194674284504,0.765632169019139,0.291768811249186,2.62410559148232,0.0086876846963755,0.0298948174613084
"g1888",259.999678961157,0.93125569229963,0.355712595884217,2.61800032687836,0.00884467203936838,0.030373285522618
"g614",327.65644258775,-1.01849132755444,0.389379513857741,-2.6156777419126,0.00890505595364555,0.0305187443917448
"g1222",809.678888090276,0.686040607644694,0.262821136004429,2.61029465922837,0.00904642639943107,0.0308814586413586
"g1778",1162.76611710468,0.92251853415348,0.353420326663997,2.61025884634681,0.0090473735889627,0.0308814586413586
"g1670",378.885178120617,1.1262305793922,0.432706199406629,2.60276044331374,0.0092476545737621,0.0315015677935196
"g1109",808.514303626018,0.960196323761938,0.369436365407037,2.5990844802298,0.00934727662200528,0.0317769865884637
"g820",280.499245994751,-1.1268057795073,0.433824741291,-2.59737555805161,0.00939391519178991,0.0318715399192391
"g1528",549.523478020227,0.857280863186207,0.330954613752853,2.59032757835006,0.00958846414359354,0.0324665395902077
"g1250",37.5672071165694,-1.78875396121369,0.691208093870346,-2.58786605231683,0.00965725258327809,0.0326232999696684
"g325",2436.47194105504,-1.47953058757921,0.571844772611142,-2.58729406727531,0.00967329981380598,0.0326232999696684
"g1278",1196.54614140259,-1.06173752593943,0.410530763421614,-2.5862556976005,0.00970249237428212,0.0326566989854068
"g332",1522.44782319171,-0.99447351595497,0.384653842202334,-2.58537263078179,0.00972738053597452,0.0326755064432636
"g176",2358.19660973853,-1.05755982763011,0.409671914177635,-2.58147993804514,0.00983777091281015,0.032980883476015
"g331",575.762806385629,-0.83598720435733,0.324984415776186,-2.57239167103036,0.0100998558163701,0.0337926005871829
"g1251",3576.19813077629,-1.02456589565384,0.399538654905032,-2.5643723906949,0.0103362579895701,0.0345153545884461
"g856",1237.27209409797,-1.4924299497984,0.583002274780399,-2.55990416222743,0.0104701032414065,0.0348934739915379
"g1890",46.879847947969,-1.69809407663366,0.66419076204035,-2.55663609565606,0.0105689718630739,0.0351336791307135
"g943",20.947592548124,2.75755457585846,1.07879125937457,2.55615213035481,0.0105836836129143,0.0351336791307135
"g1639",396.878521980895,1.42936882905331,0.565097498360218,2.52941984914286,0.0114251265795809,0.0378527187851867
"g1113",8.87087963425484,3.14075213268333,1.24349337739162,2.52574898249272,0.0115451939782887,0.0381042661492029
"g1017",33.9070006643742,-1.30253780758769,0.515708999813061,-2.52572246763164,0.011546065289156,0.0381042661492029
"g945",103.090122937452,1.28665071123008,0.510350701663512,2.52111088911248,0.0116984979646903,0.0385322121677444
"g1452",182.476261583801,-1.05833704998326,0.420918111725891,-2.51435379115373,0.0119250737579199,0.0391938475968989
"g1405",9.31097048472308,-2.35344218689906,0.936277771031839,-2.51361536043455,0.0119500687835242,0.0391938475968989
"g844",35.1135987875899,-1.40448515355997,0.559012913865368,-2.51243776078172,0.0119900252754581,0.0391938475968989
"g87",1055.239072453,0.83573140410495,0.33264524937687,2.51238039824855,0.0119919746339005,0.0391938475968989
"g1350",131.786698514235,-1.63201808259832,0.649831616884713,-2.51144764304051,0.0120237120280522,0.0392218583111608
"g784",50.4846990032698,-1.24057128891719,0.496086686062074,-2.50071474154007,0.0123942966174463,0.0403529695641089
"g827",325.555483332553,0.80836064560075,0.323503623297981,2.49876844456905,0.0124625713204083,0.0404461630713599
"g387",995.784375196084,0.889249967768358,0.355972994022031,2.49808267116276,0.012486706991576,0.0404461630713599
"g635",106.536864901853,-1.36035706680187,0.544609251238101,-2.49785890289097,0.0124945914272423,0.0404461630713599
"g1372",57.1257829440709,-1.27172506460453,0.509532343465261,-2.49586720237561,0.0125649631166973,0.0405963407568102
"g137",4948.95493138179,0.945099188955111,0.379181729692318,2.49247027203025,0.0126857949505332,0.0409086682881003
"g1041",103.745753991853,-1.34605924442537,0.540553209731684,-2.49015123801321,0.0127688747164133,0.0410004070703221
"g685",986.766120973535,0.848453842178685,0.340759133775761,2.48989317697062,0.0127781495022795,0.0410004070703221
"g645",74698.7982064503,1.0089644035654,0.405263557950464,2.48964996672295,0.0127868960030302,0.0410004070703221
"g424",548.81442901159,0.901254613399017,0.362168416295089,2.48849588436969,0.0128284721964201,0.0410559611125505
"g854",16.4379389221322,-2.49834409706938,1.0051905390764,-2.485443306465,0.0129390194986104,0.0413316226625422
"g1056",127.558191696457,1.18506988113749,0.477532476877522,2.48165295245759,0.0130774572511836,0.0416951697292914
"g1024",1841.93992453581,1.15755254622999,0.467142858166677,2.47794122503094,0.013214291107672,0.0420522459497907
"g302",500.19489945204,-0.832063900270883,0.336157930508796,-2.47521722605652,0.0133155159490663,0.042294875237841
"g70",31.5891224082116,-2.0424634163112,0.825847266846377,-2.47317330734853,0.0133919182344761,0.0424578980729739
"g520",7583.85216749588,1.02228419237854,0.413474476184762,2.47242393729216,0.0134200268233218,0.0424674867511848
"g1975",793.841332526831,-1.39118608513045,0.562994945266431,-2.4710454273654,0.0134718704139637,0.0425520086023144
"g1378",11340.3093310625,1.11262196802928,0.45066106907619,2.46886639289709,0.0135541814925387,0.0427322705155828
"g918",3821.77044046128,-1.80151585854573,0.731794980770307,-2.46177673513066,0.01382506975582,0.0434090283441704
"g1952",396.537743719617,-1.24624037200811,0.506308038829962,-2.4614271874649,0.0138385483997296,0.0434090283441704
"g1626",426.580861041242,-1.39699719454372,0.567598877743307,-2.46124023376858,0.0138457621416728,0.0434090283441704
"g1617",9.16578286417015,-2.66822386433496,1.08509268752352,-2.45898243994675,0.0139331432629841,0.0435500653554785
"g751",184.772890911377,-1.39337355706447,0.566700137646441,-2.45874928291227,0.0139421945792495,0.0435500653554785
"g1241",441.192488067723,-0.863495771716416,0.351448869636432,-2.45695987757675,0.0140118334834755,0.0436869872698416
"g1739",61.2920162856614,-2.20961847012402,0.900096215920742,-2.45486919180492,0.0140935861865603,0.0438611055401592
"g1625",267.579395778031,-1.44117070424065,0.587506104814025,-2.4530310279871,0.0141658119062374,0.043999691541452
"g457",5278.66730668435,1.55403559729497,0.633675656076884,2.45241486301695,0.0141900954410117,0.043999691541452
"g106",1737.80250923452,0.89014386190961,0.363160361885031,2.45110412735906,0.0142418747445808,0.0440795136061707
"g899",9.20469030801294,-3.16181990529625,1.29043791468856,-2.45019141897991,0.0142780287588466,0.0441107713297945
"g1325",402.535892523406,0.84858161529169,0.346845522018225,2.44656932675378,0.0144223057863268,0.0444753437090187
"g175",615.244643917408,-0.760710368942393,0.311543448447157,-2.44174728351388,0.0146163743624727,0.0449918578103024
"g489",961.566335532179,1.02823393836912,0.421812301128635,2.4376575448793,0.0147827710309683,0.0454214725143909
"g421",784.796636701062,0.773647851792859,0.318358028100607,2.43011887090962,0.015093871521908,0.0462351469715028
"g922",7.71065019162168,3.20942585595903,1.32079552972574,2.42991877525923,0.0151022068961849,0.0462351469715028
"g1817",844.123900648459,0.934481188861742,0.385681514631132,2.42293486571553,0.0153956868005971,0.0469687370966275
"g1314",535.434392882953,1.03133332405587,0.425661317117109,2.4228965202683,0.0153973119247657,0.0469687370966275
"g789",8450.02168588628,0.97105624475517,0.401225473811703,2.42022580353632,0.0155108721161375,0.0472300476485987
"g1992",17.6635810749485,1.8910675130984,0.782575933940409,2.41646520303345,0.0156720241049411,0.0476350750622355
"g208",601.302685334773,-1.03544714959946,0.428983859006593,-2.41372053484079,0.015790568656341,0.0478368068879672
"g1216",643.749040632391,-0.700234642714954,0.290117958570233,-2.41362046722605,0.0157949055229614,0.0478368068879672
"g1002",47.9840994598794,-1.45506572818199,0.604773570569809,-2.40596778528376,0.0161296869820278,0.0487635001081663
"g1776",765.666630470868,-1.24671787785526,0.518973693184145,-2.40227567259925,0.0162934245310071,0.0491707089679057
"g459",741.685756709247,0.889157226058313,0.370882335478701,2.3974105558591,0.016511411621872,0.0497398930174898
"g1020",123.075544765393,-1.48221105893974,0.619286634315448,-2.39341683932539,0.0166922648744573,0.0501953897556949
"g1796",766.942192854568,0.732955879187752,0.30654273510406,2.39103979723721,0.0168007316347691,0.0504319834355745
"g1824",22.7623055561385,-1.95044321766997,0.816093913564004,-2.3899739787938,0.0168495665510295,0.0504890551697221
"g1811",29.9145746691251,-1.5009467573078,0.629311554630523,-2.38506149499993,0.0170762666193197,0.0510779494461278
"g237",241.145354236278,-1.23925906884865,0.520066947579175,-2.38288373182952,0.0171776187020402,0.0512904911156155
"g1103",2045.48379651146,0.860945032528718,0.361903948152253,2.37893241265917,0.0173628591740324,0.0517523249676704
"g498",1110.26010131117,0.862553269975103,0.363693734292705,2.37164731928241,0.0177089853832119,0.0526337621870887
"g1681",1614.9104382091,-1.89226441212182,0.797951858552199,-2.37140172284972,0.0177207586808273,0.0526337621870887
"g458",6.55901524437168,-2.65431014938175,1.11990554023683,-2.37011966993255,0.0177823286191811,0.0527241372193934
"g666",59.7987829404197,1.10726262478934,0.46735806677048,2.36919549167239,0.0178268279994158,0.052763670984285
"g576",3153.35004194334,-1.77200444095303,0.748684421092233,-2.36682424668047,0.0179414505734286,0.0530102544865876
"g665",81.3905573484876,1.04804715769419,0.443126832572231,2.36511779620873,0.0180243369334009,0.0531623735683758
"g998",898.738334168651,0.735955617996749,0.312161112001351,2.35761467300759,0.0183927735798458,0.0541547229055286
"g102",65.4793211066498,-1.55490620373894,0.66029982647599,-2.35484872385542,0.0185302476500355,0.0544647730408162
"g1299",3238.296940392,1.06249436789169,0.452258687663054,2.34930670626117,0.0188084068353328,0.0551865386000321
"g109",585.377586923838,0.762025066342237,0.324817451534631,2.34601023664823,0.0189755863045426,0.0555807398159008
"g1238",1962.75490600379,-0.618328468932211,0.263961465023701,-2.34249521564328,0.0191552795705729,0.0560101697978929
"g1759",301.228436001312,-0.703133694057715,0.300447260041402,-2.34028991963788,0.0192687755030859,0.0562448912529731
"g50",331.127482682336,0.754384134334966,0.323721010307215,2.33035271210555,0.0197875168940614,0.0576596662678932
"g1496",525.688031394809,0.954070474663815,0.409751395774885,2.32841299505414,0.0198901842793228,0.0578592473967241
"g1771",121.826564272958,-0.980785011892977,0.422516269499883,-2.32129525581085,0.0202709141129597,0.0588656219438091
"g1096",324.165049884645,-0.76139539694755,0.329066644918018,-2.31380302047094,0.0206785296186626,0.0599464908294448
"g604",1225.71041842295,-0.981384557002582,0.424415725241131,-2.3123190273994,0.0207601088858625,0.0599947041181754
"g169",445.099510209183,-1.03554410177165,0.447858741465581,-2.3122114316289,0.0207660346209396,0.0599947041181754
"g1714",90.9465068045399,1.07705330713838,0.46709858403256,2.30583723427281,0.0211197288402226,0.0608765864985816
"g408",295.937538732027,-0.74791966439968,0.324477866482034,-2.30499439764127,0.0211668871803263,0.0608765864985816
"g1637",333.694472029676,1.25655668813182,0.545197021454866,2.30477540904146,0.0211791550192939,0.0608765864985816
"g621",1051.13519397441,-0.589190724932721,0.256439376920823,-2.29758289076891,0.021585540350891,0.0618513684785219
"g63",538.413593832569,0.755112193804875,0.328753257658239,2.29689646023178,0.0216246769748993,0.0618513684785219
"g903",5404.70018645695,0.911937409287887,0.397039983981583,2.29684023292271,0.021627885492785,0.0618513684785219
"g851",305.543845703504,-0.740509266670133,0.322667553015172,-2.29496043141132,0.0217353920216981,0.0620539944228246
"g1805",1779.23642626319,-0.847952018687543,0.369930280623638,-2.29219413252152,0.0218944433860868,0.0624028495835774
"g1922",6.15658340044172,3.19652165810274,1.39683235274182,2.28840751850309,0.0221138002124512,0.0628498336554544
"g1168",1091.64606249432,-1.10967347452866,0.484953448304409,-2.28820617403283,0.0221255173411995,0.0628498336554544
"g816",476.241492541717,0.805477149793587,0.352326621735006,2.28616601784752,0.0222445479774863,0.0630821100936085
"g1611",31.6774149357134,1.93860297501797,0.848527496340486,2.28466724222697,0.022332346814703,0.0631324504963934
"g1978",2.32337994659695,-4.56801841344611,1.99963880460568,-2.2844217680337,0.0223467554641544,0.0631324504963934
"g539",602.053800146143,-1.47551260348676,0.646033982078546,-2.28395509279474,0.0223741702881489,0.0631324504963934
"g655",1880.06892669147,0.819310392074789,0.359073609148617,2.28173380387776,0.0225050610406812,0.0633961203691736
"g1195",1677.95876609849,-0.601307529179674,0.263776478776012,-2.27961011523806,0.0226308224988502,0.0636444891869658
"g1116",368.759530408469,-0.759329819969938,0.333920371611064,-2.27398471170358,0.0229669057487592,0.0644825396893023
"g1565",806.094162283495,0.789267089840217,0.347348864987102,2.27226045454193,0.0230707838003635,0.0645679617171687
"g1110",250.027307475375,-0.900561737365578,0.396336728059779,-2.27221368500006,0.0230736071109788,0.0645679617171687
"g1057",498.987161283905,1.44338244444568,0.63568857842518,2.27058105719224,0.0231723512695472,0.0647372783817547
"g1001",240.892777733304,-0.75029170348141,0.331551938970525,-2.2629688301962,0.023637610793029,0.0657933071387041
"g1229",3688.75056769782,-1.2417342292252,0.548936609573411,-2.2620721729421,0.0236929445392735,0.0657933071387041
"g1085",4446.61610391621,-1.47701459354849,0.652986925396386,-2.26193593792386,0.02370136158537,0.0657933071387041
"g1301",8.96965128148394,-2.88158928144116,1.2739886696407,-2.26186413592976,0.0237057987918544,0.0657933071387041
"g270",7.24368975816589,-3.03286821347505,1.34250233859284,-2.25911577677696,0.0238761840096005,0.0661577406354396
"g821",1136.68029060321,-0.772135020429397,0.342101019482926,-2.25703805734474,0.0240056968263544,0.0664079162206177
"g1737",317.57754340892,-0.902349107204257,0.400347551802099,-2.25391438799233,0.0242015543505951,0.0668405081819861
"g1697",3091.62863216076,0.813079589019905,0.360843657709508,2.2532738809406,0.0242418855596157,0.0668428538313182
"g810",88.1207184343823,1.0949411431567,0.486983723520134,2.24841424933462,0.024549787408148,0.067581772491048
"g738",3998.51535603825,1.24519364054347,0.557197207225209,2.23474494200074,0.0254340983072963,0.069902481224436
"g277",1551.92594961504,-0.97134913057485,0.436023955614792,-2.22774257713719,0.0258976860291677,0.0710612357331945
"g916",238.590885746896,-0.859398568671591,0.386466212848646,-2.22373532303628,0.02616625718165,0.0716819958066885
"g954",45.8330035387284,-0.935296992187423,0.42137794661659,-2.21961543003684,0.0264448839567284,0.0722893142917452
"g494",135.158252900259,-1.1108057626848,0.500544078316101,-2.21919669177129,0.0264733460489557,0.0722893142917452
"g1282",17.3590488482585,-1.36835676809836,0.617175424780229,-2.21712776166617,0.0266143621971096,0.0724720415283825
"g57",51.1657243109085,-0.993477646155282,0.448126257174391,-2.21695923916519,0.0266258770411423,0.0724720415283825
"g397",11.0263789772878,-2.29905692899012,1.03805895843669,-2.21476526964566,0.0267761802151582,0.0727641622861362
"g708",1309.80962726392,1.06749030563295,0.482275442715958,2.21344528682888,0.026866961380778,0.0728938551565019
"g949",181.932348203414,0.972549920619118,0.439592259345062,2.21239091440804,0.0269396661202784,0.0729741675866101
"g1374",596.85212132114,-0.913619195677158,0.413158508907034,-2.21130432020882,0.0270147703886787,0.0730607128882317
"g1777",22.0857876672437,1.7739367295078,0.803858358867341,2.20677773632574,0.0273295912087424,0.0737942550500811
"g103",70.7031263168716,-1.11577137279499,0.50693839096571,-2.200999949263,0.0277360274318501,0.0747724433791755
"g2009",1100.17114847952,0.735983291198958,0.335768433331431,2.19193711540025,0.0283840476310487,0.0763977625427113
"g1501",566.651708095975,0.874035718506769,0.399288632242371,2.18898222470862,0.0285981319998871,0.0768518055171569
"g519",2.96811855031956,5.12750971656987,2.3465442892726,2.18513229859358,0.0288791476851241,0.0774839889554914
"g2012",490.520477988042,-1.05313552608664,0.483360373137543,-2.17877919791113,0.0293480750095004,0.0786175490365256
"g889",156.300474143726,1.05275972504275,0.48415896078979,2.17440925460809,0.0296744136844267,0.0793661648779375
"g1230",923.852396253162,0.616681021018104,0.283926045352492,2.17197763682616,0.0298573497561489,0.0797294844434702
"g1954",15.7361879036242,-1.85261313624771,0.854857707546473,-2.16715965697367,0.0302226823583089,0.0805779546970346
"g1740",294.474790668201,-1.0516874607875,0.485729416412892,-2.16517144165204,0.0303745585034394,0.0807456517731337
"g1882",7.45578279085161,2.30199791977091,1.06323540923149,2.16508771226384,0.0303809688006416,0.0807456517731337
"g837",18.3360405915633,-1.84332960219399,0.851895655268376,-2.16379739794926,0.0304799019376479,0.0808816206589936
"g1797",1329.99790665353,0.652200477992837,0.301804776347203,2.16100118058612,0.0306952482188867,0.0813255950462836
"g750",194.2912259243,-1.06268498444341,0.493546162070333,-2.15316228979605,0.0313059262196331,0.0828139579528731
"g502",85.8031752778622,1.23090681830251,0.572600998969291,2.14967633748142,0.0315808254237368,0.0834108228430365
"g953",259.508803358315,-0.906420311557793,0.422192321972738,-2.14693698673261,0.0317982985398499,0.0838543916323455
"g615",111.307045045361,-1.39993137660187,0.652942011463681,-2.14403630341335,0.0320299780637011,0.0843339857882519
"g564",7.56103083675187,-2.75000165417193,1.28408152855973,-2.14160985343074,0.0322248901683216,0.08460114950073
"g868",2653.82849475206,1.57545012340096,0.735665965737046,2.14152916782354,0.0322313889119733,0.08460114950073
"g1074",75.026527288421,0.811757486189589,0.37916996615649,2.14088023484055,0.0322836974376779,0.0846072751733572
"g222",138.016732646093,-0.848906267105941,0.396639684236953,-2.14024541880888,0.0323349384043646,0.0846105884367687
"g105",637.320810794462,0.703837837607147,0.328967561931024,2.13953568393082,0.0323923091448478,0.0846299064540545
"g418",1558.3240271073,0.834340536310935,0.390794076556711,2.134987673463,0.032762017008922,0.085358823210249
"g1188",338.449030665619,-0.642749641971664,0.301072910333088,-2.13486374865333,0.0327721412207099,0.085358823210249
"g908",3364.78811683336,0.932047495286665,0.4374933735938,2.13042654253329,0.0331364144094895,0.0861750377807462
"g861",109.193621793683,2.27149078659087,1.06705310279445,2.12875140013386,0.033274833770142,0.0864022907559055
"g322",77.243674503506,-2.48506598109556,1.16888399909771,-2.12601591177041,0.0335019346665791,0.08671344816564
"g1987",670.959122739561,0.642447299729424,0.302205469455536,2.12586258245716,0.0335147032507473,0.08671344816564
"g1100",1192.17268434926,2.03777607417794,0.958746303027948,2.12545912066848,0.0335483216470728,0.08671344816564
"g473",952.174836324563,1.06682741119679,0.505117944972377,2.11203625176122,0.0346833400315808,0.089510510172967
"g752",58.7674594147002,-0.879180851094888,0.417252696426004,-2.10707050817298,0.0351114682780811,0.0904745152804856
"g1306",472.188156205107,-1.2721361369047,0.604084553185902,-2.10589085616498,0.0352138341300349,0.0904745152804856
"g1221",4.04473846950224,-3.52939473270188,1.67599355276685,-2.10585221337832,0.0352171917128411,0.0904745152804856
"g451",2.99621078527196,5.10826748542165,2.42859177539317,2.103386636313,0.0354319856672327,0.0908884117191286
"g565",4.1317749898328,3.01869431002963,1.43801662489445,2.09920682262711,0.035798672846777,0.091453618914644
"g746",386.766099947661,-0.755675496075416,0.360030527795957,-2.09892061293115,0.0358238994509337,0.091453618914644
"g980",545.038583826083,-1.05412835495956,0.502277798581898,-2.0986958968438,0.0358437166139367,0.091453618914644
"g543",1051.34762020276,-0.720208374583439,0.343215228847061,-2.09841613672792,0.0358684010391752,0.091453618914644
"g1939",7.27589427447629,-3.40884144035876,1.62582488265658,-2.09668425961641,0.0360215347995278,0.0915836027838815
"g506",216.797646847445,0.765728523802198,0.365221139064217,2.09661610980179,0.0360275720342972,0.0915836027838815
"g1700",17.7076031724236,1.6880579160483,0.80575906844586,2.09499090007663,0.0361718014221182,0.0916811217252089
"g1977",6938.71864853163,0.861045912338452,0.411007603582681,2.09496346255608,0.0361742405862017,0.0916811217252089
"g1447",3.93265398120994,4.49527048148453,2.15159448049736,2.08927403478252,0.0366830623204111,0.0928317257226546
"g1704",45.1588610883503,1.3061960632495,0.625463914397655,2.088363586103,0.0367650496144496,0.0928583373322842
"g318",53.8518678051371,1.10887751807677,0.531086946942334,2.08793969511205,0.0368032748670778,0.0928583373322842
"g1854",165.562482752156,0.766518461878079,0.368182622021208,2.08189744988542,0.0373518377726873,0.0941021746267255
"g178",3983.48427879005,0.797661312677173,0.383655470517405,2.07910840317599,0.0376073879164411,0.0946052120988631
"g991",110.077141270243,-1.20288322370438,0.5788093565255,-2.07820279707484,0.0376906845931922,0.094622534740633
"g1073",678.649913582224,-0.667329699398215,0.321168386259545,-2.07781876407638,0.0377260549024969,0.094622534740633
"g268",33.5859036724886,-1.5074469174093,0.726056238403853,-2.07621233407929,0.0378743170258506,0.0948538738532028
"g1833",820.46258443123,-1.01064991999918,0.487366405612609,-2.07369631628346,0.038107523562492,0.0952797025297734
"g402",1229.26204640499,0.716050692880643,0.345443974988619,2.07284174779495,0.0381870097415209,0.0952797025297734
"g542",240.979483912759,-0.758764283568613,0.366099910536638,-2.07256069103213,0.0382131825267077,0.0952797025297734
"g246",1969.83861765755,-1.30140830181664,0.628931249768962,-2.06923777804763,0.038523779269159,0.0959128798568915
"g1126",63.3211097531713,-0.892836558366298,0.432851660142008,-2.06268484236235,0.0391425809602969,0.0973104105224415
"g1466",95.5930566216049,-0.78285798151073,0.380378702116158,-2.05810151082451,0.0395803900247646,0.0982545459119155
"g873",625.473828791883,-0.858955450464717,0.41750110837045,-2.05737286259505,0.0396503734639651,0.0982841614560657
"g967",1633.90374172452,-0.625857558777946,0.304345423376667,-2.05640535623684,0.0397434604477762,0.0983708750556801
"g100",5.05284156830044,2.49391456616876,1.21372754214211,2.05475650801106,0.0399025289286214,0.0986204109140964
"g144",1945.99246928976,1.39579136357651,0.680187656304933,2.05206805892221,0.0401630486000632,0.0991195937024883
"g180",1409.74621575236,1.75413779442356,0.855660556675074,2.05003933012851,0.0403605929734059,0.0994621308645943
"g825",780.525184754644,0.640804732060103,0.312793999840671,2.04864777580936,0.0404965693301414,0.0996196792230731
"g28",12.6082993313435,-1.47320292760644,0.719273587021978,-2.04818160181019,0.0405422084965726,0.0996196792230731
"g1627",529.405023987422,-0.733865838285589,0.358603716821171,-2.04645351919639,0.0407117711007539,0.0998913456138787
"g413",1347.07728398782,-0.794803103501501,0.389089467952093,-2.04272582263615,0.0410795870978506,0.100300645263184
"g1853",111.750576782184,-1.56788497616141,0.767618993179646,-2.04253020064926,0.0410989668383091,0.100300645263184
"g633",119.334939956443,-1.18310096355544,0.579365835761587,-2.04206201078501,0.0411453805947867,0.100300645263184
"g649",218.905821600161,-0.957477661028532,0.46889766192979,-2.04197576308644,0.0411539355566824,0.100300645263184
"g1079",165.981666738428,-1.12812019036943,0.552521942986081,-2.0417654080353,0.0411748071222168,0.100300645263184
"g890",24.6288951891421,-7.97364774657651,3.90844983012975,-2.04010492474757,0.0413398763272589,0.100558061238577
"g1770",141.004736337651,-1.01160839292405,0.49754623991825,-2.03319472998181,0.0420328532882496,0.102097016667154
"g532",325.264907935335,0.600911444826564,0.295719481365994,2.03203198534916,0.0421504179911363,0.10223589922492
"g1284",697.193822198346,0.624543360987088,0.307809453640695,2.02899343603694,0.042458958886092,0.102836934755585
"g1647",31.7267097760861,-1.39223606283435,0.68690405368161,-2.02682755382264,0.0426800515295199,0.103224753199253
"g285",1537.10716409866,0.50986529803366,0.251658548828239,2.02602017856207,0.0427627168734135,0.103277146457474
"g562",313.043107343431,-0.800351003151065,0.395421143448312,-2.02404706074015,0.0429653098229661,0.103618617564504
"g1193",1681.3683581915,0.653274893862293,0.323094466257579,2.02193154661301,0.0431834241825932,0.103996496644567
"g1592",48.7559209215695,-1.31482395068864,0.651834484611963,-2.01711321160211,0.0436837002192451,0.105050874156728
"g690",109.989610845231,0.701559415897436,0.347905532526189,2.01652273478757,0.0437453433434692,0.105050874156728
"g267",1325.10428014358,-1.20729722909319,0.599063007057891,-2.01530926608613,0.0438722546422687,0.105206412336205
"g423",951.656113077777,0.628575256836399,0.312221528863388,2.01323483080961,0.0440899305930698,0.105482434872477
"g1652",60.6658695117124,-1.0082836480641,0.500879772715831,-2.01302528668121,0.0441119692201497,0.105482434872477
"g1695",2038.90819593677,-0.833626301014487,0.41431072749168,-2.01207993348719,0.0442115115883629,0.10557135277729
"g1615",200.065087066907,1.00828790127296,0.501689641186608,2.00978417431169,0.0444540364715787,0.105873063492968
"g1730",1946.32684934317,0.936193541215476,0.465837425117006,2.00970014588315,0.0444629345206736,0.105873063492968
"g1969",246.949098085456,-1.27934703001459,0.637038727012204,-2.00827198687731,0.0446143969924541,0.106084514196945
"g1006",210.064407683787,0.605097420625301,0.301459761185798,2.00722450732774,0.0447257632517295,0.106200164355088
"g1774",2156.24990005224,0.663257744166958,0.330610050630582,2.00616328179349,0.0448388299935352,0.106319522659741
"g756",3.36717361994128,3.32824236083587,1.66007204194967,2.00487826837143,0.0449760624853548,0.106495767535253
"g1088",7.05607116803654,2.69415978146108,1.34898315064303,1.99717823026688,0.0458058250539976,0.108219716500448
"g1944",57.3557583647995,-2.19623986765039,1.10023754609762,-1.99615062714422,0.0459175297406125,0.108219716500448
"g1808",639.535126386741,1.15113255754851,0.576711120745418,1.99602975586917,0.0459306840150696,0.108219716500448
"g446",6.79053205011094,2.84229137614526,1.42416339659345,1.99576213160928,0.0459598205338582,0.108219716500448
"g167",47.1732036279712,-1.06747520108102,0.53548225858234,-1.9934837876928,0.0462084970752876,0.108654146595086
"g1783",152.75049265921,0.695488585996002,0.349722674373571,1.98868599881827,0.0467358723567338,0.109741791816852
"g1199",64.9676170446483,1.26971654053834,0.639740670056674,1.98473631577285,0.0471738161449202,0.110616718467244
"g925",42.8966710024652,-1.35812447427013,0.684539010996836,-1.98399865084738,0.0472559903339359,0.110656143340738
"g1527",4223.45609554047,-1.95836022917104,0.988158475851244,-1.98182809440967,0.047498483938672,0.111030614116764
"g1910",332.87133034843,-0.920954504181786,0.464801230064725,-1.98139429203649,0.0475470733813669,0.111030614116764
"g1438",1333.09069137447,0.659976894244119,0.333899855154819,1.97657137029337,0.0480901009800888,0.112143995811695
"g1424",312.023848611353,0.610390941180328,0.30967628279333,1.97106131497867,0.0487168629120212,0.11344931074285
"g1717",205.463990918507,-0.824664383644583,0.41950130072845,-1.96582080249234,0.0493193139584467,0.114694503477542
"g533",2237.90181316479,-1.03064812187679,0.524964489545838,-1.96327207344718,0.0496145685977489,0.115222859582975
"g333",10.6429207438442,2.29826172490254,1.17310991885768,1.95911882421085,0.0500988727650667,0.116148409009616
"g1988",2.85462355283334,5.06455468565922,2.58569834595678,1.95867963236261,0.0501503171801708,0.116148409009616
"g1086",499.048322054125,-0.939592410815975,0.480890906592568,-1.9538577210237,0.0507180457816135,0.117278415735756
"g1189",22.9605513464842,-1.73371747424686,0.887555871973306,-1.95336150544786,0.0507767742080975,0.117278415735756
"g1966",516.643119613151,-1.02053497158256,0.52372140005317,-1.94862186551657,0.0513405989397175,0.118419119897741
"g574",42.8219380503598,1.2673243564109,0.65268452309298,1.94171044596741,0.0521721634101365,0.120173432181444
"g1415",100.788009724021,-1.49614376686598,0.77114123682555,-1.94016827971093,0.052359242128765,0.120440484951086
"g1630",1203.23683753712,-0.525532934887807,0.271491904660389,-1.93572230282593,0.052901721379074,0.121523221566855
"g142",698.243152517173,0.792103553199886,0.409775830395503,1.93301677269587,0.0532341316237713,0.122121117668082
"g1900",86.9903913639676,-0.925752304468376,0.479457964464473,-1.93083100726544,0.0535039544624313,0.122574012049927
"g853",18.2489945277946,-7.54115515982206,3.90903872180127,-1.92915847002588,0.0537111921071567,0.12288249761813
"g1937",53677.4055327366,1.5619258073653,0.810017922859946,1.92826079928032,0.0538226951253232,0.122971420846386
"g1279",2350.5714315904,-0.63101898649601,0.327351243102306,-1.92765110807537,0.0538985372761328,0.122978738016837
"g496",282.592987261851,-0.589107974230496,0.305776036626779,-1.92659954890299,0.0540295549231728,0.123111758391563
"g232",1715.49617965259,0.902839812338422,0.468778243570322,1.92594222262149,0.0541115885668598,0.123132956241524
"g261",3868.3397477094,0.792371250218037,0.411679967735366,1.92472627360723,0.0542636117398659,0.123313147215561
"g1066",4583.87744797827,1.3472954558546,0.701069721527122,1.92177099435962,0.0546345795897433,0.123989736253935
"g1873",641.550590960702,-0.845070736313517,0.440009179225828,-1.92057524299919,0.0547852787829513,0.124165009131537
"g1506",526.985838811292,0.582983579850924,0.303638023005347,1.91999530915355,0.0548584919258062,0.124165009131537
"g1911",1405.0096615914,0.993261020847001,0.518086108121022,1.91717362283526,0.0552158778902227,0.124807051092319
"g335",5105.28758862762,1.09546978522568,0.572134834601868,1.91470562352314,0.055530056018215,0.125349846451784
"g591",1098.05222582257,-0.672532149902543,0.351813624673999,-1.91161485154457,0.0559256129908097,0.126074650856779
"g1449",319.457144859915,0.810607237033081,0.424186416968696,1.91096933943762,0.0560085211867223,0.126093652086597
"g920",1480.13407215969,1.17176102419033,0.6146395130909,1.90641994084919,0.0565957435944655,0.127246472649974
"g1994",602.931089025759,0.594336451032194,0.312064932640666,1.90452815701838,0.0568414331704481,0.127629371827014
"g1889",135.16019448048,-1.12708731726334,0.592256561833045,-1.90303896975828,0.0570354604467839,0.127895409981994
"g826",45.2714417876697,0.84670973643011,0.445437628551598,1.90084914735044,0.0573217745000188,0.128367413000704
"g1903",1177.56647833774,0.82325091593902,0.433444783039789,1.89932131646731,0.0575222418202315,0.128646176224111
"g1999",6446.78327839796,-0.819695591867815,0.432334852981666,-1.89597388740384,0.0579634975253607,0.129462007005852
"g1367",2.2273502228053,3.62224804846618,1.91116156248835,1.89531231663637,0.0580510373884394,0.129486701315715
"g529",250.461336833796,-1.1972251718174,0.633025525515621,-1.89127471730657,0.0585876818547178,0.130511770236891
"g901",12190.4691921397,-0.796397530939145,0.421360605876746,-1.89006167124248,0.058749712515005,0.130700740194354
"g1131",75.2619903983702,0.712656253884325,0.377430648220689,1.8881780195752,0.0590020556176764,0.130973406990947
"g1334",954.310972052715,-0.717485107241399,0.380025463878574,-1.8879921885199,0.0590269991341362,0.130973406990947
"g1918",139.716945646608,-0.582189110407207,0.30848887665875,-1.8872288580156,0.0591295504245321,0.131029226267975
"g1475",96.4523395239747,-0.854327270988268,0.453423776258082,-1.88416954672884,0.0595420453909552,0.131770827250833
"g1050",80.8111535271103,0.987722287987356,0.524636914851403,1.88267782923189,0.0597440417973129,0.13204525164863
"g914",578.424231002741,0.611869926484066,0.325140589765475,1.88186263340855,0.0598546690497715,0.132117281227201
"g1912",14.2283442584794,2.41770307979982,1.29288840257411,1.87000136669664,0.0614836280706274,0.135536174900485
"g1062",25.207390587569,-0.970382276478157,0.51999816703195,-1.86612634043868,0.0620236915259669,0.136514853129261
"g956",113.624601510307,-1.24047599146806,0.664998165342868,-1.86538257715114,0.0621277977410232,0.136514853129261
"g716",237.025138335644,0.569578613280554,0.305390166300257,1.86508498351761,0.0621694930671355,0.136514853129261
"g1906",2.40225560388995,4.80917543787194,2.58337310589649,1.8615876378426,0.0626612371306564,0.137160969994629
"g1010",54.0834439003619,0.993274651887515,0.533592106919343,1.86148677802248,0.0626754660987511,0.137160969994629
"g1091",50.5673278071375,1.01591460078589,0.545819479597422,1.86126482978437,0.0627067872273142,0.137160969994629
"g1897",35.2777054509479,0.819575206422468,0.441664757514048,1.85564999805627,0.0635034622058401,0.138719805598604
"g1417",2.51824319641669,-3.56704158810048,1.92323475647519,-1.85470940356651,0.0636377351986728,0.138719805598604
"g935",30.2041048712805,-2.00156810490635,1.07929360897047,-1.85451677677924,0.0636652622268845,0.138719805598604
"g672",302.184313293655,0.861504298414598,0.4651806046281,1.85197811311017,0.0640289658675558,0.139332955287625
"g78",1069.26769218026,0.543608720323135,0.294375143896078,1.84665292432109,0.0647974585231469,0.140819339653117
"g1881",3247.84312980791,0.708891251876476,0.383994943880486,1.84609527592403,0.064878372669481,0.140819339653117
"g1820",5.69695261775589,-2.94985745507388,1.59856965962918,-1.84531054827987,0.0649923769272672,0.140886164068967
"g1549",27.4692993073517,1.06431601084669,0.577326898672051,1.8435240299643,0.0652525365375011,0.141269238309449
"g1979",633.876107782954,0.552023620001069,0.299590921158387,1.84259128369657,0.0653887075011309,0.141383246231692
"g120",450.945427971215,-0.971758750222447,0.527729034050691,-1.84139717074787,0.065563377122081,0.14158009881082
"g1760",682.613783012396,0.792128662036376,0.430832067149266,1.83860191112918,0.0659737599853391,0.14228480975182
"g77",256.439809121929,-0.843476284189498,0.459072553449386,-1.83734853641712,0.0661584589540376,0.142501617060033
"g1967",17.8547191740061,-1.51885093987044,0.82727294363826,-1.83597318339785,0.0663616228445398,0.142755891396948
"g1028",152.808005562017,0.751800917177337,0.409609536726243,1.83540872408885,0.0664451520500857,0.142755891396948
"g650",28.4207903918174,-1.06515954503925,0.580540990767724,-1.83477060531187,0.0665396857218127,0.142777804723737
"g1468",2516.1359376655,-0.713995510127911,0.389384288533974,-1.83365259244561,0.0667055800216686,0.142952591109728
"g842",2275.55083172235,-0.540533830469189,0.295354049209427,-1.83012161815974,0.0672317549923987,0.143898054617106
"g807",151.265246089321,0.753429025616747,0.412478641222872,1.82658918624989,0.0677615604966632,0.144848891314206
"g136",248.038599440712,-0.876077794874463,0.480033267424538,-1.82503558466848,0.0679956596046358,0.145166017289594
"g1206",17.9735426082921,1.31120904535682,0.718888281421787,1.82393993509474,0.0681611533919549,0.145273705453989
"g1423",36.5872363212312,-1.26843669120848,0.69558037549334,-1.8235659542707,0.0682177175640407,0.145273705453989
"g1016",11.6873556047938,2.08573058298204,1.14553211683899,1.8207526025001,0.0686444721240626,0.145998858424671
"g2020",6.64911308049268,2.16173777725245,1.19018076345872,1.81631046612646,0.0693227606680338,0.147256504154305
"g1676",1018.8031575304,0.611844366312092,0.337551726289436,1.8125943926812,0.0698944032968467,0.148284742834037
"g1019",595.093278429897,-0.609656639530359,0.337112494388348,-1.80846646054016,0.0705339322663392,0.149454251973607
"g195",93.8996716895569,0.863756395300932,0.478753158584296,1.80417900083441,0.0712032501904653,0.150683878215572
"g1236",234.434622598962,0.87416147203077,0.485042208894168,1.80223794136131,0.0715079776582299,0.151139832928069
"g1860",51.385534976234,-1.5038047650386,0.83500443113798,-1.80095423324778,0.0717100938427931,0.15137804099233
"g1742",6.58623386953392,2.65287828695289,1.47538315443375,1.79809446717661,0.072162038880184,0.152142380851994
"g1055",229.368751380866,1.01429134904098,0.565593716052179,1.79332146071335,0.0729215377881713,0.15355244213355
"g291",4.34262280962909,-3.57577614823085,1.99513015759324,-1.79225206667437,0.0730925977264172,0.153721450870589
"g1929",418.434861842781,-1.0449860916437,0.586496550480399,-1.78174294595212,0.0747911600768654,0.157020994354459
"g1935",16.6819129705013,1.40808148236195,0.79043492744509,1.78140088889198,0.0748469831329289,0.157020994354459
"g1450",218.219938745473,0.582557964247175,0.327643081393049,1.77802614286955,0.075399561312251,0.157984476858467
"g183",341.645998770104,0.961644147396263,0.542317029707662,1.77321399609125,0.0761932537182087,0.159450158893606
"g1437",249.697101565281,0.736033110758853,0.417473400449904,1.76306588627118,0.0778893779915301,0.162798415974889
"g1459",75.5949135557432,-0.715837450165176,0.406388994306931,-1.76145875058941,0.0781607887611574,0.163032718581985
"g1525",5.75360551978967,-1.98110612789941,1.12482195433142,-1.761261967079,0.0781940741220154,0.163032718581985
"g1802",162.364643163606,0.816578147696181,0.46424327985162,1.75894446540437,0.0785869416479762,0.163650297921308
"g151",365.564937588936,-0.865902856898739,0.492672032697636,-1.75756446364018,0.0788216443202858,0.163937400287769
"g700",4069.29164030173,-0.785333128822445,0.448189558483041,-1.75223432576277,0.0797335235442486,0.165486364686584
"g841",253.730629567974,0.525975574939925,0.300202488767162,1.75206933526748,0.0797618863462802,0.165486364686584
"g395",370.364812371745,-0.714297425387864,0.407938845612415,-1.75099143675698,0.0799473850700061,0.165668204312754
"g1608",7218.43593789525,0.678418339310614,0.388151503740444,1.7478183976437,0.0804954785454161,0.166520768799373
"g466",963.907536116432,-0.550415343149924,0.314978093478936,-1.74747182278799,0.0805555284386809,0.166520768799373
"g1785",84.1696006900968,-1.03722596573406,0.593834986495449,-1.7466568816622,0.0806968739956873,0.166609521554511
"g1849",1608.8997102409,0.578687681758828,0.331550553738263,1.74539802523046,0.0809156091905915,0.166857644774265
"g612",964.33240477387,-0.958831271227061,0.550147958207564,-1.7428607285048,0.0813579453194115,0.167565695165163
"g874",3795.47474265258,0.679758311021247,0.390504486375987,1.74071831371166,0.0817329665158645,0.167990208827782
"g867",5.69208794915858,2.72918288653898,1.56800039805694,1.74054986843177,0.0817625115617794,0.167990208827782
"g1403",27.7353527853608,1.35615808090615,0.78022764784118,1.73815691440635,0.0821831686128104,0.168649823589683
"g624",344.184823187065,-0.519300762735539,0.29926039319773,-1.73528062697031,0.0826911114697755,0.169213002780557
"g329",717.840191138147,0.534932906268714,0.308314590927131,1.73502299926877,0.0827367315634916,0.169213002780557
"g170",12.4638768296018,1.24091927428066,0.71548437838703,1.73437647524627,0.0828513063134922,0.169213002780557
"g425",36.8150960234165,0.761686418956421,0.439178877212101,1.73434210632258,0.082857400652736,0.169213002780557
"g1137",935.789617352656,-0.670786499577329,0.386973582001037,-1.73341677772601,0.0830216176443982,0.169344094785501
"g6",10.1868405578875,-1.61004504978636,0.93152922665976,-1.7283891945716,0.0839184714230561,0.170885978394932
"g608",1314.65630675076,-1.08897883734921,0.630178147579848,-1.72804918979078,0.0839794058030618,0.170885978394932
"g618",561.294422730446,-0.729489550533084,0.422674703974562,-1.7258888305201,0.0843674145440603,0.171469427158576
"g1410",30.5591419031063,-1.09015709180142,0.632266190433394,-1.72420589349267,0.0846706805890612,0.17167851911454
"g792",7.38836885460103,-2.77683113291103,1.61102827322963,-1.72363898204239,0.0847730366478626,0.17167851911454
"g1857",1714.45227178868,-0.747671091289658,0.433902021567109,-1.72313345899916,0.0848643934057666,0.17167851911454
"g870",1470.78559238898,0.701016815451901,0.406841810429272,1.72306974721265,0.0848759128758832,0.17167851911454
"g145",310.911014226484,0.621301032155424,0.361065362377259,1.72074393418624,0.085297300213223,0.172324975251774
"g551",690.575178575986,-0.604396740186173,0.352810203836955,-1.71309314076835,0.0866954057370819,0.174940788930727
"g1169",1784.4611180962,-0.6247645414679,0.36494465230362,-1.71194327009379,0.0869071235273742,0.175159238252196
"g152",479.301107893969,-0.570491471466172,0.33435520110558,-1.70624374790577,0.0879627065906523,0.177007560837988
"g927",1018.83847115398,1.45495544645644,0.852913797404422,1.70586459133871,0.0880332936949708,0.177007560837988
"g774",43.3306914932245,0.768716590656458,0.450945445279728,1.70467758063198,0.0882545733780224,0.177241984257404
"g931",8.25960436410212,1.66941070503677,0.981859170752926,1.70025473587684,0.0890830205426173,0.178693784097928
"g40",2611.16362015074,-0.63468252196539,0.373656397065239,-1.69857261096102,0.0893997406865571,0.179116876902179
"g1012",27.0433095997637,-1.59837630830835,0.942443370692062,-1.69599188451463,0.0898874169844115,0.179881083870696
"g526",261.269693029752,-0.687616718743407,0.406151971183434,-1.69300352461629,0.0904547963159976,0.180802798303405
"g1197",5.34434368727766,-2.57308103995756,1.52362943160099,-1.68878402227623,0.0912608268467774,0.182198796994804
"g1152",153.423439437462,0.729282435523859,0.432301012794455,1.68697831820859,0.091607521120489,0.182675539760881
"g1518",497.557340412757,-0.737450729299108,0.437549971295751,-1.68540915935896,0.0919096576997371,0.183062412336065
"g1749",1216.16059356258,0.970429469737332,0.579031657169685,1.6759523554909,0.0937475253445945,0.186503596249587
"g695",18.5398440657292,1.25352397768897,0.750397651142028,1.67047961275096,0.0948245097670306,0.188424759431435
"g623",250.223663367745,0.511776785785683,0.306878766768461,1.66768392344269,0.0953784884633653,0.189229262337027
"g1896",2606.59633607791,0.709395373033864,0.425473169322413,1.66730930216731,0.0954529179183823,0.189229262337027
"g737",23.615242883371,-0.869482192822653,0.522705492515405,-1.66342654759272,0.096227082680107,0.190540878336165
"g545",29.010220641154,1.50902075300688,0.910631727424698,1.65711418519806,0.0974963917516827,0.192828728078971
"g116",323.654532080779,-0.5907137462039,0.357391521410721,-1.65284767772944,0.0983618679493938,0.194313468422781
"g1503",318.481864301183,-0.633260574874394,0.384028887466796,-1.64899203039549,0.0991492674359391,0.19543362678666
"g1691",2005.65398950571,0.940337761638716,0.570311791685383,1.64881346545516,0.0991858554557786,0.19543362678666
"g622",326.705330288196,0.528323300712915,0.320511083494558,1.64837763160189,0.0992752032111797,0.19543362678666
"g1532",440.336150824972,-0.532626444964637,0.324385867995398,-1.64195329548756,0.10059968353994,0.197810992140672
"g1963",58.0978395114323,-1.04286297641792,0.635356545263678,-1.641382282424,0.100718085371729,0.197814058624521
"g1644",1375.0234000891,0.58858359309996,0.359133579064316,1.63889880370822,0.101234336921077,0.198555104457781
"g636",559.048234533553,0.646921701289317,0.394840045637602,1.63843994153289,0.10132995289517,0.198555104457781
"g1950",1185.01050885726,-0.544942864000066,0.333067997930791,-1.63613096240276,0.101812181345893,0.199269390772944
"g1990",27.3598554521725,1.24601704675518,0.762490190428128,1.63414174030955,0.102229092197113,0.199854333821838
"g1701",451.592295140898,0.608036935074563,0.372850548925996,1.63077924070657,0.1029369092858,0.201005983184383
"g1069",348.671787173992,0.475769213321363,0.291952611399951,1.62961109010119,0.103183719012121,0.201255802174564
"g1347",561.423814246423,0.635270149629608,0.390110167135442,1.62843781871763,0.103432084048816,0.201508076288429
"g21",1099.75282474851,-1.26042261128493,0.775246109921632,-1.62583545425638,0.103984663935535,0.202327750725722
"g1107",88.0945216950818,0.694950669360799,0.427574587531328,1.62533202305874,0.104091831590138,0.202327750725722
"g818",1431.02343998261,-0.625261887568115,0.385172291280767,-1.62333039453333,0.104518795450654,0.202924679699493
"g1338",1784.45985424391,-0.802898081416916,0.495373304458895,-1.62079400361296,0.105061824951503,0.203745326051426
"g1114",7.87648388819584,-6.32923516877938,3.9120303383207,-1.61789010345362,0.10568628344835,0.204721828235763
"g316",76.353543020938,0.666647402498242,0.412943208890203,1.61438035096854,0.106444951047184,0.205955773854723
"g546",2361.53819597579,1.02824832607354,0.638226245429953,1.61110316825162,0.107157237945051,0.207097264658644
"g946",322.671883759068,-0.520893000366375,0.325592873709512,-1.59982924205862,0.109636469800992,0.211647141816511
"g89",1004.67534385524,0.490974260398465,0.307165448792948,1.59840327851918,0.10995325546441,0.212016926539004
"g269",11.0817422006625,-1.66782484009124,1.04401326083557,-1.59751308020399,0.110151384356908,0.212157330735206
"g96",16.9355727203239,1.45349526877816,0.910936351712433,1.59560573693848,0.110576845873827,0.212734772800443
"g1477",66.1647358829222,0.675477328212382,0.42362843491737,1.59450422241872,0.110823145768941,0.21292748649782
"g749",311.255577901077,0.491679806069285,0.308450128253878,1.59403339804934,0.110928554690536,0.21292748649782
"g1401",419.458165768121,0.493339299522703,0.309703091347506,1.59294276778512,0.111173030806915,0.213155086247006
"g882",286.047380153288,0.571926683010835,0.359842799251632,1.58937926283442,0.111974793480406,0.214449463079557
"g383",50.6372962623875,1.14702914701353,0.724192478678997,1.58387332205636,0.1132225494565,0.216210046129623
"g1516",273.992554290776,-0.522086437656747,0.329633381876854,-1.58383970301828,0.113230201711972,0.216210046129623
"g254",38.3298195391776,1.1705515997361,0.739155743491881,1.5836332329723,0.113277206684569,0.216210046129623
"g606",780.143348959861,0.743101456279497,0.469517589428812,1.58269141137718,0.113491816829131,0.216375727355538
"g341",9.31531648823318,1.56173852224117,0.988925658954082,1.57922742533843,0.114283901501028,0.217640770800046
"g553",204.23558049989,-0.584291529582884,0.370425392745608,-1.57735279769049,0.114714370090603,0.218215088273472
"g1328",1851.27921207111,0.657261681674415,0.417159150081381,1.57556577998156,0.115125907664392,0.218752145539635
"g639",473.406741477122,0.479682610818739,0.304725919182061,1.5741444380783,0.115454061060915,0.219129736968755
"g835",657.158388649956,0.834374426638207,0.530519801211484,1.57274888653137,0.115776975230091,0.219496549904305
"g339",3.26254617169529,-2.73882517739345,1.74272429853568,-1.57157685796585,0.116048716941924,0.219627039129889
"g644",2932.74803152929,0.699463186038556,0.445192318056852,1.57114837266629,0.11614818880837,0.219627039129889
"g1490",569.311448729599,-0.493378438730848,0.314098787656886,-1.57077473113269,0.116234983496976,0.219627039129889
"g1348",155.483961421236,-0.717163177979304,0.457476108826653,-1.56765165249548,0.116962450584855,0.220755216098282
"g1255",512.736811335058,-1.0088962350962,0.644486782444683,-1.56542579704928,0.117483103562643,0.221490973643156
"g1262",118.322522038909,-0.740493178157394,0.473426795082238,-1.56411336630992,0.117790947529196,0.221645914956088
"g1461",254.438071299662,-0.64812481026478,0.414412835373428,-1.56395930565412,0.11782712549349,0.221645914956088
"g1959",4.7528472842774,2.03941441798142,1.30573379818559,1.56189142137189,0.118313569760577,0.22223092285353
"g1094",1221.23721551442,-0.613669366599863,0.392994386292786,-1.56152196571752,0.118400645253328,0.22223092285353
"g107",2.70209313387151,2.96621028912767,1.90059454355936,1.56067494731026,0.118600465245387,0.222339020413453
"g25",334.811614612481,-0.645412306998591,0.413682083251389,-1.56016499899123,0.118720894538548,0.222339020413453
"g1226",2909.37853967757,0.630902569231263,0.404910285245519,1.55812927510279,0.119202606213692,0.222982643887201
"g1138",5.26778493093539,-2.09205902060691,1.34312940802498,-1.5576004874193,0.11932798308435,0.222982643887201
"g371",1091.33430108177,-0.459917092765417,0.296543088279919,-1.55092838424642,0.120918847352791,0.225706293901076
"g354",5.28897583298252,2.21172368566654,1.43026843338886,1.54636964225387,0.122015321467829,0.227502135732416
"g273",27.8092948574143,-1.09929413176967,0.711391128288446,-1.54527388388227,0.122280029706848,0.227506502728584
"g1108",751.19525573669,0.481055625671757,0.31131300735182,1.54524743364838,0.122286424975199,0.227506502728584
"g327",986.656958846059,0.527263289648913,0.341381922418741,1.54449680848117,0.122468023830052,0.227536218082779
"g158",84.0833726944343,-0.585995225194133,0.379597756111091,-1.54372678910841,0.122654533620223,0.227536218082779
"g1938",190.239033556143,0.685141734680078,0.443883748394305,1.54351615070048,0.122705591913513,0.227536218082779
"g114",111.51269650167,-0.828974703834578,0.539649213359958,-1.53613622203436,0.124504974123516,0.230391406277947
"g293",905.348271170186,-0.662046919651201,0.430996245856786,-1.53608511910609,0.12451750546032,0.230391406277947
"g1349",19.1058314695205,-0.970087255355877,0.63317739217418,-1.53209395557354,0.125499251118497,0.231954401903511
"g965",272.899972642915,-0.524131578951082,0.342625711722573,-1.52974969775612,0.126078697000126,0.232744916710893
"g661",404.809881987635,-0.553232675254753,0.361766776897264,-1.52925229895243,0.126201909947194,0.232744916710893
"g839",1.80487238054027,-3.12730606406113,2.0468159985707,-1.52788822553905,0.126540292100115,0.233115032127851
"g359",42.7602273851512,-1.00039381761151,0.656796388728576,-1.52314147090253,0.127723315384627,0.23503866624584
"g613",988.068120285338,0.411887810057622,0.27085457921272,1.52069723633559,0.128335832574965,0.235676300649011
"g373",382.423337052652,0.638224913667784,0.41970592072467,1.52064786831174,0.128348227524151,0.235676300649011
"g115",79.7454171261362,-0.688980133780481,0.453753170032135,-1.51840290996025,0.128912858550126,0.236240472734466
"g1895",748.539172241563,-0.431913195021112,0.284468427395299,-1.5183168092708,0.128934552159862,0.236240472734466
"g224",13.0891115822373,1.67517399084432,1.10485649487708,1.5161914679523,0.129470944848446,0.236754072723583
"g1458",254.837199926973,-0.823286023940831,0.543029520628884,-1.5160980990267,0.129494548932095,0.236754072723583
"g51",1159.32730321591,-0.565164754686098,0.373354965531307,-1.51374645274058,0.130090158344506,0.237348413042111
"g1202",1929.21647921018,-0.562993638176231,0.371930244374818,-1.51370760160302,0.13010001612704,0.237348413042111
"g663",1058.3664019985,-0.588327510514461,0.389690902260058,-1.50972862620704,0.131112683704832,0.238938399905577
"g592",99.4024761847949,-0.878662656142002,0.582266596166186,-1.50903840599371,0.131288968363948,0.239002390795876
"g99",212.648174056399,-1.28829901231692,0.855088047974472,-1.50662731793367,0.131906211117228,0.239868115382886
"g697",6.86662945652534,-1.41019279799692,0.939203617044837,-1.50147717960673,0.133232184784317,0.24180883216953
"g431",86.7055656679495,-0.704860539228081,0.469477270473293,-1.50137308781209,0.133259090616758,0.24180883216953
"g1",127.010420672867,-0.615684042756407,0.41065561821544,-1.49927095952552,0.133803352955326,0.242536484532513
"g1292",1297.68561386659,0.412107470640379,0.275074180167516,1.49816849545607,0.134089478681548,0.242795173698247
"g190",174.780965826987,-0.73434182365552,0.490519059751431,-1.49707092733083,0.134374803580104,0.243051861603756
"g76",521.102952363219,0.476456960063152,0.318448642403009,1.49618147676126,0.13460637020495,0.243059651822437
"g309",8.82270624507575,1.38564748811091,0.926264864894241,1.49595168793229,0.13466624536884,0.243059651822437
"g1964",3335.4753964694,-0.693052283964928,0.463660514992616,-1.49474078890665,0.134982104679682,0.243370290971993
"g351",391.563502163355,0.501806040050666,0.336105988476977,1.49299940273168,0.135437343243996,0.24393130011924
"g1715",504.514887060051,0.641605553594751,0.431192799295262,1.48797835827357,0.136756601103099,0.246045617074969
"g705",1230.35773477628,0.404706654817895,0.272121290041226,1.4872289292638,0.136954357898874,0.246139838559229
"g1171",36.6149167008884,0.898633793475389,0.60486845683753,1.48566813712484,0.137366922541114,0.246619512048892
"g863",198.146219521982,-0.723955533409777,0.48763433137049,-1.48462790012161,0.137642420504736,0.246720430165198
"g121",43.7006192578348,-1.01538094088484,0.684377300701593,-1.48365666109018,0.137900029303015,0.246720430165198
"g646",2.66602769179377,2.92206320584277,1.96989103009442,1.48336286688036,0.137978027647148,0.246720430165198
"g1780",19.9732140250005,1.11033926760066,0.748581679108801,1.48325733662429,0.138006052785849,0.246720430165198
"g1245",700.164568239839,0.448051727453463,0.303718545334199,1.47522018110697,0.140153357472525,0.25029497278585
"g732",584.974488065862,-0.544837849036097,0.370011940002299,-1.47248720955521,0.140889358438552,0.251344240080578
"g1446",14677.4836888397,1.00741326068632,0.684471400477825,1.47181205815619,0.141071636504838,0.251404505897569
"g1125",12.6255956768175,-1.7464979817675,1.18749860739768,-1.47073686730027,0.14136229176628,0.251657581451433
"g1389",197.657460162196,-0.902728002697958,0.616730568864291,-1.46373156816328,0.143267306536387,0.25478103988036
"g748",78.4724755897949,-0.722243189332091,0.49396821354404,-1.46212482813471,0.143707006191489,0.25529481792465
"g593",3737.63384879567,0.709750234362189,0.485744027477075,1.46116101117823,0.143971260010382,0.25549616687377
"g782",272.140824347604,-0.549356904027469,0.376446381355347,-1.45932311010556,0.144476197605189,0.256123772299041
"g1989",1464.27273766611,0.690446008888501,0.473543411365573,1.45804163317876,0.144829067752514,0.256480765381806
"g1011",746.036332579514,-0.661868441054287,0.454415366374806,-1.45652741969199,0.145246875374333,0.256951891336203
"g1479",670.360270533208,-0.782843631606225,0.539647511729098,-1.45065735427538,0.14687529600928,0.259561457352517
"g1261",547.510525433456,-0.494365866661407,0.34107471575436,-1.44943569202428,0.147215947171007,0.259684962120076
"g942",51.1662374931749,-0.812195623890727,0.56040287178462,-1.44930667700589,0.147251957256511,0.259684962120076
"g1618",2.58235071955739,-2.74384901188977,1.89549355476468,-1.44756441138646,0.147738910275777,0.260272606760552
"g855",831.914319366585,0.445401539910644,0.308279398821687,1.44479826291691,0.148514559162922,0.261211640168475
"g221",260.060039411422,0.681949325999581,0.472079833202751,1.44456356327065,0.148580513574862,0.261211640168475
"g1769",283.237657273337,-0.678512640958935,0.470162515927118,-1.44314490835359,0.148979654947432,0.261641655421164
"g1463",58.163942540298,-0.80921706920801,0.561912323122682,-1.44011269358001,0.14983551839575,0.262744835881763
"g1534",886.61070858974,0.373791806439274,0.259708855369919,1.43927247265735,0.150073338892172,0.262744835881763
"g1561",436.797485025282,1.00820911788354,0.700757746104014,1.43874131037274,0.150223830276914,0.262744835881763
"g1402",33.0628697292096,1.0611962534124,0.737595167015093,1.43872452107686,0.150228588974333,0.262744835881763
"g959",76.0755376315321,1.53446951770771,1.06761034351311,1.43729360344931,0.15063458562985,0.2631830273182
"g872",1552.48040153986,0.470874079463569,0.328132488195413,1.43501206495332,0.151283659589462,0.263821003215177
"g1381",602.908040966508,0.745328704926998,0.519423689099255,1.434914734481,0.151311396409886,0.263821003215177
"g720",9.00786162171207,1.27377434529458,0.890044643486832,1.43113534204807,0.152391430017622,0.265430752078018
"g952",232.218219166052,0.449456945719446,0.31467355050918,1.42832769068824,0.153197561197691,0.26635055800924
"g488",1660.7533668246,0.440379290612866,0.308356409593244,1.42815027323017,0.15324860993601,0.26635055800924
"g1731",260.471342247384,-0.616110818841741,0.431564271981409,-1.42762239332982,0.153400574561301,0.26635055800924
"g630",10.8246291604103,1.13202080238413,0.793352233853369,1.42688298347107,0.153613626489972,0.26635055800924
"g938",290.281082251296,-0.646496315821404,0.453184822596634,-1.42656215209756,0.15370614009157,0.26635055800924
"g86",103.598340588836,1.74247282919606,1.22328398506915,1.42442217053758,0.15432430012916,0.267148302779824
"g253",1080.0906959562,0.894428038782793,0.629480052653848,1.42089973306055,0.155345910625271,0.268642111020005
"g493",66.9267853158178,0.67173120508702,0.473303077879899,1.41924115113714,0.155828722452879,0.269202068482372
"g490",61.62230403715,-0.645433244241213,0.45542081218448,-1.41722386630799,0.156417486106949,0.269943734942982
"g834",48.4341719612036,0.85172675267052,0.602395383462528,1.41389986718499,0.157391304958516,0.271347738589376
"g934",181.804275378426,-0.468216174083297,0.332028000450613,-1.41017074899664,0.158489270722926,0.272962701255253
"g1586",633.159163632306,1.21615726316428,0.863292147733246,1.40874357117408,0.158911006168237,0.273410907970351
"g1049",3.79446501599079,2.91544915694955,2.07322533608188,1.40623843738055,0.159653333922523,0.274176309681815
"g1846",7.53394625728191,1.41640914435424,1.00729633687917,1.40614940459586,0.159679764528216,0.274176309681815
"g883",119.208885728118,-0.86526722505195,0.616066188742722,-1.40450367324622,0.160168918627223,0.274726310662654
"g1040",761.039317771734,0.499790523268909,0.355981076072412,1.40398059577539,0.160324627840934,0.274726310662654
"g995",250.204300839561,0.529316173191277,0.378143513717468,1.39977588928514,0.161580440055012,0.276598265938458
"g1511",568.501031234329,-0.576422908518026,0.414056111597317,-1.39213718231169,0.163880860649704,0.280252825333281
"g1813",608.495202294179,-0.60322666963425,0.433541954752855,-1.3913916819841,0.164106685596037,0.280355821104027
"g123",140.88519441928,-0.62134405057042,0.447152033640004,-1.38955881629883,0.164662888986768,0.281022450659877
"g734",824.438118450467,-0.397885908593857,0.286606722826042,-1.3882643947447,0.165056550007788,0.281410613457387
"g1476",102.017005394339,0.564249402403325,0.407238516713676,1.38555018556863,0.165884298144579,0.282537340803595
"g667",3139.32473928141,0.761341016821423,0.549812870497975,1.38472752762565,0.166135798484062,0.282681313400519
"g464",4.62141357609922,-1.88020444361691,1.36060726511702,-1.38188622964262,0.167006636737467,0.283877746984469
"g1078",1175.43091639854,-0.716899010256338,0.520466704629762,-1.37741569994628,0.168383761622579,0.285931502935833
"g1587",2683.38891084158,1.22349871217917,0.889044271053145,1.37619548543948,0.16876111943066,0.286285145487082
"g1953",1557.76676081043,0.571902246014849,0.415948399479896,1.37493556106949,0.169151423236932,0.286660019559686
"g428",203.405876045969,0.497746238929592,0.363854881372243,1.36798010528921,0.171318303540271,0.290041887893679
"g1380",137.989667993834,-0.601791217553435,0.440194547210192,-1.36710284433869,0.171593071876728,0.290216853833467
"g1991",6.43304831913102,1.62178046641542,1.18684697000482,1.36646131085361,0.171794216349366,0.290267074131213
"g1043",107.64859827084,0.649502755248857,0.476438551743428,1.36324559142441,0.172805123051399,0.291466086694649
"g1026",632.615034751024,-0.382429255144214,0.280556626775944,-1.36310897211359,0.172848169546029,0.291466086694649
"g1149",374.137355340383,-0.397383663262352,0.292041995934219,-1.36070725715715,0.17360622028608,0.292251011478453
"g486",1184.31115211467,-0.432137386141748,0.317621812871274,-1.36054064497417,0.173658899909819,0.292251011478453
"g479",498.836356642802,-0.877348419486463,0.645271567727265,-1.35965764395385,0.17393828754465,0.292430507262256
"g762",5.50734104730132,2.64209715895772,1.94597558322227,1.35772369485889,0.174551375228465,0.293170117323206
"g394",135.557443498409,-0.467807478024844,0.344755481431367,-1.35692542460119,0.174804907444121,0.293304963630225
"g1393",1667.00574855349,-0.673663167975465,0.498833365137566,-1.35047736389823,0.176862909788519,0.296464263635607
"g1212",1566.06301301516,1.05006313226379,0.779618409101367,1.3468937110838,0.178014467278861,0.297936724691247
"g389",219.663294349991,0.549216438577999,0.407839339512428,1.3466489996639,0.178093305013315,0.297936724691247
"g1616",514.280145385571,0.614231021172627,0.456661690859282,1.34504608875085,0.178610351353845,0.29850673725771
"g1566",61.9412258717415,0.870171708342324,0.647469287696282,1.34395827706118,0.178961879211006,0.298799271700428
"g1732",160.890026257599,-0.403480839846878,0.30066370573908,-1.34196722831928,0.179606621759444,0.299263720581452
"g1315",123.85029180298,-0.470289025331819,0.350536938536317,-1.34162472946655,0.179717703766938,0.299263720581452
"g161",762.039149763532,-0.44404477205338,0.331148250768687,-1.34092440779206,0.179944996712354,0.299263720581452
"g189",56.1903958084933,-0.890894721818781,0.664391708544884,-1.3409178807634,0.179947116096821,0.299263720581452
"g1830",1022.87947483304,-0.611204879659734,0.457684410261064,-1.33542866210169,0.18173608909829,0.301650487643322
"g988",365.700918326519,-0.516962700811385,0.38711592786509,-1.33542090004508,0.181738628113519,0.301650487643322
"g1583",170.180433175264,0.47799108805218,0.35820794212,1.33439556148103,0.182074253908111,0.30191156891913
"g462",9.53739547100549,-1.14483295965111,0.858779654845943,-1.33309278252113,0.18250135761953,0.302323677543899
"g547",14.6385282149498,1.448002775256,1.08700109849499,1.33210792266984,0.182824727295666,0.302467736872417
"g1394",1098.31673630797,-0.44148073829664,0.331630113338454,-1.3312444212389,0.183108599318461,0.302467736872417
"g683",212.941740738364,-0.769384409336478,0.578083397968488,-1.33092285998917,0.183214394487743,0.302467736872417
"g1462",29.7554971905153,-1.03204126874324,0.775589616786614,-1.33065379732537,0.183302952174306,0.302467736872417
"g294",2577.35902480036,0.703990032338869,0.530513474072978,1.32699745952546,0.184509523043562,0.304162241979309
"g409",152.104240754232,-0.751481974983306,0.567877480787796,-1.32331708934963,0.185729950914855,0.305876271302382
"g1723",974.457696333849,-0.679795660543574,0.51424163420648,-1.32193820049704,0.186188730568645,0.306333839507013
"g1684",19.3691157669204,1.09605025145069,0.83031298896332,1.32004468919504,0.186820097862985,0.306832472953537
"g218",149.263373740495,0.586328912120345,0.444207974002353,1.31994233880466,0.186854270298344,0.306832472953537
"g1631",5.06274688701982,-1.5714304970076,1.19206276338892,-1.31824476468015,0.187421724680601,0.307466065779319
"g573",1019.50361813318,0.688563931586096,0.523129175207668,1.31624073788803,0.18809325446426,0.308269002718288
"g1869",40115.2645076172,0.777906366505517,0.59237123988163,1.31320751942812,0.189113030890351,0.309640581525497
"g1632",39.3298730192058,-0.697987486470902,0.532466293864332,-1.3108575970233,0.189905879015389,0.310638312244495
"g722",54.0777594263494,-0.78237798994347,0.597793473652798,-1.30877639925169,0.190610103623505,0.311489290960032
"g1302",135.212895809796,0.460164420072922,0.352521357945294,1.3053518877694,0.191773053163175,0.313087540024354
"g1281",57.5686253914516,0.69185338696737,0.533176269990357,1.29760723780877,0.19442233376602,0.317106947076947
"g968",2066.85593796413,0.680073078564225,0.525017799295339,1.29533337627219,0.195205250186932,0.318077467340208
"g932",222.390068635849,0.385069943198297,0.297492436263823,1.29438565912583,0.195532241686811,0.318303928053626
"g66",2.95244876567528,1.8723088581981,1.45006857569096,1.2911864235841,0.196639041662906,0.319798172464265
"g1077",73.0994533395744,0.716086855908922,0.555905837219661,1.28814415673417,0.197695786774606,0.321195614148151
"g777",333.242163562141,-0.43872316737516,0.34072370100518,-1.28762151291756,0.197877746932381,0.321195614148151
"g1515",630.530122835036,-0.569013775551696,0.443119977832672,-1.28410769998405,0.199104274233918,0.322876950457876
"g449",1740.87376331552,-0.685595298329803,0.534503613512648,-1.28267663865584,0.199605387726717,0.323379829111322
"g1118",17.0190482401835,-1.23806960447099,0.96721306558543,-1.28003813071076,0.20053172586114,0.324569992239876
"g605",53.5783540936208,0.756711510119591,0.591805085187335,1.27864989514251,0.201020371221145,0.324946254972559
"g849",1167.46052661378,0.430408333290824,0.336706981562288,1.2782875225627,0.201148065688861,0.324946254972559
"g1416",1.77504301506547,-3.089424860084,2.41933935408594,-1.27697044850958,0.201612680504814,0.325386337554481
"g1428",130.42333987872,-0.732868388920582,0.574559680192667,-1.27553048740703,0.202121540262435,0.32589692158505
"g320",272.791316149338,0.371856124771665,0.291778523412855,1.27444652341839,0.202505213326452,0.32620487741359
"g1865",150.057814161917,-0.509960823377478,0.4014317915047,-1.27035485023739,0.203958258250648,0.327671688483698
"g497",50.5745463322947,-0.669022986653179,0.526746434338915,-1.27010444312324,0.204047429174553,0.327671688483698
"g809",4.25913020766904,1.59487635501051,1.25668219336695,1.26911669746625,0.204399445799531,0.327671688483698
"g982",249.547965366878,0.500612648017057,0.3945976663755,1.26866601268917,0.204560209272051,0.327671688483698
"g1390",736.465749560867,0.450531524736902,0.355188770636888,1.26842840197075,0.204645004251619,0.327671688483698
"g26",45.0704999473369,-0.94875919386556,0.74824369518908,-1.26798154126218,0.2048045424943,0.327671688483698
"g990",6.14657089059191,1.24639315810971,0.983136011382875,1.26777286527887,0.204879074979781,0.327671688483698
"g1371",172.18586605857,-0.951073196804446,0.750486487689476,-1.26727557711601,0.205056770138483,0.327671688483698
"g1655",123.966563163491,0.759730387655264,0.599632543813934,1.26699325360668,0.205157702181169,0.327671688483698
"g447",555.876344218091,-0.525429929132609,0.415138721261518,-1.26567314062138,0.205630128320088,0.328116689204439
"g1239",13.3127694996097,-1.1090573485361,0.877668543172964,-1.26364030836358,0.206359158941413,0.328969920986641
"g492",103.62584408375,0.443606972238224,0.351634607301534,1.26155663585701,0.207108368364421,0.329853685457164
"g656",308.373023953174,0.561316979457332,0.44632233281234,1.25764932245356,0.208518607397032,0.331787596168398
"g1076",218.308173246899,0.446401317907051,0.355309145978095,1.25637440792074,0.20898025585793,0.332013280884461
"g1762",1686.50968718089,-1.04538733926017,0.832199053658772,-1.25617463113436,0.209052662387971,0.332013280884461
"g1122",17.7081126794106,-0.958768313084233,0.765100911338111,-1.25312661228884,0.210159632438845,0.333458254923616
"g1908",150.528686369848,-0.687689507476622,0.549015809151277,-1.25258598388946,0.210356418345199,0.333458254923616
"g1308",748.279804437106,0.385315610866662,0.308128488686971,1.2505030369266,0.211115846633537,0.334349044294274
"g1886",634.857510003429,-0.512133466929158,0.410556738601576,-1.24741215714439,0.212246411172735,0.33582539636957
"g1539",1.51019672455298,3.03258573389258,2.43558393975144,1.24511649317333,0.21308893233254,0.33684366240802
"g1555",60.5343418027736,-0.670191749108186,0.539393640072884,-1.24249101086477,0.214055455058894,0.338055863259988
"g463",4.17005557747362,-2.1548305419584,1.73761655076221,-1.24010705412145,0.214935800181027,0.339129831972487
"g517",19.6195491295412,1.00730844919072,0.812655051439984,1.23952770293597,0.215150135975973,0.339151936878327
"g1453",58.0143775155318,-0.63295724699394,0.511958721925061,-1.23634429864561,0.216330611397477,0.34069555822877
"g191",570.979853401286,0.385391765294575,0.31224804769269,1.23424875877486,0.217110223491553,0.341581765666484
"g1312",412.16458156765,0.412130280566782,0.334074609319127,1.23364742207359,0.217334313932146,0.341581765666484
"g928",580.847235298532,-0.393698026934143,0.319247361860443,-1.23320682946237,0.217498608026267,0.341581765666484
"g984",1913.46756630459,-0.359757634333864,0.291961579702241,-1.23220882247851,0.217871088512671,0.34184963192952
"g1662",220.307539339751,-0.608851504979173,0.494770207465933,-1.2305743066009,0.218482119731424,0.342490952504908
"g689",1773.72320264929,0.50417168479092,0.410257008704518,1.22891668903588,0.21910304352576,0.343146579730908
"g1087",652.830973148556,0.363094596378821,0.295687295911988,1.22796819950931,0.219458905874134,0.343386254754998
"g1513",25.445352965757,1.0394056864,0.848333784135968,1.22523198514207,0.220487826440397,0.344677645580418
"g1124",3.35958283072354,-2.04158469954349,1.66796097961139,-1.22400027608508,0.220952123381321,0.345084820004222
"g385",1.69580033377386,2.19536499521151,1.80293204811871,1.217663748061,0.223351778568821,0.348272083450891
"g500",15.3808499495109,1.08307137860841,0.889567641823707,1.21752560197446,0.223404301611145,0.348272083450891
"g317",1218.65189798319,0.448533892659499,0.369175831635898,1.2149600657008,0.224381322734718,0.349473394102924
"g664",28.6844791126879,0.768075334345729,0.632942285546069,1.21349979593017,0.224938792349435,0.350019646551097
"g1422",233.976798962213,0.386808829117367,0.319062302503755,1.21233008751579,0.225386051027131,0.350393557749249
"g701",2.43588262692209,-2.74874059884739,2.27145491663014,-1.21012333492638,0.226231570303146,0.351385365617639
"g509",329.263497090961,0.363141511161886,0.300573764715511,1.20816103662804,0.226985325750659,0.351971465361043
"g794",796.708046034333,0.373716884978407,0.309353269522384,1.20805862357749,0.227024713629214,0.351971465361043
"g1633",228.816608265546,-0.414772019176597,0.343955060724567,-1.20589014827358,0.227859849747405,0.352943024357142
"g416",75.6251153623483,0.550769623725032,0.458501394164222,1.20123871101635,0.229658617130212,0.355404057405347
"g1289",35.4543528633767,0.572401767743631,0.477360581275252,1.19909726566546,0.230490127200074,0.356365100776004
"g682",227.847527989197,-0.65180676292157,0.54436995384331,-1.19735991731311,0.231166299630311,0.356854994538502
"g1649",139.736705036964,-0.486268917739097,0.406171777102064,-1.19720016296678,0.231228546372555,0.356854994538502
"g1311",118.963060201735,-0.543654727207986,0.455775333388381,-1.19281296591082,0.232942630986712,0.359172927377507
"g1921",4414.17106564475,0.325949074447623,0.273599120924575,1.1913381641949,0.233520857358657,0.359608018752077
"g1456",2966.76959441226,-0.287852235904719,0.241687489499167,-1.19101007876418,0.233649628250021,0.359608018752077
"g1958",2.58616167954797,-1.96714763206068,1.65605078832333,-1.18785465151846,0.234890678564915,0.360743484662369
"g381",2565.05872435469,0.467236608802868,0.39340452380061,1.18767472292636,0.234961586066522,0.360743484662369
"g1940",92.9397499548306,-0.676163099606635,0.569854768373559,-1.18655337663751,0.235403835508488,0.360743484662369
"g1641",606.34474718213,-0.420778810778533,0.354640743833342,-1.18649314297703,0.235427607813894,0.360743484662369
"g1636",1554.62354371036,-0.577522728771377,0.486773794091781,-1.1864293759875,0.235452776463034,0.360743484662369
"g730",250.901393908759,-0.734844556491882,0.620347483504992,-1.18456925518578,0.236187798957847,0.361542444516849
"g799",316.372538055684,-0.613374229952551,0.518359873640433,-1.18329805438996,0.236691043624267,0.361985489481377
"g979",43.6258053761368,-0.53257070332746,0.453618570075235,-1.17404960568332,0.240375156899951,0.367288033061026
"g1784",225.99965451677,-0.351023230118252,0.299236043145918,-1.17306466970986,0.240769873138128,0.367559418595898
"g536",3.55568005759553,-1.62683538691831,1.39169425029697,-1.16896034209465,0.242419609833157,0.369744504006788
"g1192",16.1428070169457,1.12149747734561,0.961088052614658,1.16690398376564,0.243249146936853,0.37067579276696
"g1946",363.225578412275,-0.467034555590214,0.401649906897815,-1.16279015025151,0.244914654428084,0.372878156426931
"g586",551.347040972969,0.621378967991838,0.536123805515755,1.15902140811313,0.246447458882889,0.374874706099488
"g552",1088.55089521508,0.368137984016706,0.318033779748647,1.15754365560683,0.247050314123362,0.375393988190984
"g1650",675.478883419095,0.39641900473056,0.342597594370375,1.15709803934583,0.247232307639071,0.375393988190984
"g1651",14.3055672320107,-1.11316561425011,0.964311245670403,-1.15436340626332,0.248351211231736,0.376243704627534
"g1735",38.7964780858887,-0.591100264041658,0.512134747934202,-1.15418894426902,0.24842271419003,0.376243704627534
"g1494",721.982771681937,0.405905258971313,0.351706778753341,1.15410132386439,0.248458630699104,0.376243704627534
"g1135",619.169256873186,0.471847070810975,0.40915418109557,1.1532255873508,0.248817803723918,0.376376851314812
"g1190",74.8598167910248,-0.666549514844466,0.578198891861059,-1.15280316899092,0.248991183386054,0.376376851314812
"g570",1613.68105160204,0.359553192984127,0.316911898181904,1.13455252089572,0.256562856081058,0.387476284875317
"g1831",11.3118574220921,1.19800980751293,1.05956410043569,1.13066288959801,0.25819700656837,0.388759352070484
"g1688",49.1675369397981,0.588399529023022,0.520569697858113,1.13029923071588,0.258350158619546,0.388759352070484
"g1957",131.900109764869,-0.414488327827319,0.366779517788415,-1.13007490256428,0.258444664039555,0.388759352070484
"g1072",659.855567160261,-0.440565690959713,0.38993176942566,-1.12985328589315,0.258538050689759,0.388759352070484
"g211",1164.72354273204,-0.721699729135522,0.638785457349788,-1.12979987385707,0.258560561388874,0.388759352070484
"g452",636.605776304232,-0.552665730214974,0.489944812287342,-1.12801629153866,0.259313038902098,0.389544786922139
"g725",89.2221105482387,-0.421891211616384,0.374409343161127,-1.12681806510054,0.259819410959732,0.389959452796832
"g1150",2098.61418217975,0.645413309935155,0.577109681043043,1.11835467526496,0.263415544054484,0.394641866458966
"g1442",93.0407789341792,0.574101380515022,0.513546812718857,1.11791440682023,0.263603551368415,0.394641866458966
"g1855",3.95033226527892,1.60342657655187,1.43440666634852,1.11783263015196,0.26363848255469,0.394641866458966
"g366",751.897275196664,-0.598054309336953,0.536432832110293,-1.11487268030229,0.264904985400371,0.396187403076704
"g75",68.4759864242557,0.433254147992958,0.390334141713407,1.10995708981835,0.267017517623572,0.398994401885884
"g15",228.969227031714,-0.384353185161564,0.347104455776337,-1.10731273760781,0.268158739092207,0.400346336228489
"g1337",14.7413351471261,-0.817470176736133,0.741739045588921,-1.10209942647294,0.27041844871941,0.403364258750626
"g1682",340.382107829825,-0.525481508265244,0.477784279034183,-1.09983005160295,0.271406176070719,0.40448121134483
"g1923",7.65044527390063,-1.18718933746784,1.08046968257422,-1.09877154039099,0.271867728761303,0.404812721893479
"g229",481.537109201051,-1.09346753992028,0.996132412534989,-1.09771304111829,0.27232981336345,0.405144441146152
"g857",27.205065131515,0.685422801028405,0.625365895108331,1.09603482759429,0.273063533437448,0.405879334600176
"g1291",11.4528344550803,1.29034544888349,1.1780214919577,1.09534966695652,0.273363476066348,0.405968741210813
"g1960",4.05121734065792,-2.08322556697977,1.90298341748393,-1.09471556495965,0.273641267406123,0.406025123329156
"g1046",586.363739569942,0.38942817766681,0.357091899911612,1.09055449805275,0.275468960634119,0.40837911589629
"g1603",2.6642764443654,1.74277074412385,1.60361855536257,1.08677387044191,0.277136758203143,0.410138031432958
"g527",18.8163179881253,0.924132249474825,0.850350181721279,1.0867666866422,0.277139933821207,0.410138031432958
"g299",15.9342421954298,-1.06049304357973,0.976505924976176,-1.08600779212435,0.277475544846756,0.410276067620575
"g148",1.50176147115679,-3.93988827765234,3.63186581745652,-1.08481107939487,0.278005337400048,0.410700729684364
"g1666",62.470996286777,-0.714088113935706,0.659322776130796,-1.08306301524467,0.278780453762431,0.411486755204704
"g744",45.0922557520415,-0.513729867806628,0.475454844348919,-1.08050191077582,0.279918736372177,0.412806986653393
"g1573",3.02650924859964,-1.74381112997472,1.6175974806899,-1.0780253745394,0.281022432418227,0.414073958297701
"g796",101.993165035232,-0.582989575655455,0.541965260871177,-1.07569546933384,0.282063474363153,0.415246488779842
"g549",133.121215116818,-0.477864537836709,0.44579347099972,-1.07194153553902,0.283746292669635,0.417140327315488
"g499",83.2857697653771,0.553271631834691,0.516243076224037,1.07172697768945,0.283842679898076,0.417140327315488
"g1143",122.624262165282,-0.566421618843359,0.528955284066341,-1.07083081671667,0.28424550781615,0.417291635108359
"g1044",689.260893047866,0.334153992499243,0.312307374712579,1.06995229557666,0.284640781968765,0.417291635108359
"g278",153.479193922246,-0.52042963362542,0.486499330501594,-1.06974378174137,0.284734653450391,0.417291635108359
"g815",1606.38157945319,0.350404801373743,0.327693495272146,1.06930655148567,0.284931559471508,0.417291635108359
"g757",5.26009139337731,1.32569936527413,1.24060018289,1.06859517156115,0.285252125193969,0.417400041446318
"g284",85.854379781606,-0.631564562094575,0.591635663537918,-1.06748899874948,0.285751078804132,0.417769064262
"g150",95.109038834522,-0.49785771021963,0.467745856374793,-1.06437652719837,0.287158162830087,0.419463994539549
"g360",96.2526373546401,-0.543065893008339,0.5106622924094,-1.0634540695105,0.287576083771412,0.419712336056034
"g1507",40.6179243211611,0.505797949299331,0.47798585444373,1.05818602077245,0.289970643162833,0.422817191211454
"g926",9.33219832239061,1.69235391117512,1.60006756757292,1.05767652908695,0.290202939272126,0.422817191211454
"g460",2277.91556666101,-0.455565083083867,0.431401624968941,-1.05601151390347,0.290962954553049,0.423539906824805
"g847",72.0084793216075,-0.538806650233061,0.510906873373992,-1.05460834119303,0.291604487350173,0.423539906824805
"g469",340.764453707954,-0.400498364352458,0.379792470374027,-1.05451896915713,0.291645380568232,0.423539906824805
"g1042",355.534337307538,-0.358140654338298,0.339662876476087,-1.05440034558358,0.291699664121514,0.423539906824805
"g1154",664.307469532004,0.432793168049704,0.411593759382574,1.05150566106476,0.293026410750994,0.425065828334238
"g1095",332.296593698108,-0.415263262580735,0.395156825858958,-1.05088216982731,0.293312710414371,0.425065828334238
"g617",5.69737142368971,1.03009589348963,0.980608294963208,1.05046622466953,0.293503811767705,0.425065828334238
"g550",5501.66546366959,0.385060816924717,0.367005889793331,1.04919519722573,0.294088288666235,0.425548267275158
"g1465",155.413449373093,0.508259649155486,0.485071160201768,1.0478043034842,0.294728779359707,0.425838553172882
"g1898",7677.41207712594,-0.600011478665721,0.572946783181205,-1.04723771260961,0.294989955748766,0.425838553172882
"g1974",4073.37128003585,0.785868730828585,0.750503773255654,1.0471216252778,0.295043486634253,0.425838553172882
"g1464",35.9957071550985,-0.91300164463498,0.874779849711805,-1.04369304452516,0.296627428902196,0.427759997556574
"g49",1084.34198150336,0.441716194159433,0.423820645871888,1.04222434291923,0.297307679505831,0.428376086300742
"g1836",307.146370770272,-0.455216860535608,0.437211039760791,-1.04118336258085,0.297790455793575,0.428706838145002
"g1803",806.942222274034,-0.288365724890197,0.278265087490088,-1.03629861543615,0.300062851897851,0.431611221973715
"g1228",835.330597245596,0.294713998432373,0.286417615865649,1.02896603458432,0.303495635867523,0.435919593768996
"g1810",521.837024963125,-0.519147356717368,0.504804536183767,-1.02841262212505,0.303755773634094,0.435919593768996
"g1145",1126.63580635816,0.543345822609745,0.528416162086105,1.02825360311596,0.303830549703139,0.435919593768996
"g1007",467.465739962692,-0.750137007776114,0.732523465545501,-1.02404502116188,0.305814010594913,0.438393835679245
"g1136",574.106053407528,-0.574693186217671,0.564534851407236,-1.01799416773847,0.308680727759096,0.441534359935421
"g330",898.569654476856,-0.428497006039661,0.420976864624199,-1.0178635503454,0.308742805746287,0.441534359935421
"g1654",209.54952897384,0.588529836350894,0.5782541385097,1.01777021063382,0.308787171980826,0.441534359935421
"g163",795.026211426587,-0.350394741043931,0.344519902865875,-1.01705224612333,0.30912857579547,0.441649517993021
"g694",18.9072790185034,-0.946084906806912,0.93125218203507,-1.01592772082362,0.309663807087827,0.442016061596702
"g79",48.5202165497999,0.506310417467236,0.498763177014301,1.01513191189878,0.31004295157197,0.442016061596702
"g476",10608.6715167318,0.544040056564994,0.536069366041583,1.01486876704459,0.310168388172996,0.442016061596702
"g1728",3.4444234235556,-1.3944680459739,1.38145301298743,-1.00942126360007,0.312772644959196,0.445352470913305
"g98",12.6602824657852,1.0963629716103,1.08872832387792,1.00701244522158,0.313928793625987,0.446623065217476
"g1892",141.175667943103,0.396983969970288,0.394623931821206,1.00598047396211,0.314424962917813,0.446953368782416
"g334",10631.0371917114,-0.29315021342691,0.292165534367968,-1.00337027795244,0.315682239152398,0.448364119869975
"g679",1086.24723943754,0.660110660747648,0.658470901654214,1.00249025293193,0.316106871796505,0.44859089182857
"g1753",1055.48720529971,0.743213568192345,0.7426088506948,1.00081431496134,0.316916587553462,0.449363302117262
"g1220",64.4500957898456,0.402608671429547,0.403768910134881,0.99712647834885,0.318703122074789,0.451518314370391
"g1750",109.567160772594,-0.652071908051118,0.655104070270507,-0.995371480109814,0.319555624253295,0.452347551723101
"g1326",201.078186510938,-0.33691778727956,0.339649693184476,-0.991956695502055,0.321218650362508,0.453755900225518
"g1543",401.521786718501,-0.32041407877703,0.323186482591941,-0.991421659121766,0.321479728484388,0.453755900225518
"g1083",193.112004585742,0.292428268879905,0.295082509145997,0.991005091173401,0.321683094270446,0.453755900225518
"g1585",346.641457965635,-0.370700570014996,0.374262669256,-0.990482354951178,0.321938409523066,0.453755900225518
"g174",247.635441645812,-0.519908853632179,0.525105855977492,-0.990102943461489,0.322123804808303,0.453755900225518
"g1327",110.140126459191,0.523141931340853,0.528409299358505,0.990031651554872,0.322158648594845,0.453755900225518
"g324",4.67092974462648,-1.13072865284413,1.1489115414217,-0.984173813281503,0.325030059026739,0.457419692379276
"g793",235.615932779805,0.41194915995594,0.418841113644423,0.98354518345032,0.325339188893798,0.457474457472757
"g474",12.6097102730246,-0.84954929839794,0.86459069765398,-0.982602867117522,0.325802932767963,0.457746361142043
"g969",21.4638910549436,-0.639410457455269,0.651118762937356,-0.982018172185258,0.326090895738185,0.45777105015319
"g642",133.766332447032,0.373268585076666,0.380323776161415,0.981449513475184,0.326371119497773,0.457784842841532
"g411",1754.68316154493,-0.336633675243479,0.343425166075482,-0.980224248241287,0.326975437630185,0.458252827738331
"g726",203.011409175481,-0.481227185593183,0.492349657651887,-0.977409404300697,0.328366509063239,0.459821753386323
"g1400",11.6367043561438,-0.953781792393322,0.976968127196302,-0.976267050932849,0.328932143475451,0.460233156118958
"g1329",98.8592899117725,-0.421201027542948,0.433099458747907,-0.972527254503255,0.330788312856683,0.462448070740186
"g60",10.3808966924784,0.844025934108537,0.871924418184169,0.96800355226462,0.333042595623409,0.464900031652662
"g702",138.566400058428,0.487462517844216,0.503625971869289,0.967905837014166,0.333091398933656,0.464900031652662
"g1033",1151.34593420342,0.314953616046819,0.325606604187897,0.967282641064212,0.333402759100968,0.46495129419929
"g1341",29.3938762248202,0.686175493315131,0.710914890789718,0.965200619940447,0.334444336513782,0.466019968492044
"g747",57.4903689221751,-0.450133247486642,0.467229159538972,-0.963410006196533,0.3353418067738,0.466886249069115
"g772",8.10536888314721,-1.39617451524464,1.45096709726168,-0.962237198816955,0.335930467276742,0.467321512818016
"g1391",673.079671742805,0.358710341433967,0.373057138217033,0.96154262896125,0.336279402146065,0.467422847153767
"g236",2.09220232914745,-1.84222996450812,1.91779899011392,-0.960595961310151,0.336755360154068,0.467700430468283
"g864",96.3396498179196,-0.475544424012605,0.496568847931208,-0.957660606366682,0.338233927289219,0.469368884344793
"g1725",135.144885358963,0.405048002560093,0.424285514023339,0.95465904249046,0.339750148592757,0.471086815370628
"g1063",474.151142431689,0.356910332985933,0.376712172229751,0.947435095801094,0.343417114574724,0.475781648915718
"g989",758.488445013069,0.293734687580709,0.311198929172629,0.943880778644219,0.345230575421695,0.477612348093948
"g209",1423.71669404936,-0.316452643522165,0.335317749543856,-0.943739614000887,0.345302725379204,0.477612348093948
"g171",278.901529744959,-0.392169512363435,0.417694449805003,-0.938890886739136,0.347786768654953,0.480655509659457
"g528",911.083475425827,-0.433762944697184,0.463050953389072,-0.936749922492268,0.348887210062483,0.481783072296724
"g153",769.980119911075,-0.285510638532424,0.305936871349946,-0.933233831125384,0.350699250716253,0.48361385466853
"g1734",1237.93116807,0.291118441081874,0.312151319583686,0.93261960727937,0.351016406138708,0.48361385466853
"g1031",448.904733491772,0.326828157486533,0.350479967547301,0.932515943132825,0.351069951203558,0.48361385466853
"g306",821.201469943623,0.348315669007149,0.374134686005183,0.930990047264221,0.351858712538024,0.484306341729166
"g1214",3.93326110206023,-1.30765070567403,1.40707804112376,-0.929337725027447,0.3527140902999,0.485089321590358
"g1847",672.478185664747,0.402958553925044,0.434697619866118,0.926985875950162,0.353933867612764,0.486371783984099
"g1891",9.42339678793678,0.939385922664459,1.01560951255073,0.924947936244871,0.354992989986856,0.487431575059
"g1698",310.223782718552,0.383398477603807,0.415464551918652,0.922818747913003,0.356101669020715,0.488490338490875
"g1917",6.58616386009977,-1.13036859717579,1.2255186240226,-0.922359379138207,0.356341150641601,0.488490338490875
"g101",11.1623657499791,1.06788855464441,1.15864632795726,0.921669131362237,0.356701186678767,0.488588275928117
"g2004",210.343284985613,-0.359618317525117,0.390462359747477,-0.921006362195047,0.357047105382871,0.48866673355958
"g113",52.2351927074908,-0.460605293492448,0.50189006663474,-0.917741402177743,0.35875426667466,0.490606602164943
"g1067",187.009113485662,0.327606745007199,0.357638045029266,0.916028788213486,0.359651795830439,0.491437038208985
"g832",144.351485867891,0.342699930045568,0.375477716628544,0.912703776731969,0.361398357071664,0.493425337518006
"g658",656.93323975354,-0.401294341786206,0.441087463388238,-0.90978405666677,0.362936404322455,0.494962315743041
"g1047",584.759724542954,0.318467065714803,0.350172650392411,0.909457278739277,0.363108798672686,0.494962315743041
"g986",763.436158474227,-0.435247267012457,0.479207711091673,-0.908264322418621,0.363738587436748,0.495421905495104
"g1819",7.82190959702171,-0.956712848218062,1.05545191114948,-0.906448544089628,0.364698488539102,0.496330016958762
"g1535",1066.10261126838,-0.254208218091833,0.280773985198722,-0.905383801536719,0.365262094241265,0.496559005857853
"g993",745.665985711509,-0.279980002460555,0.309362401292959,-0.905022721864059,0.365453349851675,0.496559005857853
"g1577",596.861089130076,0.32585245502028,0.361320702951821,0.901837210982429,0.367143349627145,0.498455245323782
"g1945",324.659641266639,0.242415671664641,0.269734096088576,0.898720907663953,0.368801337668308,0.500305019769587
"g1434",27.4694970611611,0.805902600806872,0.90462809983839,0.890866203416459,0.373000953283402,0.505596968702001
"g581",2843.20255168681,-0.453348471971749,0.511789584611263,-0.885810273603156,0.375719772799477,0.50848980620967
"g745",238.660513988372,-0.318360577987305,0.359412495422387,-0.885780494674128,0.375735822544771,0.50848980620967
"g1864",27.6343496071141,-0.485196004919668,0.548741058158377,-0.884198471585172,0.37658908328499,0.509129662129139
"g1620",278.63715175964,-0.35662873079108,0.403522444067313,-0.883789082947736,0.376810080713415,0.509129662129139
"g610",5.19023516472447,-1.30865881169889,1.48314264776363,-0.882355324130261,0.377584687236696,0.509769438191169
"g909",2237.11998424674,-0.715348817174923,0.815812062291745,-0.87685491578219,0.380565446675083,0.513323414504496
"g1660",49.0853355072669,-0.429223770452686,0.489769043337913,-0.876379951512259,0.380823513654842,0.513323414504496
"g933",14.5240319588821,-0.695198301869959,0.794051773895549,-0.875507523217758,0.38129781856782,0.513553863830803
"g9",1093.60650379275,-0.299888739336763,0.344937513709404,-0.869400188201644,0.38462828019603,0.517627725255865
"g1502",10.867565629587,0.681101355667751,0.787154138487982,0.865270627905299,0.386890268148952,0.519539068882623
"g1207",16.7728834225892,0.563456853747167,0.65126454176745,0.865173547170273,0.386943542072332,0.519539068882623
"g773",4.2539165066363,-1.20860899346327,1.39719273700897,-0.865026679175695,0.387024145706022,0.519539068882623
"g1788",9012.50708643926,0.355700473922882,0.411419961582329,0.864567855567463,0.387276021813273,0.519539068882623
"g1264",409.941593620967,-0.409476676095959,0.475059362903744,-0.861948438597403,0.388715892088325,0.521057803092268
"g1768",342.95325322781,-0.277496786037882,0.322203734578557,-0.861246336579084,0.389102384537578,0.521163241314968
"g1703",748.097419353287,-0.321264806129049,0.373953036127817,-0.859104687197248,0.390282761578169,0.522331000278134
"g1132",104.016909855338,-0.331161630231599,0.388266835761847,-0.852922783327096,0.393702126224777,0.52615329929623
"g1590",3.57125894667804,1.25198098005856,1.47035064530759,0.851484633311162,0.394500195894448,0.52615329929623
"g1664",4.3133542567866,1.13707786626919,1.335514721074,0.851415449284426,0.39453861270234,0.52615329929623
"g1680",2.6803829659216,1.36092091970293,1.59859514048502,0.851323068134699,0.394589914038122,0.52615329929623
"g733",68.4277888267166,-0.482565253866524,0.566964727768495,-0.85113805186055,0.394692669879629,0.52615329929623
"g2013",1164.71246806342,0.530721833721277,0.624570983110752,0.849738217228653,0.395470645745502,0.526775612310884
"g434",5.22813257278472,-1.34651343849845,1.59042257999733,-0.846638783574561,0.397196489513074,0.52853088405281
"g1156",49.4195999542304,0.509095186945995,0.601588914302237,0.846250944528255,0.397412767512834,0.52853088405281
"g134",546.351125591201,-0.40352118263419,0.478139716794898,-0.84393989551653,0.398702992985821,0.529830586440342
"g741",49.1207702309238,-0.374609562494092,0.448344247995885,-0.835540021241735,0.403413723149554,0.535670143758585
"g1659",1039.31387849021,-0.305339740882466,0.366209900320553,-0.833783413870553,0.404403043422894,0.536562972190407
"g472",10598.6069947005,0.571271014027099,0.687487027385007,0.830955336277459,0.405998861238383,0.538258474609697
"g1804",654.451724066953,0.488483519042632,0.588860678325206,0.829540054248386,0.406798881542691,0.538897109899668
"g1696",5.13952053817652,1.0825161488735,1.31837614634542,0.82109810001817,0.41159039218884,0.544658784898943
"g1757",92.9961840830459,0.512910619701175,0.625313318828882,0.820245793999366,0.412076000839767,0.544658784898943
"g125",807.681228644091,0.367987273685294,0.44866633567704,0.820180264093137,0.412113351125544,0.544658784898943
"g1159",11.6308059084672,0.584535073855802,0.715470772656534,0.816993644178407,0.413932060244624,0.546635708263766
"g1623",329.076091896552,-0.248190975600049,0.304428560696904,-0.815268367172533,0.414918711458007,0.54717347321231
"g17",5.62725827590249,-0.898170499002355,1.1018450465008,-0.815151369836199,0.414985670174014,0.54717347321231
"g717",100.011024825688,0.344378394876609,0.42308761298449,0.813964730490072,0.415665156242684,0.547642886785109
"g1875",4.12331331838227,0.964549833506516,1.19483562904713,0.807265710912669,0.419513414603421,0.551918014481935
"g365",694.917842555586,-0.231807554375672,0.287181505599689,-0.807181346485437,0.419562011009008,0.551918014481935
"g1934",1416.30232336004,-0.529244418575529,0.656245843191637,-0.806472793795631,0.419970288922882,0.552026163933571
"g1610",519.65624834582,-0.338802585845773,0.421037976753136,-0.804684148585534,0.421001969118797,0.552952935390321
"g1316",321.530195353972,-0.271753465153497,0.338395245694521,-0.80306525759767,0.42193701720587,0.553751449712821
"g1106",225.156444312188,-0.366399876801043,0.457039438273126,-0.801681093836114,0.42273745491653,0.554311230356007
"g350",17.4806716857936,-0.580925928547882,0.725073721262234,-0.801195673643482,0.423018375440024,0.554311230356007
"g7",1853.34698043824,-0.352480349018815,0.440398902843157,-0.800366092520325,0.423498720407599,0.554511472273832
"g960",948.146819558469,0.230401335813033,0.288595372203721,0.798354228807216,0.424664956754367,0.555608788087437
"g1499",12173.3230173236,-0.342565063469808,0.432241387367254,-0.792531843274757,0.428050632039484,0.559605961423047
"g448",38.8861518564468,0.511810448679239,0.647943043932634,0.789900367743513,0.429585956608047,0.561179802883814
"g627",72.4745607949951,0.393344771143016,0.500444209168073,0.785991253244601,0.431872611453193,0.563731943862957
"g185",271.802868158222,0.390667235472573,0.498363599557401,0.783900019623275,0.433098778268096,0.564896942687123
"g719",185.204138897849,-0.300855700537985,0.384971603109103,-0.781501020096594,0.434507876980753,0.566298564840966
"g313",109.298382850964,0.316709818762286,0.407693528225066,0.776833078859783,0.437257257913509,0.569443490498131
"g367",92.4230955464825,0.345536390137835,0.445599852384787,0.77544098878977,0.438079122637273,0.569556878009404
"g1101",248.773166411846,0.317911555048848,0.410059748013087,0.775281057429469,0.438173600071422,0.569556878009404
"g65",6.90281040178248,-1.0108380776732,1.30434684706593,-0.774976441233435,0.438353580653428,0.569556878009404
"g1432",8.07970899671653,-0.82069516102528,1.06297638266512,-0.772072808398257,0.440071306078662,0.571350246312251
"g471",4324.45297500091,0.620688420301384,0.80600184211512,0.770083128684378,0.441250583199949,0.572038213621672
"g859",740.663144908156,0.21864729438759,0.284144953417962,0.769492091122841,0.441601237812972,0.572038213621672
"g82",59.4819756802586,-0.450281958413073,0.585185200950336,-0.769469148710219,0.441614852453352,0.572038213621672
"g1105",283.580576609707,0.325398951553537,0.423897095268696,0.76763666273126,0.442703074602799,0.573009407723654
"g282",597.45435335441,0.229018562959277,0.299428604116247,0.764851987455298,0.444359686681092,0.574514319367992
"g1482",949.836896471882,-0.199149530761432,0.260482209938833,-0.764541773536846,0.444544452671039,0.574514319367992
"g1280",203.422692889723,-0.330149795734787,0.432899800429361,-0.762647142381069,0.445673861703414,0.575534590285187
"g1478",575.98100438857,-0.320614070302191,0.423499558299809,-0.757058806836387,0.449014631681804,0.578937832447398
"g1924",1490.18145063676,-0.285139143898515,0.376865186577179,-0.756607811106799,0.4492848602597,0.578937832447398
"g994",394.789716459525,0.358653041888633,0.474080194588594,0.756523993160844,0.449335092637851,0.578937832447398
"g1440",366.166152997584,0.282877014920713,0.374305646529749,0.755738037999997,0.44980627317353,0.57910419808577
"g328",689.588033625124,0.29608603009109,0.394776644882732,0.750008983381076,0.453249294307345,0.583093507038248
"g977",1794.9934104626,0.227360394366004,0.304236688226227,0.74731419044682,0.454873928692341,0.584739226481498
"g2000",281.489727119169,-0.514981450183549,0.69608760150003,-0.739822759482848,0.459407547129171,0.590119102647713
"g800",3.77519623534222,1.07009763052158,1.46346321478022,0.731209107078434,0.464651438326657,0.596402490589106
"g530",7.5547736599425,-0.693540908229597,0.952062188528638,-0.728461771285579,0.466330962050861,0.598070903382241
"g1540",23.0846277906237,-0.712673446177745,0.979044183478724,-0.727927766901679,0.466657804706403,0.598070903382241
"g231",266.813736920929,0.214085571113305,0.296370011010459,0.722359088840975,0.470073732824377,0.601325419221092
"g629",107.674810879964,-0.317781485536087,0.440854091154146,-0.720831431333988,0.471013234442353,0.601325419221092
"g251",20.3378837741468,-0.55347236805745,0.767874852235537,-0.720784599790069,0.471042051962508,0.601325419221092
"g1290",612.916980623371,0.409052555253149,0.567704397246348,0.720537937062421,0.471193850501847,0.601325419221092
"g1519",1264.47755576899,0.200072908106648,0.27776181703742,0.720303856882151,0.471337930576536,0.601325419221092
"g830",1.70853796425977,1.51309506654006,2.10071696301584,0.720275550290135,0.471355355380908,0.601325419221092
"g1253",41.8576445551109,0.383931831132979,0.533429358649694,0.71974259554227,0.471683494817253,0.601325419221092
"g187",111.996216098343,-0.338196443465204,0.472926391962783,-0.715114337479855,0.474538395287153,0.60450978421456
"g1643",112.320375842473,0.318147116650775,0.445830244584314,0.7136059531973,0.475470875318975,0.604955815948967
"g393",279.438826140302,0.232404242755268,0.325773519827462,0.713392061080827,0.475603184304829,0.604955815948967
"g915",34.9919858049406,0.429223360177033,0.602926027728609,0.711900532465047,0.476526372417329,0.605389746994719
"g917",512.467538617442,-0.271904252849104,0.382056712675186,-0.71168557920423,0.476659499553432,0.605389746994719
"g1559",313.873458661753,-0.22363650331509,0.314668794582455,-0.710704420537924,0.477267419769299,0.605707452525805
"g648",103.195099901914,0.256456968371632,0.362005178591063,0.708434529499749,0.478675455944979,0.607039360984907
"g72",204.019229766604,-0.311560709580761,0.440190860009018,-0.707785503711682,0.479078469901048,0.607095695765325
"g1191",514.444460580991,-0.245042404466128,0.347166525046563,-0.705835346404041,0.480290538055944,0.607865114290476
"g1863",1329.7399950764,0.254480430198282,0.360630936075443,0.705653355665099,0.480403734743448,0.607865114290476
"g797",6.17763830228478,0.668651875382885,0.948881441767783,0.704673783204333,0.481013270132322,0.608181826985826
"g1300",958.104913324705,-0.579198787527099,0.824067178391386,-0.702853848223539,0.482146835206377,0.60898359964838
"g345",2.6485742102927,1.28301338217939,1.82635109590727,0.702500951243457,0.482366808699633,0.60898359964838
"g577",2048.92316105206,-0.205825667354504,0.294063040500793,-0.699937220957726,0.483966511313359,0.61054791628429
"g226",1.64574933818148,-2.10931269667573,3.02163010945286,-0.6980711140245,0.485132721770919,0.611563438539215
"g245",81.6374834954567,-0.358470580445116,0.514952243370832,-0.696123931995323,0.486351220196518,0.612643315321953
"g561",115.421922647987,-0.339921518172122,0.489550543814053,-0.694354285716482,0.487460054797603,0.613583548529622
"g1878",14.5443120909556,-0.442707117126189,0.639405813730698,-0.692372680415831,0.488703317799686,0.61424265359086
"g1218",907.896323517419,-0.292021470558886,0.42177500843526,-0.692363143189194,0.488709305603596,0.61424265359086
"g430",977.817592801062,-0.204653855387885,0.296214626022077,-0.690897198886566,0.489630146566727,0.614366125173005
"g947",1.57609750765713,2.08793576013645,3.02325950927604,0.690624061126805,0.489801822708311,0.614366125173005
"g653",15.192091047315,-0.490721481953457,0.710702408119103,-0.69047392600254,0.489896201407889,0.614366125173005
"g1677",2897.19043882886,0.262776286972398,0.382187990260386,0.687557677553833,0.491731367674821,0.616211106938173
"g1931",245.342307288036,0.242506617674016,0.354919478134536,0.683272214161465,0.494434848417595,0.619140679268483
"g1548",22.3329680233234,-0.683536099083263,1.00790113670243,-0.678177724176005,0.49765901465539,0.622717451449797
"g1971",271.909581442625,0.236228565828906,0.3497495665529,0.675422040282004,0.499407666444459,0.624444002430183
"g1321",29.0756483390135,0.482877781154866,0.720497892574073,0.670200129843159,0.502730221117276,0.628134512436567
"g1901",222.184550790602,0.252437802639281,0.377677157266088,0.668395739013223,0.503881014674813,0.629108081006238
"g1275",247.225498791235,-0.239584318041141,0.359242470581357,-0.666915350107199,0.504826205407098,0.629823703577168
"g1997",9.15511670879767,-0.840757840145811,1.26447277630502,-0.664907822375293,0.506109452188692,0.63095972205851
"g1474",21.2306874200197,-0.42068379374064,0.637832281694192,-0.659552371076659,0.509541127608025,0.634770514378504
"g271",182.964090041272,-0.258300628493057,0.392260996284412,-0.658491746413079,0.51022219884199,0.63501703146147
"g1480",16.9670665399147,-0.801623118551671,1.21813118098408,-0.65807618347317,0.510489178865364,0.63501703146147
"g712",493.517107879417,0.250779621670284,0.38348620528063,0.653946917039079,0.513146005558008,0.637853294720784
"g1342",5.35773841378847,0.699343378886366,1.0742856375606,0.650984574711787,0.515056444340617,0.639612138924681
"g276",3.38133718447288,1.13261700326105,1.74092980704393,0.650581659684608,0.515316572648119,0.639612138924681
"g1852",52705.2941295054,-0.459611843370627,0.708409916545162,-0.648793632946449,0.516471773448899,0.640576346116473
"g654",382.646857133373,0.234083096337196,0.361570850667424,0.647405884365683,0.517369288543856,0.641219769769215
"g862",143.588494422128,0.273377477299972,0.424903256950345,0.643387577826732,0.519972641829946,0.643548164574986
"g906",599.50556318185,-0.243007603933027,0.377732363812563,-0.64333275941802,0.520008203862127,0.643548164574986
"g996",271.906154079098,-0.30668712970009,0.477156866217178,-0.642738586434804,0.520393738752188,0.643554857346569
"g1495",1694.27154152051,0.464707171575217,0.725076290432551,0.640907967488485,0.521582479007618,0.644554114569268
"g880",185.989871644904,0.246222137148643,0.38528375112415,0.639067016011539,0.522779336199207,0.645561937407189
"g675",22.3724309467037,0.358189140627121,0.563500797192869,0.635649749585934,0.525004735688146,0.647837476326554
"g1779",93.0308294778152,-0.391482900861063,0.616789500955073,-0.634710708037132,0.525617108575515,0.648120731841477
"g1814",1084.58479127704,-0.31308797643862,0.498106846065943,-0.628555858871234,0.529639866224015,0.651879060121996
"g1880",8.52437688801728,-0.959154661813604,1.52599686917307,-0.628543007649397,0.529648282019405,0.651879060121996
"g1932",236.341448091706,0.350072692232054,0.557191705360398,0.628280516138737,0.529820192987517,0.651879060121996
"g1089",231.981568286871,0.212856559950776,0.339145723924729,0.627625663350596,0.530249192831185,0.651933103459111
"g140",312.607482147502,0.333856330868643,0.532460513445682,0.627006740289862,0.530654816902538,0.651958349068213
"g1674",111.418097691275,-0.257903762381638,0.412725777270199,-0.624879221471055,0.532050330687256,0.653198846884355
"g795",68.1030849033536,0.329511815891871,0.528206687623719,0.623831207768817,0.532738442154994,0.653569697513336
"g1420",560.156234897778,-0.20568064849788,0.332048729899867,-0.619429107769529,0.535633710574506,0.656032700442198
"g514",702.459752002746,0.189951970039089,0.306830788694968,0.619077279848626,0.535865450001317,0.656032700442198
"g1335",476.596362848886,-0.171604546876199,0.27722338138922,-0.619011809235771,0.5359085792744,0.656032700442198
"g860",965.023297075442,-0.204843594112768,0.331403900857102,-0.61810857863467,0.536503767774718,0.656286762169506
"g5",193.341447427092,-0.221342879979024,0.359032704855594,-0.6164978203533,0.537566010031703,0.657071702226106
"g1744",4.13609556715476,-0.889545507933255,1.44416380704326,-0.615958870866931,0.53792166526012,0.657071702226106
"g1884",347.451070801524,-0.327457542072163,0.533295573347774,-0.614026364435281,0.539197905471122,0.658155770701233
"g213",299.345642811221,-0.301701889560073,0.492656554733186,-0.612398001531655,0.54027446371827,0.658994716912846
"g300",1886.40390377111,-0.172373802607633,0.281750531207964,-0.611795838923906,0.540672843126978,0.65900584839019
"g1712",11.4540886538576,0.580029571368444,0.950358488257395,0.610327132903294,0.541645126750151,0.659715970926623
"g475",4307.83166580642,0.642421415485743,1.05710038534782,0.607720349353925,0.543372964230788,0.660989193968224
"g788",999.800174959169,0.417437583610792,0.68705854381643,0.607572072813528,0.543471327822662,0.660989193968224
"g1840",8.91103110656617,0.547597921872247,0.909060253942468,0.602378026646079,0.546922533118325,0.664709151880348
"g1142",322.121790789705,0.21604611155858,0.359690674108292,0.600644184323597,0.54807700235592,0.665551575103275
"g495",293.538328533645,-0.229780001045002,0.382866781926594,-0.600156534575144,0.548401918056154,0.665551575103275
"g1609",1089.4157862538,-0.199008473732184,0.331973040715035,-0.599471792358622,0.548858314835213,0.665628314481387
"g1283",4.01017694500535,-0.87987991889716,1.47608419928504,-0.596090601961148,0.551114702142084,0.667630556212634
"g1926",43.6102665543502,-0.422271021769323,0.708726957454216,-0.595816227008131,0.551298002117698,0.667630556212634
"g704",15098.240981555,-0.405437501847281,0.685934712145372,-0.591073020024324,0.554471496359428,0.670993740769486
"g286",613.653383583837,0.186752304440192,0.31639147120739,0.590257075285629,0.555018312520705,0.671175716498253
"g1267",1089.03536789141,0.179174936635381,0.304278902770377,0.588851001512239,0.555961229418042,0.671836089510881
"g1269",562.6053605655,0.201736510492236,0.343642227351638,0.587053902097443,0.557167506042399,0.672813543316534
"g155",10.6286076529461,-0.464190971127947,0.793945846360331,-0.584663265455607,0.558774158922768,0.674272737745008
"g703",502.167734219859,0.182309260838986,0.312179667163835,0.583988260655387,0.55922821020061,0.674339999907145
"g1112",38.9257111212151,0.300267217381813,0.515241934399967,0.582769369755382,0.560048567364702,0.674525354995503
"g766",2.12807584387401,-1.21507590862953,2.08569509618921,-0.582576001089326,0.560178764987405,0.674525354995503
"g2007",759.454755021434,0.233812931665089,0.406124299505882,0.575717660700335,0.564806036117756,0.679613801810491
"g1669",29.9207131761517,0.757685901857575,1.31747937548007,0.575102666469813,0.565221864692393,0.679631119974589
"g157",180.586065555399,-0.227777722629787,0.397882051205636,-0.57247549101446,0.566999885426909,0.681285171062993
"g963",43.2461672740624,-0.296869655916329,0.520908846215729,-0.569907111528267,0.568740701238801,0.682337903288273
"g1200",1416.98741660559,-0.206880304882722,0.36318655492825,-0.569625450269196,0.568931763046771,0.682337903288273
"g1667",6.1562612367286,0.746355797417554,1.31134810942965,0.569151541113037,0.569253303274563,0.682337903288273
"g104",21.0754844263847,0.467692369832299,0.822552100263036,0.568586925597467,0.569636499628826,0.682337903288273
"g444",647.178696427285,-0.179445475320568,0.315807401747757,-0.568211746550183,0.569891196249036,0.682337903288273
"g1713",65.0729801146227,-0.39739459015387,0.70057708037114,-0.567238925291911,0.570551865247546,0.682623496367371
"g1213",3.04918682589603,0.887452415691842,1.56607403342938,0.566673347969704,0.570936131633903,0.682623496367371
"g1298",120.995964184272,0.28932629406259,0.512565026700798,0.564467489959044,0.572436019146587,0.683290527455247
"g674",599.471201272171,-0.276633969887455,0.490084363402846,-0.564461938688838,0.572439796128323,0.683290527455247
"g1404",128.734828273318,0.256774779047519,0.455215945990546,0.564072461233271,0.572704818936205,0.683290527455247
"g1902",11.2950100991966,0.492356888940116,0.875400949309503,0.562435863621665,0.573819089964881,0.684137830500383
"g1949",128.986964253406,-0.208233665111451,0.371270339417989,-0.560868033352416,0.574887503414826,0.684929305616679
"g787",1158.05114907778,-0.198066782362081,0.354120986413872,-0.559319526266637,0.575943671510383,0.68570508851412
"g1247",14.0590305151406,-0.422307324313517,0.76445416896907,-0.552429879325576,0.580653864019281,0.690357491509751
"g875",478.94825553806,0.231185777484277,0.418503330594718,0.552410842598907,0.580666903667977,0.690357491509751
"g1862",67.196485188475,0.270723893324832,0.492027055865275,0.550221558139195,0.582167418831764,0.691568189825946
"g1163",787.646506770693,0.152053438150165,0.276594843073346,0.549733452947438,0.582502208323567,0.691568189825946
"g1268",38.5338421363015,0.245986865463836,0.450151504417117,0.546453500766047,0.584754242638096,0.69355227509448
"g1871",7840.99665830861,-0.41820791360733,0.765799130835469,-0.546106539910897,0.584992704568764,0.69355227509448
"g812",501.360750849663,0.165349493142641,0.303268273104777,0.545225161372267,0.585598668349957,0.693784846407612
"g347",6062.40602430757,0.192261550939971,0.353486165228288,0.543901204212067,0.586509460254248,0.694377983363946
"g487",234.207424752642,-0.339257423364559,0.62748250093173,-0.540664357748313,0.588738949617316,0.695913968853286
"g1430",506.373232168179,-0.19891515423974,0.368430813575694,-0.5398982574482,0.589267199685532,0.695913968853286
"g310",396.872486569998,0.214640437346879,0.398060055209953,0.53921621759729,0.589737671341991,0.695913968853286
"g1879",178.01067089907,0.242953084298351,0.450581494738847,0.539198984279558,0.589749561141119,0.695913968853286
"g1941",251.08773934553,-0.222733726191961,0.414085986737795,-0.537892450663874,0.590651300632521,0.695913968853286
"g1194",27.3434446793767,-0.334607443494255,0.622074887240738,-0.537889328692294,0.590653456105246,0.695913968853286
"g61",491.269759082904,-0.236363815968079,0.439464738659292,-0.537844780651051,0.590684213373994,0.695913968853286
"g1045",1890.19868819746,0.379307994987876,0.707085124918121,0.536438940123085,0.591655225098718,0.696573223986182
"g1120",494.458590977537,-0.188892643802192,0.356447843115131,-0.529930668541543,0.596160001630347,0.701098486664735
"g950",47.7263961276697,0.274331873252491,0.517910577151433,0.529689651756773,0.596327123920389,0.701098486664735
"g225",3.41532333278388,-0.925658660239562,1.75962968505234,-0.526053105436232,0.598851309762356,0.703577562406432
"g407",1106.26059005136,0.217104222207677,0.413348561546837,0.525232799638221,0.599421366311784,0.703655467677715
"g343",24.60000037319,-0.293252355626842,0.55882958966058,-0.524761682367171,0.599748871741844,0.703655467677715
"g571",1.54323495925728,1.31893460958897,2.51990952825085,0.52340554087451,0.600692069134128,0.704274011803378
"g846",611.293613866144,-0.221931002228401,0.425824908580716,-0.521179005164593,0.602242078188049,0.705602656313056
"g858",1290.09045972497,-0.143236346039643,0.277870619069036,-0.515478558040913,0.606218649262005,0.709770520885598
"g233",3750.07271781846,0.229544113921252,0.451265127984773,0.508667964099804,0.610984981286557,0.714856650530851
"g723",12.4600526668032,-0.462952884210845,0.911456014063678,-0.507926742560834,0.611504719414314,0.714970642243393
"g1718",3643.65279287455,0.270006502535452,0.532367426650217,0.507180734618564,0.612028011337034,0.715088628843063
"g1972",14.6383104188398,0.556849896204676,1.10180823670483,0.505396381742473,0.613280459682176,0.716057805684085
"g884",349.57587492135,-0.173401409504362,0.344533314217103,-0.503293592662842,0.61475787059652,0.71707353924501
"g871",21.6417471427622,-0.346258601671663,0.688451580098575,-0.502952729982964,0.61499750678308,0.71707353924501
"g731",13.5434853757302,0.514311591404372,1.02534210446829,0.501599992005673,0.615948925034739,0.717688596065942
"g1208",3777.8193726273,0.32090600535731,0.644476774418589,0.497932614634272,0.618531538460257,0.720202128344715
"g419",344.475238416172,0.166886826242297,0.336531776020163,0.495902135055139,0.619963459733594,0.721373290260464
"g1130",1133.2018006027,-0.283184513869309,0.572068249706125,-0.495018756966118,0.620586880321441,0.721602739274862
"g1343",473.78047962556,0.151853209134854,0.308195172582309,0.492717675823748,0.622212086435811,0.722995924732895
"g1139",7.26286502201937,-0.42780688958507,0.873552267851603,-0.489732446848555,0.624323238473057,0.724951469639839
"g1765",8.62417280876364,-0.526923602978308,1.07861477998811,-0.488518804632103,0.625182409391001,0.725451555242608
"g450",68.3727392438933,0.259066962752867,0.534781130252407,0.484435497248365,0.628076831288642,0.727758451036541
"g467",82.5822220373743,-0.189045878009769,0.390253612965645,-0.484418008517993,0.628089240396437,0.727758451036541
"g1333",1231.23500173371,0.245492803319143,0.507326087420101,0.483895485382084,0.628460044545436,0.727758451036541
"g631",105.871323189042,-0.237247964702278,0.492009305035236,-0.482202190638015,0.629662320812918,0.728652296060334
"g1861",2.23330039789514,-0.976551794932248,2.04673283597289,-0.477127145159644,0.63327158602918,0.732328411985931
"g303",273.141713838544,0.216494073551968,0.455250117948911,0.475549736323765,0.634395191781358,0.733082838868739
"g930",110.475609424751,-0.184883039014106,0.389230911071041,-0.474995776942192,0.634789983332293,0.733082838868739
"g1075",153.417331945721,-0.211610750394457,0.446705312484976,-0.473714425327266,0.635703565173214,0.733637447742502
"g14",618.450111135747,0.143847471307687,0.304273350527197,0.472757377727794,0.636386285731325,0.733925055683333
"g1542",7468.50690803406,0.333422899054747,0.710095268252726,0.469546712901177,0.638678903316501,0.736067653720106
"g814",404.368617454401,0.142400308253082,0.304933611173479,0.466987905023264,0.640508531513887,0.737674111464633
"g1806",141.683015092626,0.215056166142569,0.462965814991892,0.464518457256581,0.642276338848981,0.738975017537514
"g216",4100.20869537296,0.161272576958639,0.347427353560081,0.464190787818178,0.642511060729605,0.738975017537514
"g81",481.498122121966,-0.196662010204427,0.425722519829289,-0.461948807132136,0.644118032265722,0.740229288300996
"g843",524.331379530281,0.142143850575848,0.308037639120218,0.46144961694234,0.644476060812563,0.740229288300996
"g1563",81.5849251733905,0.193756069538504,0.422059827062163,0.45907252269704,0.646182087636144,0.741280569282895
"g1536",47.2079786629464,-0.249300108447682,0.543191686790808,-0.458954204399839,0.646267052723894,0.741280569282895
"g1061",22.4590668327769,-0.353605187642466,0.773569946773293,-0.45710822805025,0.647593256506194,0.742298837687872
"g1772",755.33134815753,-0.153548002071383,0.337573351010132,-0.454858185967335,0.64921126660037,0.743649982648462
"g1296",1741.87271023926,0.111577338767449,0.247369967246105,0.451054507584756,0.651950264260786,0.746282486405349
"g1009",823.629504403868,-0.23129457741445,0.515409898510461,-0.44875850867997,0.653605872637631,0.747672123226696
"g1552",2725.58619574795,0.214983844970916,0.479998119205448,0.447884765312798,0.654236363825658,0.747888024278757
"g1746",392.307943510463,0.151133809207935,0.339721468713495,0.44487564998547,0.656409620523091,0.749866050975434
"g769",18.7957440026185,0.383514922345909,0.866759886280404,0.442469625574988,0.658149405470323,0.751346556615817
"g1826",128.493881504652,0.198828517113801,0.450823779565352,0.441033783323265,0.659188539711497,0.752025739711296
"g307",189.288861943134,-0.186829658619724,0.424401965511662,-0.440218646005753,0.659778756248427,0.752192211669082
"g540",197.33229020039,0.207063999202778,0.474939312786,0.435979910755625,0.662851305180789,0.7551865812053
"g1436",351.636258452604,-0.132034120406604,0.303842129782594,-0.434548429808196,0.663890234482382,0.755681742602312
"g1172",11.1272378772471,-0.338415386827253,0.779487367177338,-0.434151214089222,0.664178637325599,0.755681742602312
"g1270",255.475449709368,0.143589420689081,0.333123563387733,0.4310395194769,0.666439635561225,0.756579036322209
"g429",2.49128954497792,-0.666103286446056,1.54949712915904,-0.429883524087309,0.667280371059662,0.756579036322209
"g501",758.36255753506,0.155477036234403,0.361770099523145,0.429767513786629,0.667364766438303,0.756579036322209
"g380",73.7264155001012,-0.201142201952504,0.468076167246102,-0.429721092479269,0.667398538271862,0.756579036322209
"g1736",4.78158044527741,0.647663877198392,1.50759974171453,0.429599355371228,0.667487106089576,0.756579036322209
"g1059",489.108377619305,-0.194158906645146,0.452187069183725,-0.42937739682746,0.667648600274885,0.756579036322209
"g1162",138.121273412098,-0.20654024312948,0.48173734880843,-0.428740357459006,0.668112187395624,0.756597948669426
"g242",1.91052411074226,1.03083703435035,2.41811663457338,0.42629748276481,0.66989109190347,0.757915647419998
"g53",749.784789587279,0.143524501578724,0.336980674885736,0.425913152519475,0.670171130648397,0.757915647419998
"g971",500.247523347525,0.178615959689888,0.424041084620063,0.42122324031391,0.673592075377777,0.761096725705515
"g1828",399.446022260242,0.122666922097532,0.291491687186179,0.420824769590027,0.673883043019827,0.761096725705515
"g503",484.046957279808,-0.137530293242184,0.332801606722859,-0.413250087932156,0.67942339420257,0.766842537589968
"g1557",502.677105919823,0.163944084969798,0.399951476605012,0.40990993797907,0.68187201495985,0.769093485227866
"g1027",843.543938085442,-0.156978266737869,0.384039481152191,-0.40875554322411,0.682719068088868,0.769536206574203
"g1209",3040.06241297555,-0.300615135757562,0.739712533065208,-0.406394541555052,0.684452729701893,0.77067574016917
"g342",819.606735257221,-0.119611377667368,0.294508472456997,-0.406139003980042,0.684640468525949,0.77067574016917
"g1558",1789.17152433505,0.120123229870845,0.297186653155499,0.404201294356216,0.686064702007109,0.771345416673067
"g1457",280.338545242227,-0.22205237890668,0.549512303402418,-0.404089913058902,0.686146602191163,0.771345416673067
"g806",1.65882601697046,0.750371238973684,1.86749587472152,0.401806102562653,0.687826730618019,0.772623659120934
"g1080",411.252823332071,0.159931631369825,0.398529958650123,0.401303911785042,0.688196383906892,0.772623659120934
"g1591",12.9632970863778,-0.45042926447191,1.12972443424355,-0.398707198692671,0.690108962995263,0.773908299468041
"g1693",2599.37611623369,-0.178013659600227,0.44669901737123,-0.398509181076368,0.690254892024065,0.773908299468041
"g985",161.311431644681,-0.182080164246572,0.459326010550634,-0.396407257730291,0.691804612813592,0.775132501319266
"g836",27.4094999255613,-0.300278925267351,0.761835988986135,-0.394151667299109,0.69346906709774,0.776483551981795
"g659",3.41515917179433,0.556785327146616,1.415139194737,0.393449159783955,0.693987766923794,0.776550753074675
"g4",6.76901393877967,0.409076438774528,1.08471770621323,0.377127096230984,0.706079155468999,0.789232602886603
"g110",603.452679710789,-0.156498456990167,0.415233870482796,-0.376892320484851,0.70625362869061,0.789232602886603
"g1070",149.295080474494,0.216164539072397,0.579476645518609,0.37303408298524,0.709123077290575,0.79191647087925
"g892",4.32117227290995,-0.671451816781637,1.81559492889313,-0.369824681759265,0.711513123667008,0.794061778752963
"g822",135.232988196312,-0.202487664978887,0.5491733517431,-0.368713566192136,0.712341235794602,0.794193083131191
"g1373",2008.273278546,0.10857495155631,0.294713830599667,0.368408063291052,0.71256898598717,0.794193083131191
"g455",263.500727240956,0.208576474250785,0.571133686850264,0.365197289274005,0.714964141614436,0.795882405051876
"g368",2631.75518764717,0.35289968752469,0.967148778117403,0.364886660159593,0.71519601244796,0.795882405051876
"g897",1019.78424839912,-0.116417667092662,0.31940214276569,-0.364486180601691,0.715494991428798,0.795882405051876
"g740",56.6963965846369,0.293393900276404,0.809137876985633,0.362600625457575,0.71690324297895,0.796925272727092
"g852",2047.67684644935,-0.234120690463619,0.651730914024271,-0.359229070503935,0.71942373094522,0.799202346778384
"g1567",26344.4527866584,-0.287590537173554,0.805443671675143,-0.357058534677453,0.721047985615766,0.800481468621306
"g902",815.948140603662,0.0965575035826721,0.273376052597042,0.353203957206151,0.723935541417898,0.803017084627019
"g1554",33.181113605023,0.335116884839549,0.950029485487727,0.352743667389972,0.724280619152663,0.803017084627019
"g1928",44.1677067671689,-0.312078426153182,0.887563487527924,-0.351612510584899,0.725128881539896,0.803063437343551
"g1927",138.126631217262,-0.143216657902587,0.407533666002822,-0.351422888094834,0.725271113820608,0.803063437343551
"g127",1412.63144887097,0.105306310255248,0.304666359969615,0.345644692330819,0.72960975412948,0.807260101289937
"g480",3809.86440510971,-0.246015235896956,0.712869193289349,-0.345105719552534,0.730014893724095,0.807260101289937
"g196",449.346360330428,-0.0978862031722062,0.286062512620758,-0.34218465843505,0.73221192992902,0.808222784758019
"g1556",708.277634612961,0.119950181313853,0.351399713586898,0.34134968435081,0.732840348783268,0.808222784758019
"g781",1765.63872609509,0.211409584819499,0.61958773373421,0.34121008746469,0.73294542979056,0.808222784758019
"g628",226.318045203227,0.123386379928028,0.361861154715407,0.340977135346478,0.733120794726476,0.808222784758019
"g907",442.868073497068,-0.131883603615356,0.387009953157864,-0.340775741138523,0.733272414287251,0.808222784758019
"g1205",1.75623420337248,0.829812213807974,2.45194033188188,0.338430834966969,0.735038540622276,0.809642322233906
"g1134",612.820262777955,0.127397469615307,0.379500526583822,0.335697741349953,0.737098809227039,0.811383799753821
"g1550",637.362574011429,-0.217863363294652,0.651067208695386,-0.334624997826581,0.737907985448329,0.811746731230684
"g1060",440.478018710477,-0.116164377591836,0.365982425266362,-0.317404251057388,0.750936881983383,0.825542948829784
"g1029",512.335220869818,0.242393700049815,0.768908328263378,0.315243951899018,0.752576436740022,0.826808505776026
"g1364",1864.88457945501,0.125539363941906,0.400112119916786,0.313760462862297,0.753702975081317,0.827509167842199
"g1155",501.109956297855,0.106156922859224,0.340006807259037,0.312219992637816,0.754873339099675,0.828257007839112
"g1240",226.077442194245,-0.114843647861309,0.370312025410997,-0.310126703916373,0.756464605911958,0.829465400135327
"g1472",1748.82424418662,-0.0948030982273296,0.310593433128324,-0.305232139882883,0.76018935555146,0.833010083461891
"g1570",221.396412145477,0.118700410253354,0.390345098899018,0.30409094564823,0.761058604740227,0.833423168062875
"g1653",2208.15479651946,-0.108275300634317,0.360646375185272,-0.300225672803987,0.764005023735002,0.83610892384186
"g1629",668.142712856538,0.12954740903653,0.435562962242808,0.297425218088937,0.766141893066213,0.837905830078229
"g83",85.5759838362784,0.184752858433353,0.624529151647133,0.29582743727188,0.767361868397584,0.838698284827055
"g1694",873.534697060419,-0.0924234105107499,0.315478148729846,-0.292962954432368,0.769550468011365,0.839778336047083
"g1303",272.107020534569,0.0967044227329878,0.330800896632237,0.292334221936821,0.770031095690806,0.839778336047083
"g1980",222.734243451299,-0.2101934297864,0.720613784845342,-0.291686662407536,0.77052620784383,0.839778336047083
"g239",166.541859293037,0.113410827170824,0.389098576981502,0.291470680902068,0.770691364155,0.839778336047083
"g590",618.901003674282,0.0848013053195773,0.291124171068999,0.291289125901809,0.770830203317878,0.839778336047083
"g308",39.1498313985624,-0.137551835833065,0.475416762298601,-0.289328956698988,0.77232965519865,0.840870807878658
"g1129",16.8877602383046,-0.257693432410797,0.893965592453813,-0.288258781530354,0.773148656176048,0.841221513435764
"g141",154.250517470515,0.200279033729649,0.696598072025469,0.287510175196589,0.773721712005603,0.841304340671474
"g1619",2.96223951119586,0.55231774827881,1.93415618029412,0.285560056579723,0.775215100231471,0.842387140367061
"g1915",1745.34761530393,-0.145887609447926,0.520547711314194,-0.28025790196947,0.779279646398123,0.846260706447737
"g896",62.7279755606454,0.142912523649429,0.513410988398999,0.278358911045286,0.780736857738467,0.847299679584118
"g1690",677.906366227432,0.117376486775237,0.428579221213142,0.273873489346939,0.784181845356307,0.850480115451103
"g1111",1786.03388456937,0.101412328942798,0.371508364103259,0.272974551158721,0.784872778139761,0.850480115451103
"g1851",13.4816379118736,0.218276785177915,0.800774548859835,0.272582071306717,0.78517449524517,0.850480115451103
"g52",1717.37340701823,-0.0957608837150165,0.353112769892399,-0.271190656016765,0.786244399217138,0.851094480738245
"g1473",1065.40007382729,-0.0786892420032499,0.29314737419391,-0.268428950522336,0.788369157633251,0.852699016169718
"g1366",264.672539173629,0.0774254340617875,0.288949448712388,0.267954946468351,0.788733998418061,0.852699016169718
"g1748",1095.69159086017,0.0828971554326509,0.320705896084455,0.258483415630191,0.79603384655852,0.860041673403685
"g67",1129.05226323669,-0.0988179519533072,0.38620726410114,-0.255867667800854,0.798053021099726,0.861673319337906
"g314",8.64551681099041,0.220845088448681,0.866017914227865,0.25501214792489,0.798713716668272,0.861837044180614
"g611",148.727291105332,-0.0859674473582501,0.338929893366994,-0.253643744740935,0.799770798077572,0.862304491586476
"g355",9.03205328819862,0.247558776717216,0.977979865847956,0.253132794817376,0.800165597331573,0.862304491586476
"g1672",1.77642233897403,-0.605014603380954,2.41694371462416,-0.25032217329688,0.802338210387831,0.863367703413239
"g388",27.7570158378741,0.253951902021498,1.01550569061559,0.250074326878025,0.80252986950033,0.863367703413239
"g1170",109.364988376244,-0.0862897247575113,0.345328107000901,-0.249877502028198,0.80268208220463,0.863367703413239
"g1443",721.128526442372,0.0718342064096132,0.289920195384953,0.247772344090181,0.804310554034248,0.863958243587972
"g919",400.637971270877,-0.169892533554165,0.686300967798444,-0.247548148007362,0.80448403395902,0.863958243587972
"g1524",1.86197955301749,0.593494969126225,2.40097760748178,0.247188881427637,0.804762049697715,0.863958243587972
"g484",71.4951932563138,0.100241720457798,0.406622631768435,0.246522728018948,0.805277612808967,0.863963877367289
"g1580",1186.3648186454,-0.0794293423203633,0.347089953972878,-0.228843679891035,0.81899041584176,0.878119552894299
"g1782",2475.5350538562,0.10886540024885,0.480853247280542,0.22640046805244,0.820889963927442,0.879599182866557
"g580",4.15735144150375,0.405974022427173,1.81083753857003,0.22419130031276,0.822608452543321,0.880883055127035
"g791",46.315838392517,-0.150972268947177,0.678285885353078,-0.222579110382917,0.823863096119377,0.881668913862266
"g84",241.793681159538,-0.0894555593372706,0.414469098283947,-0.215831674080527,0.829118957804435,0.886733035731465
"g1738",534.379855659857,-0.0773040344118182,0.360664674903977,-0.214337693128387,0.830283726106808,0.887418149178552
"g966",18.9563946613841,-0.178641495858865,0.849304600280726,-0.210338547324267,0.833403451745735,0.890190563915161
"g709",103.650651175329,-0.0802255778314433,0.383801281566218,-0.209028947230344,0.83442564110831,0.890466500868255
"g1551",92.9637009304293,-0.0968922302703017,0.464354760193399,-0.208659926798095,0.834713725267526,0.890466500868255
"g1008",5557.97680776962,0.159333042860695,0.77041427040086,0.206814760554463,0.836154528110432,0.89088981508718
"g2010",648.464626675704,0.0917048297783517,0.443438492235364,0.206803945494379,0.836162974703797,0.89088981508718
"g1127",3608.50175814143,0.068577320728355,0.334398460343468,0.205076664102813,0.837512228297872,0.891766165099558
"g1947",89.798423903994,0.0877609080608426,0.432265191843034,0.203025618802799,0.839115008280734,0.892911193601058
"g1602",3.14570476661567,0.319506746025757,1.59751494142787,0.200002352241025,0.841478741468892,0.89486401338369
"g1766",93.0701046305982,-0.0973584393772053,0.491534452761586,-0.198070427881946,0.842989961570889,0.895908352127756
"g491",613.689830665572,0.0794039457644933,0.406783725202975,0.195199416409476,0.845236835910471,0.89773272471545
"g1435",574.03040246521,-0.0686013053782154,0.35341914671427,-0.194107495352191,0.846091712806608,0.898077285129522
"g1198",1114.66176725223,0.053434969616819,0.278817149001422,0.191648791360916,0.848017320868277,0.899557220695485
"g1517",2027.30351222692,0.0869610824579048,0.461546721372229,0.188412306774404,0.850553453052857,0.901682527250148
"g673",129.621570939664,-0.0931474164854978,0.501443810029873,-0.18575843319304,0.852634202620519,0.902931722764862
"g399",14166.616361926,-0.0842836760325337,0.456251111298412,-0.184730894775635,0.853440112679542,0.902931722764862
"g1719",4130.03165638614,-0.100683842486463,0.545864567313295,-0.184448393457778,0.853661708521582,0.902931722764862
"g657",21.2569428490763,-0.168462777653955,0.914618816723729,-0.184189057313962,0.85386514361875,0.902931722764862
"g607",917.445085951329,0.0548887398296729,0.300822708355569,0.182462089147855,0.855220103383934,0.903628649780254
"g1399",573.365909069582,-0.0544263718382136,0.300710056290037,-0.180992855741808,0.856373183698088,0.903628649780254
"g1589",263.498011883453,0.153581301665272,0.849613698470077,0.180766037484836,0.856551222056701,0.903628649780254
"g676",38.7783336930253,-0.0891541563143777,0.49357742811389,-0.180628511832607,0.85665917477691,0.903628649780254
"g997",89.0485329638026,-0.0844105056158988,0.469549556482002,-0.179769109459556,0.857333835575883,0.903777200267727
"g260",2232.76081428922,0.0746994459643101,0.417366627322669,0.178978004167447,0.857954972940937,0.903869178088989
"g295",369.740145698256,0.0696976425283087,0.39124709760582,0.178142260875066,0.858611253420659,0.903881555762348
"g1705",5.40543327495163,-0.210425550597447,1.1848063315801,-0.177603330593969,0.859034508695581,0.903881555762348
"g1793",959.618052633131,0.0541473853105265,0.307003448127251,0.176373866941334,0.860000233973905,0.904335649762622
"g742",21.0822377306475,0.0951640948086651,0.55108496486659,0.172684977590893,0.862899052536329,0.906820667873374
"g548",5.115635154485,0.23207672133033,1.35844095232128,0.170840492502645,0.864349188680834,0.907781126821744
"g1345",1.7623315552367,-0.299455263615409,1.77276128971917,-0.168920240616743,0.865859378266983,0.908723756804191
"g1272",4578.16286941212,0.135150244030235,0.802867733112876,0.168334382434614,0.866320226510315,0.908723756804191
"g1572",12.383993112895,0.149830283424807,0.905263444721993,0.165510144365566,0.868542465899694,0.910490646915283
"g1856",701.897706274334,-0.126992980766415,0.791233907726456,-0.160499922369757,0.872487282773585,0.914060006024554
"g761",31.3292992955312,0.0886726417488555,0.558943020350523,0.158643436844864,0.873949804483729,0.915025985770534
"g319",129.362121071436,0.0648910382030242,0.413334577112246,0.156993974848135,0.875249596594661,0.91582049878539
"g1794",13761.8886887366,0.11185506832698,0.726294415426263,0.154007887092636,0.877603516780987,0.917716339660415
"g1792",35.6749031281849,-0.0839243356696445,0.552561860236963,-0.151882244702256,0.879279812491837,0.918873447128663
"g272",148.514519630258,0.073157312202071,0.48537451281263,0.150723431640738,0.880193888616795,0.918873447128663
"g779",516.266064503737,-0.0487905924460546,0.324103020614452,-0.150540381738976,0.880338293705074,0.918873447128663
"g112",1979.53544528975,-0.0477911131256788,0.327897115693711,-0.145750330937099,0.884118487233046,0.921789322856173
"g721",50.6891313799893,0.0742967265875651,0.511516505859281,0.145247955318189,0.884515104487658,0.921789322856173
"g1706",845.908678640943,0.0471328290348705,0.32597730924864,0.144589294093841,0.885035150479098,0.921789322856173
"g739",126.656534494856,0.0887491314335292,0.615281521983466,0.144241502893555,0.885309769027843,0.921789322856173
"g1307",42.0229019623781,-0.0960507738131897,0.66913301776831,-0.143545111753023,0.885859686090465,0.921794989890079
"g436",3.83312641707255,-0.256571689924828,1.8066423220302,-0.142015764158844,0.887067553895479,0.922484870236515
"g1823",129.683204622734,-0.0589698513118077,0.423527647368952,-0.139234951196555,0.889264490424933,0.924201830748564
"g1663",2.30940809166158,-0.2201045331885,1.59962376616996,-0.137597688808728,0.890558382217711,0.924978736867843
"g483",380.940904883654,-0.0447593138677117,0.339508608748765,-0.131835578581259,0.895114344513861,0.929140763495994
"g311",5.09354496332294,0.13796768244343,1.07432649341441,0.128422489149405,0.897814634745258,0.931372657244928
"g146",575.505212456195,-0.0346425017603517,0.298241950005177,-0.11615569761313,0.907529147194754,0.940507124280877
"g1909",984.248103177343,-0.033228450976322,0.286696941739094,-0.115900960696544,0.907731034302985,0.940507124280877
"g1322",731.647725565005,-0.0505325298009572,0.450785597528847,-0.11209881167005,0.910745059638093,0.943052835454001
"g1638",1670.18320683234,-0.070986050107699,0.639116549143517,-0.111069022078724,0.911561613517559,0.943321400785591
"g164",354.826222847476,-0.047300128975474,0.434754875185278,-0.108797236500951,0.913363315761109,0.944608487222698
"g207",394.908743265666,-0.034156913060744,0.316882200367103,-0.107790570190354,0.914161823204129,0.944857122518065
"g1622",276.957879048911,0.0465449765876466,0.46547314456302,0.0999949774360074,0.920348312886087,0.950670954067203
"g1233",44.3956025291891,0.0459162641709938,0.471566277329043,0.0973696940991287,0.922432810949635,0.952243139596178
"g1747",27.9694114603162,-0.0738289068538359,0.795544464167865,-0.092802992389697,0.926060073689462,0.954968416079513
"g1982",811.038430199083,0.0362952239648891,0.392290851297663,0.0925212093140275,0.926283940896718,0.954968416079513
"g556",128.401830067998,-0.0396553923494078,0.43143196290548,-0.091915749779753,0.926764977920047,0.954968416079513
"g433",1713.99028669232,-0.0386084582835779,0.433176884304522,-0.0891286208532684,0.928979691754341,0.956668259209307
"g1658",2881.05193918416,-0.0256132222453877,0.305954995860279,-0.0837156529291798,0.933282511595728,0.95970868770813
"g637",1112.55675535769,-0.0210871939440524,0.252824833753316,-0.0834063396028077,0.933528447804335,0.95970868770813
"g301",4.39128767410538,-0.140208352566886,1.68367498528603,-0.0832751889718589,0.933632728089362,0.95970868770813
"g1277",3.22798449942639,-0.137058090055792,1.70080551402905,-0.0805842225494169,0.935772613975246,0.961160273630891
"g1798",3.12580989781326,0.147433541747267,1.86631485802735,0.0789971430132109,0.93703489550842,0.961160273630891
"g1668",3.1966123810842,0.157579363094606,2.03276478397973,0.077519723057234,0.938210101752785,0.961160273630891
"g1368",10.3917484964308,0.0938894465500477,1.21383228004087,0.0773496043019108,0.938345430547865,0.961160273630891
"g1286",6344.68451953947,0.030260180407284,0.394820524582544,0.076642875745325,0.938907649332936,0.961160273630891
"g255",4950.30461273296,0.0436132565999382,0.570163437176078,0.0764925524090902,0.939027238933756,0.961160273630891
"g1702",13.9506494890267,0.0722919464343047,0.951435586068342,0.0759819660866794,0.939433445694899,0.961160273630891
"g1648",47.8573562481654,-0.0379904088621009,0.503519770404208,-0.0754496865765638,0.939856927664631,0.961160273630891
"g1231",1299.30893509807,-0.0242675336507171,0.323240459235291,-0.0750757925172123,0.940154408229626,0.961160273630891
"g1582",142.711104391003,0.0391592953787591,0.532728761867131,0.0735070042802118,0.941402670545949,0.96156539602991
"g1448",3123.69894172678,-0.0409920751611041,0.560382393397896,-0.0731501839530456,0.941686607570933,0.96156539602991
"g978",104.219122781832,-0.0282384483268593,0.410579259967752,-0.0687770939259747,0.945167051302605,0.963919708667132
"g680",1087.92317054098,-0.0299167565285726,0.440503440039508,-0.0679149214496245,0.945853360579695,0.963919708667132
"g244",13.1750941296836,-0.0534450541529229,0.788676194873733,-0.067765522150037,0.945972289984852,0.963919708667132
"g1310",298.102847017405,0.0415661694685687,0.629490439114022,0.0660314547859871,0.94735278279646,0.963919708667132
"g1665",7.02873686206656,0.0771874599662454,1.19084492065761,0.0648173902640665,0.948319395137772,0.963919708667132
"g443",437.977595729366,0.022772565675308,0.352483009306121,0.0646061372437122,0.948487598107445,0.963919708667132
"g869",2649.98933266836,0.0297367592183251,0.462481758576126,0.0642982315883716,0.948732761531125,0.963919708667132
"g1893",582.019150875571,0.0178303834508158,0.277403944234064,0.0642758829548981,0.948750556351264,0.963919708667132
"g361",536.834158371385,0.0224105603006318,0.351172659301099,0.063816358440982,0.949116452656886,0.963919708667132
"g1309",1592.27903456717,0.017500389234361,0.300869663382008,0.0581660146046066,0.95361639128697,0.967909202906978
"g964",31.2622053745316,0.0301031093036846,0.554715497764512,0.0542676550862546,0.956721919066368,0.970479454151805
"g1541",1654.54168829697,0.0242253841829483,0.461765249588924,0.0524625536558119,0.95816013207849,0.971356349466397
"g824",6.90259760614027,-0.0569042335267131,1.1073917555836,-0.0513858200946461,0.959018083770874,0.971644294329198
"g56",1478.29736347503,-0.0165815957050549,0.347320899387949,-0.0477414279828109,0.961922316972401,0.973340008118067
"g2014",36.8546940275223,-0.024808384344605,0.524134877126476,-0.0473320617025428,0.962248575166844,0.973340008118067
"g1000",11.9775466092349,-0.0512405328702744,1.08741682533778,-0.0471213353300449,0.96241652308898,0.973340008118067
"g706",745.534816826482,-0.0150357797665929,0.334047814397764,-0.045010861075981,0.964098651842767,0.974459114967047
"g1795",546.332625322963,0.0130252720967156,0.305580357743853,0.042624703344427,0.966000702961654,0.975685524183403
"g1887",4332.10031339095,-0.0224914742894662,0.544974181193278,-0.041270715321263,0.967080078960027,0.975685524183403
"g1933",3112.01087206484,-0.0250655436766205,0.616889760502634,-0.0406321279448656,0.967589170902301,0.975685524183403
"g1121",11.7582358989483,-0.0291771103493436,0.718702671001597,-0.0405969137538919,0.967617244597716,0.975685524183403
"g16",247.397286310277,-0.0152253609881553,0.391195331431215,-0.0389200988990647,0.968954092104172,0.976451951150216
"g1242",72.844667666675,0.0141378324301426,0.411883744166199,0.034324812839513,0.972618138740312,0.979561278338696
"g1876",19.7715839770197,0.0225860954158931,0.705912198857681,0.0319956156763438,0.974475547292412,0.980848455152232
"g1305",5704.88886416362,0.0133265307415465,0.451925614148411,0.02948832799986,0.976475127801567,0.982277119054102
"g358",71.2211382499601,-0.0167008869053035,0.710127871033849,-0.0235181403047726,0.981236968615887,0.986467248557556
"g1260",49.3555173322621,-0.012081219417527,0.546673262918945,-0.0220995249575947,0.982368565413399,0.986467248557556
"g819",3.66684574025121,0.0276803475808638,1.30123422982077,0.0212723789049697,0.983028377292936,0.986467248557556
"g2006",52.0690617798769,-0.0124198938645503,0.597760551266578,-0.0207773728765375,0.983423247671532,0.986467248557556
"g13",338.31156471657,0.00985793575079289,0.47822445728741,0.0206136168917608,0.983553878065655,0.986467248557556
"g1614",1674.48298857709,-0.00634250894696385,0.336459742798054,-0.0188507216174467,0.984960190998671,0.987292837987419
"g1930",18.7708003840016,0.0121639810628872,0.685030174184349,0.0177568544004221,0.985832824528342,0.987582823625137
"g1689",53.9100840890411,0.00349294569668048,0.540642161648628,0.0064607349268306,0.994845115212224,0.995767096185981
"g2003",10.7473664013852,-0.00471631143274402,0.780542156449436,-0.00604235324610497,0.995178928970277,0.995767096185981
"g951",521.985763537055,0.00144259552628416,0.377730343286755,0.00381911475189329,0.996952794711104,0.996952794711104
